2026-06-19 10:14:08,121:WARNING:
'cuml' is a soft dependency and not included in the pycaret installation. Please run: `pip install cuml` to install.
2026-06-19 10:14:08,122:WARNING:
'cuml' is a soft dependency and not included in the pycaret installation. Please run: `pip install cuml` to install.
2026-06-19 10:14:08,122:WARNING:
'cuml' is a soft dependency and not included in the pycaret installation. Please run: `pip install cuml` to install.
2026-06-19 10:14:08,122:WARNING:
'cuml' is a soft dependency and not included in the pycaret installation. Please run: `pip install cuml` to install.
2026-06-19 10:20:37,322:WARNING:c:\Users\Usuario\AppData\Local\Programs\Python\Python310\lib\site-packages\shap\explainers\_linear.py:95: FutureWarning: The feature_perturbation option is now deprecated in favor of using the appropriate masker (maskers.Independent, maskers.Partition or maskers.Impute).
  warnings.warn(wmsg, FutureWarning)

2026-06-19 10:20:42,108:INFO:PyCaret ClassificationExperiment
2026-06-19 10:20:42,108:INFO:Logging name: clf-default-name
2026-06-19 10:20:42,108:INFO:ML Usecase: MLUsecase.CLASSIFICATION
2026-06-19 10:20:42,108:INFO:version 3.3.2
2026-06-19 10:20:42,108:INFO:Initializing setup()
2026-06-19 10:20:42,108:INFO:self.USI: caf1
2026-06-19 10:20:42,108:INFO:self._variable_keys: {'X', 'exp_id', 'data', 'y_train', 'logging_param', 'html_param', 'seed', 'log_plots_param', '_available_plots', 'exp_name_log', 'fold_generator', 'gpu_param', 'X_train', 'fix_imbalance', 'X_test', 'is_multiclass', '_ml_usecase', 'idx', 'target_param', 'gpu_n_jobs_param', 'y', 'y_test', 'fold_groups_param', 'USI', 'fold_shuffle_param', 'memory', 'pipeline', 'n_jobs_param'}
2026-06-19 10:20:42,108:INFO:Checking environment
2026-06-19 10:20:42,108:INFO:python_version: 3.10.10
2026-06-19 10:20:42,108:INFO:python_build: ('tags/v3.10.10:aad5f6a', 'Feb  7 2023 17:20:36')
2026-06-19 10:20:42,108:INFO:machine: AMD64
2026-06-19 10:20:42,108:INFO:platform: Windows-10-10.0.26200-SP0
2026-06-19 10:20:42,122:INFO:Memory: svmem(total=16910159872, available=6942031872, percent=58.9, used=9968128000, free=6942031872)
2026-06-19 10:20:42,122:INFO:Physical Core: 4
2026-06-19 10:20:42,122:INFO:Logical Core: 8
2026-06-19 10:20:42,122:INFO:Checking libraries
2026-06-19 10:20:42,122:INFO:System:
2026-06-19 10:20:42,122:INFO:    python: 3.10.10 (tags/v3.10.10:aad5f6a, Feb  7 2023, 17:20:36) [MSC v.1929 64 bit (AMD64)]
2026-06-19 10:20:42,122:INFO:executable: c:\Users\Usuario\AppData\Local\Programs\Python\Python310\python.exe
2026-06-19 10:20:42,122:INFO:   machine: Windows-10-10.0.26200-SP0
2026-06-19 10:20:42,122:INFO:PyCaret required dependencies:
2026-06-19 10:20:42,222:INFO:                 pip: 22.3.1
2026-06-19 10:20:42,222:INFO:          setuptools: 65.5.0
2026-06-19 10:20:42,222:INFO:             pycaret: 3.3.2
2026-06-19 10:20:42,222:INFO:             IPython: 8.39.0
2026-06-19 10:20:42,222:INFO:          ipywidgets: 8.1.8
2026-06-19 10:20:42,222:INFO:                tqdm: 4.68.3
2026-06-19 10:20:42,222:INFO:               numpy: 1.26.4
2026-06-19 10:20:42,222:INFO:              pandas: 2.1.4
2026-06-19 10:20:42,222:INFO:              jinja2: 3.1.6
2026-06-19 10:20:42,222:INFO:               scipy: 1.11.4
2026-06-19 10:20:42,222:INFO:              joblib: 1.3.2
2026-06-19 10:20:42,222:INFO:             sklearn: 1.4.2
2026-06-19 10:20:42,222:INFO:                pyod: 3.4.0
2026-06-19 10:20:42,222:INFO:            imblearn: 0.14.2
2026-06-19 10:20:42,222:INFO:   category_encoders: 2.7.0
2026-06-19 10:20:42,222:INFO:            lightgbm: 4.6.0
2026-06-19 10:20:42,222:INFO:               numba: 0.65.1
2026-06-19 10:20:42,222:INFO:            requests: 2.34.2
2026-06-19 10:20:42,222:INFO:          matplotlib: 3.7.5
2026-06-19 10:20:42,222:INFO:          scikitplot: 0.3.7
2026-06-19 10:20:42,222:INFO:         yellowbrick: 1.5
2026-06-19 10:20:42,222:INFO:              plotly: 6.8.0
2026-06-19 10:20:42,222:INFO:    plotly-resampler: Not installed
2026-06-19 10:20:42,222:INFO:             kaleido: 1.3.0
2026-06-19 10:20:42,222:INFO:           schemdraw: 0.15
2026-06-19 10:20:42,222:INFO:         statsmodels: 0.14.6
2026-06-19 10:20:42,222:INFO:              sktime: 0.26.0
2026-06-19 10:20:42,222:INFO:               tbats: 1.1.3
2026-06-19 10:20:42,222:INFO:            pmdarima: 2.0.4
2026-06-19 10:20:42,222:INFO:              psutil: 7.2.2
2026-06-19 10:20:42,222:INFO:          markupsafe: 3.0.3
2026-06-19 10:20:42,222:INFO:             pickle5: Not installed
2026-06-19 10:20:42,222:INFO:         cloudpickle: 3.1.2
2026-06-19 10:20:42,222:INFO:         deprecation: 2.1.0
2026-06-19 10:20:42,222:INFO:              xxhash: 3.7.0
2026-06-19 10:20:42,222:INFO:           wurlitzer: Not installed
2026-06-19 10:20:42,222:INFO:PyCaret optional dependencies:
2026-06-19 10:20:42,239:INFO:                shap: 0.45.1
2026-06-19 10:20:42,239:INFO:           interpret: Not installed
2026-06-19 10:20:42,239:INFO:                umap: Not installed
2026-06-19 10:20:42,239:INFO:     ydata_profiling: Not installed
2026-06-19 10:20:42,239:INFO:  explainerdashboard: Not installed
2026-06-19 10:20:42,239:INFO:             autoviz: Not installed
2026-06-19 10:20:42,241:INFO:           fairlearn: Not installed
2026-06-19 10:20:42,241:INFO:          deepchecks: Not installed
2026-06-19 10:20:42,241:INFO:             xgboost: Not installed
2026-06-19 10:20:42,241:INFO:            catboost: Not installed
2026-06-19 10:20:42,241:INFO:              kmodes: Not installed
2026-06-19 10:20:42,241:INFO:             mlxtend: Not installed
2026-06-19 10:20:42,241:INFO:       statsforecast: Not installed
2026-06-19 10:20:42,241:INFO:        tune_sklearn: Not installed
2026-06-19 10:20:42,241:INFO:                 ray: Not installed
2026-06-19 10:20:42,241:INFO:            hyperopt: Not installed
2026-06-19 10:20:42,241:INFO:              optuna: 4.9.0
2026-06-19 10:20:42,241:INFO:               skopt: Not installed
2026-06-19 10:20:42,241:INFO:              mlflow: Not installed
2026-06-19 10:20:42,241:INFO:              gradio: Not installed
2026-06-19 10:20:42,241:INFO:             fastapi: Not installed
2026-06-19 10:20:42,241:INFO:             uvicorn: Not installed
2026-06-19 10:20:42,241:INFO:              m2cgen: Not installed
2026-06-19 10:20:42,241:INFO:           evidently: Not installed
2026-06-19 10:20:42,241:INFO:               fugue: Not installed
2026-06-19 10:20:42,241:INFO:           streamlit: Not installed
2026-06-19 10:20:42,241:INFO:             prophet: Not installed
2026-06-19 10:20:42,241:INFO:None
2026-06-19 10:20:42,241:INFO:Set up data.
2026-06-19 10:20:42,310:INFO:Set up folding strategy.
2026-06-19 10:20:42,310:INFO:Set up train/test split.
2026-06-19 10:20:42,384:INFO:Set up index.
2026-06-19 10:20:42,390:INFO:Assigning column types.
2026-06-19 10:20:42,456:INFO:Engine successfully changes for model 'lr' to 'sklearn'.
2026-06-19 10:20:42,501:INFO:Engine for model 'knn' has not been set explicitly, hence returning None.
2026-06-19 10:20:42,507:INFO:Engine for model 'rbfsvm' has not been set explicitly, hence returning None.
2026-06-19 10:20:42,544:WARNING:
'xgboost' is a soft dependency and not included in the pycaret installation. Please run: `pip install xgboost` to install.
Alternately, you can install this by running `pip install pycaret[models]`
2026-06-19 10:20:42,544:WARNING:
'catboost' is a soft dependency and not included in the pycaret installation. Please run: `pip install catboost` to install.
Alternately, you can install this by running `pip install pycaret[models]`
2026-06-19 10:20:42,583:INFO:Engine for model 'knn' has not been set explicitly, hence returning None.
2026-06-19 10:20:42,583:INFO:Engine for model 'rbfsvm' has not been set explicitly, hence returning None.
2026-06-19 10:20:42,608:WARNING:
'xgboost' is a soft dependency and not included in the pycaret installation. Please run: `pip install xgboost` to install.
Alternately, you can install this by running `pip install pycaret[models]`
2026-06-19 10:20:42,608:WARNING:
'catboost' is a soft dependency and not included in the pycaret installation. Please run: `pip install catboost` to install.
Alternately, you can install this by running `pip install pycaret[models]`
2026-06-19 10:20:42,608:INFO:Engine successfully changes for model 'knn' to 'sklearn'.
2026-06-19 10:20:42,639:INFO:Engine for model 'rbfsvm' has not been set explicitly, hence returning None.
2026-06-19 10:20:42,660:WARNING:
'xgboost' is a soft dependency and not included in the pycaret installation. Please run: `pip install xgboost` to install.
Alternately, you can install this by running `pip install pycaret[models]`
2026-06-19 10:20:42,660:WARNING:
'catboost' is a soft dependency and not included in the pycaret installation. Please run: `pip install catboost` to install.
Alternately, you can install this by running `pip install pycaret[models]`
2026-06-19 10:20:42,708:INFO:Engine for model 'rbfsvm' has not been set explicitly, hence returning None.
2026-06-19 10:20:42,733:WARNING:
'xgboost' is a soft dependency and not included in the pycaret installation. Please run: `pip install xgboost` to install.
Alternately, you can install this by running `pip install pycaret[models]`
2026-06-19 10:20:42,733:WARNING:
'catboost' is a soft dependency and not included in the pycaret installation. Please run: `pip install catboost` to install.
Alternately, you can install this by running `pip install pycaret[models]`
2026-06-19 10:20:42,733:INFO:Engine successfully changes for model 'rbfsvm' to 'sklearn'.
2026-06-19 10:20:42,799:WARNING:
'xgboost' is a soft dependency and not included in the pycaret installation. Please run: `pip install xgboost` to install.
Alternately, you can install this by running `pip install pycaret[models]`
2026-06-19 10:20:42,799:WARNING:
'catboost' is a soft dependency and not included in the pycaret installation. Please run: `pip install catboost` to install.
Alternately, you can install this by running `pip install pycaret[models]`
2026-06-19 10:20:42,855:WARNING:
'xgboost' is a soft dependency and not included in the pycaret installation. Please run: `pip install xgboost` to install.
Alternately, you can install this by running `pip install pycaret[models]`
2026-06-19 10:20:42,855:WARNING:
'catboost' is a soft dependency and not included in the pycaret installation. Please run: `pip install catboost` to install.
Alternately, you can install this by running `pip install pycaret[models]`
2026-06-19 10:20:42,872:INFO:Preparing preprocessing pipeline...
2026-06-19 10:20:42,872:INFO:Set up simple imputation.
2026-06-19 10:20:42,872:INFO:Set up imbalanced handling.
2026-06-19 10:20:42,872:INFO:Set up feature normalization.
2026-06-19 10:20:43,096:INFO:Finished creating preprocessing pipeline.
2026-06-19 10:20:43,096:INFO:Pipeline: Pipeline(memory=FastMemory(location=C:\Users\Usuario\AppData\Local\Temp\joblib),
         steps=[('numerical_imputer',
                 TransformerWrapper(exclude=None,
                                    include=['MinTemp', 'MaxTemp', 'Rainfall',
                                             'Evaporation', 'Sunshine',
                                             'WindGustSpeed', 'WindSpeed9am',
                                             'WindSpeed3pm', 'Humidity9am',
                                             'Humidity3pm', 'Pressure9am',
                                             'Pressure3pm', 'Cloud9am',
                                             'Cloud3pm', 'Temp9am', 'Temp3pm',
                                             '...
                                                              keep_empty_features=False,
                                                              missing_values=nan,
                                                              strategy='most_frequent'))),
                ('balance',
                 TransformerWrapper(exclude=None, include=None,
                                    transformer=FixImbalancer(estimator=SMOTE(k_neighbors=5,
                                                                              random_state=42,
                                                                              sampling_strategy='auto')))),
                ('normalize',
                 TransformerWrapper(exclude=None, include=None,
                                    transformer=StandardScaler(copy=True,
                                                               with_mean=True,
                                                               with_std=True)))],
         verbose=False)
2026-06-19 10:20:43,096:INFO:Creating final display dataframe.
2026-06-19 10:20:43,390:INFO:Setup _display_container:                     Description             Value
0                    Session id                42
1                        Target      RainTomorrow
2                   Target type            Binary
3           Original data shape      (113647, 27)
4        Transformed data shape      (157555, 27)
5   Transformed train set shape      (123460, 27)
6    Transformed test set shape       (34095, 27)
7              Numeric features                23
8                    Preprocess              True
9               Imputation type            simple
10           Numeric imputation              mean
11       Categorical imputation              mode
12                Fix imbalance              True
13         Fix imbalance method             SMOTE
14                    Normalize              True
15             Normalize method            zscore
16               Fold Generator   StratifiedKFold
17                  Fold Number                 5
18                     CPU Jobs                -1
19                      Use GPU             False
20               Log Experiment             False
21              Experiment Name  clf-default-name
22                          USI              caf1
2026-06-19 10:20:43,438:WARNING:
'xgboost' is a soft dependency and not included in the pycaret installation. Please run: `pip install xgboost` to install.
Alternately, you can install this by running `pip install pycaret[models]`
2026-06-19 10:20:43,438:WARNING:
'catboost' is a soft dependency and not included in the pycaret installation. Please run: `pip install catboost` to install.
Alternately, you can install this by running `pip install pycaret[models]`
2026-06-19 10:20:43,509:WARNING:
'xgboost' is a soft dependency and not included in the pycaret installation. Please run: `pip install xgboost` to install.
Alternately, you can install this by running `pip install pycaret[models]`
2026-06-19 10:20:43,509:WARNING:
'catboost' is a soft dependency and not included in the pycaret installation. Please run: `pip install catboost` to install.
Alternately, you can install this by running `pip install pycaret[models]`
2026-06-19 10:20:43,511:INFO:setup() successfully completed in 1.41s...............
2026-06-19 10:20:43,525:INFO:Initializing compare_models()
2026-06-19 10:20:43,525:INFO:compare_models(self=<pycaret.classification.oop.ClassificationExperiment object at 0x00000275BA5E1300>, include=None, fold=None, round=4, cross_validation=True, sort=F1, n_select=3, budget_time=None, turbo=True, errors=ignore, fit_kwargs=None, groups=None, experiment_custom_tags=None, probability_threshold=None, verbose=True, parallel=None, caller_params={'self': <pycaret.classification.oop.ClassificationExperiment object at 0x00000275BA5E1300>, 'include': None, 'exclude': None, 'fold': None, 'round': 4, 'cross_validation': True, 'sort': 'F1', 'n_select': 3, 'budget_time': None, 'turbo': True, 'errors': 'ignore', 'fit_kwargs': None, 'groups': None, 'experiment_custom_tags': None, 'probability_threshold': None, 'engine': None, 'verbose': True, 'parallel': None, '__class__': <class 'pycaret.classification.oop.ClassificationExperiment'>}, exclude=None)
2026-06-19 10:20:43,525:INFO:Checking exceptions
2026-06-19 10:20:43,617:INFO:Preparing display monitor
2026-06-19 10:20:43,645:INFO:Initializing Logistic Regression
2026-06-19 10:20:43,646:INFO:Total runtime is 1.5314420064290365e-05 minutes
2026-06-19 10:20:43,650:INFO:SubProcess create_model() called ==================================
2026-06-19 10:20:43,650:INFO:Initializing create_model()
2026-06-19 10:20:43,651:INFO:create_model(self=<pycaret.classification.oop.ClassificationExperiment object at 0x00000275BA5E1300>, estimator=lr, fold=StratifiedKFold(n_splits=5, random_state=None, shuffle=False), round=4, cross_validation=True, predict=True, fit_kwargs={}, groups=None, refit=False, probability_threshold=None, experiment_custom_tags=None, verbose=False, system=False, add_to_model_list=True, metrics=None, display=<pycaret.internal.display.display.CommonDisplay object at 0x00000275A9850F70>, model_only=True, return_train_score=False, error_score=0.0, kwargs={})
2026-06-19 10:20:43,651:INFO:Checking exceptions
2026-06-19 10:20:43,651:INFO:Importing libraries
2026-06-19 10:20:43,651:INFO:Copying training dataset
2026-06-19 10:20:43,734:INFO:Defining folds
2026-06-19 10:20:43,734:INFO:Declaring metric variables
2026-06-19 10:20:43,739:INFO:Importing untrained model
2026-06-19 10:20:43,743:INFO:Logistic Regression Imported successfully
2026-06-19 10:20:43,743:INFO:Starting cross validation
2026-06-19 10:20:43,756:INFO:Cross validating with StratifiedKFold(n_splits=5, random_state=None, shuffle=False), n_jobs=-1
2026-06-19 10:20:50,905:INFO:Calculating mean and std
2026-06-19 10:20:50,906:INFO:Creating metrics dataframe
2026-06-19 10:20:50,909:INFO:Uploading results into container
2026-06-19 10:20:50,910:INFO:Uploading model into container now
2026-06-19 10:20:50,910:INFO:_master_model_container: 1
2026-06-19 10:20:50,910:INFO:_display_container: 2
2026-06-19 10:20:50,910:INFO:LogisticRegression(C=1.0, class_weight=None, dual=False, fit_intercept=True,
                   intercept_scaling=1, l1_ratio=None, max_iter=1000,
                   multi_class='auto', n_jobs=None, penalty='l2',
                   random_state=42, solver='lbfgs', tol=0.0001, verbose=0,
                   warm_start=False)
2026-06-19 10:20:50,910:INFO:create_model() successfully completed......................................
2026-06-19 10:20:51,309:INFO:SubProcess create_model() end ==================================
2026-06-19 10:20:51,309:INFO:Creating metrics dataframe
2026-06-19 10:20:51,315:INFO:Initializing K Neighbors Classifier
2026-06-19 10:20:51,315:INFO:Total runtime is 0.12784427007039387 minutes
2026-06-19 10:20:51,315:INFO:SubProcess create_model() called ==================================
2026-06-19 10:20:51,315:INFO:Initializing create_model()
2026-06-19 10:20:51,315:INFO:create_model(self=<pycaret.classification.oop.ClassificationExperiment object at 0x00000275BA5E1300>, estimator=knn, fold=StratifiedKFold(n_splits=5, random_state=None, shuffle=False), round=4, cross_validation=True, predict=True, fit_kwargs={}, groups=None, refit=False, probability_threshold=None, experiment_custom_tags=None, verbose=False, system=False, add_to_model_list=True, metrics=None, display=<pycaret.internal.display.display.CommonDisplay object at 0x00000275A9850F70>, model_only=True, return_train_score=False, error_score=0.0, kwargs={})
2026-06-19 10:20:51,315:INFO:Checking exceptions
2026-06-19 10:20:51,315:INFO:Importing libraries
2026-06-19 10:20:51,315:INFO:Copying training dataset
2026-06-19 10:20:51,437:INFO:Defining folds
2026-06-19 10:20:51,437:INFO:Declaring metric variables
2026-06-19 10:20:51,437:INFO:Importing untrained model
2026-06-19 10:20:51,437:INFO:K Neighbors Classifier Imported successfully
2026-06-19 10:20:51,453:INFO:Starting cross validation
2026-06-19 10:20:51,453:INFO:Cross validating with StratifiedKFold(n_splits=5, random_state=None, shuffle=False), n_jobs=-1
2026-06-19 10:21:23,798:INFO:Calculating mean and std
2026-06-19 10:21:23,800:INFO:Creating metrics dataframe
2026-06-19 10:21:23,803:INFO:Uploading results into container
2026-06-19 10:21:23,803:INFO:Uploading model into container now
2026-06-19 10:21:23,803:INFO:_master_model_container: 2
2026-06-19 10:21:23,803:INFO:_display_container: 2
2026-06-19 10:21:23,803:INFO:KNeighborsClassifier(algorithm='auto', leaf_size=30, metric='minkowski',
                     metric_params=None, n_jobs=-1, n_neighbors=5, p=2,
                     weights='uniform')
2026-06-19 10:21:23,803:INFO:create_model() successfully completed......................................
2026-06-19 10:21:23,952:INFO:SubProcess create_model() end ==================================
2026-06-19 10:21:23,952:INFO:Creating metrics dataframe
2026-06-19 10:21:23,959:INFO:Initializing Naive Bayes
2026-06-19 10:21:23,959:INFO:Total runtime is 0.6719105084737143 minutes
2026-06-19 10:21:23,964:INFO:SubProcess create_model() called ==================================
2026-06-19 10:21:23,964:INFO:Initializing create_model()
2026-06-19 10:21:23,964:INFO:create_model(self=<pycaret.classification.oop.ClassificationExperiment object at 0x00000275BA5E1300>, estimator=nb, fold=StratifiedKFold(n_splits=5, random_state=None, shuffle=False), round=4, cross_validation=True, predict=True, fit_kwargs={}, groups=None, refit=False, probability_threshold=None, experiment_custom_tags=None, verbose=False, system=False, add_to_model_list=True, metrics=None, display=<pycaret.internal.display.display.CommonDisplay object at 0x00000275A9850F70>, model_only=True, return_train_score=False, error_score=0.0, kwargs={})
2026-06-19 10:21:23,964:INFO:Checking exceptions
2026-06-19 10:21:23,964:INFO:Importing libraries
2026-06-19 10:21:23,964:INFO:Copying training dataset
2026-06-19 10:21:24,059:INFO:Defining folds
2026-06-19 10:21:24,059:INFO:Declaring metric variables
2026-06-19 10:21:24,062:INFO:Importing untrained model
2026-06-19 10:21:24,065:INFO:Naive Bayes Imported successfully
2026-06-19 10:21:24,070:INFO:Starting cross validation
2026-06-19 10:21:24,070:INFO:Cross validating with StratifiedKFold(n_splits=5, random_state=None, shuffle=False), n_jobs=-1
2026-06-19 10:21:27,216:INFO:Calculating mean and std
2026-06-19 10:21:27,219:INFO:Creating metrics dataframe
2026-06-19 10:21:27,222:INFO:Uploading results into container
2026-06-19 10:21:27,223:INFO:Uploading model into container now
2026-06-19 10:21:27,223:INFO:_master_model_container: 3
2026-06-19 10:21:27,223:INFO:_display_container: 2
2026-06-19 10:21:27,224:INFO:GaussianNB(priors=None, var_smoothing=1e-09)
2026-06-19 10:21:27,224:INFO:create_model() successfully completed......................................
2026-06-19 10:21:27,387:INFO:SubProcess create_model() end ==================================
2026-06-19 10:21:27,387:INFO:Creating metrics dataframe
2026-06-19 10:21:27,387:INFO:Initializing Decision Tree Classifier
2026-06-19 10:21:27,387:INFO:Total runtime is 0.7290317614873251 minutes
2026-06-19 10:21:27,402:INFO:SubProcess create_model() called ==================================
2026-06-19 10:21:27,402:INFO:Initializing create_model()
2026-06-19 10:21:27,402:INFO:create_model(self=<pycaret.classification.oop.ClassificationExperiment object at 0x00000275BA5E1300>, estimator=dt, fold=StratifiedKFold(n_splits=5, random_state=None, shuffle=False), round=4, cross_validation=True, predict=True, fit_kwargs={}, groups=None, refit=False, probability_threshold=None, experiment_custom_tags=None, verbose=False, system=False, add_to_model_list=True, metrics=None, display=<pycaret.internal.display.display.CommonDisplay object at 0x00000275A9850F70>, model_only=True, return_train_score=False, error_score=0.0, kwargs={})
2026-06-19 10:21:27,402:INFO:Checking exceptions
2026-06-19 10:21:27,402:INFO:Importing libraries
2026-06-19 10:21:27,402:INFO:Copying training dataset
2026-06-19 10:21:27,500:INFO:Defining folds
2026-06-19 10:21:27,500:INFO:Declaring metric variables
2026-06-19 10:21:27,500:INFO:Importing untrained model
2026-06-19 10:21:27,509:INFO:Decision Tree Classifier Imported successfully
2026-06-19 10:21:27,517:INFO:Starting cross validation
2026-06-19 10:21:27,519:INFO:Cross validating with StratifiedKFold(n_splits=5, random_state=None, shuffle=False), n_jobs=-1
2026-06-19 10:21:34,285:INFO:Calculating mean and std
2026-06-19 10:21:34,285:INFO:Creating metrics dataframe
2026-06-19 10:21:34,285:INFO:Uploading results into container
2026-06-19 10:21:34,285:INFO:Uploading model into container now
2026-06-19 10:21:34,285:INFO:_master_model_container: 4
2026-06-19 10:21:34,285:INFO:_display_container: 2
2026-06-19 10:21:34,285:INFO:DecisionTreeClassifier(ccp_alpha=0.0, class_weight=None, criterion='gini',
                       max_depth=None, max_features=None, max_leaf_nodes=None,
                       min_impurity_decrease=0.0, min_samples_leaf=1,
                       min_samples_split=2, min_weight_fraction_leaf=0.0,
                       monotonic_cst=None, random_state=42, splitter='best')
2026-06-19 10:21:34,285:INFO:create_model() successfully completed......................................
2026-06-19 10:21:34,442:INFO:SubProcess create_model() end ==================================
2026-06-19 10:21:34,442:INFO:Creating metrics dataframe
2026-06-19 10:21:34,450:INFO:Initializing SVM - Linear Kernel
2026-06-19 10:21:34,450:INFO:Total runtime is 0.84675745566686 minutes
2026-06-19 10:21:34,450:INFO:SubProcess create_model() called ==================================
2026-06-19 10:21:34,450:INFO:Initializing create_model()
2026-06-19 10:21:34,450:INFO:create_model(self=<pycaret.classification.oop.ClassificationExperiment object at 0x00000275BA5E1300>, estimator=svm, fold=StratifiedKFold(n_splits=5, random_state=None, shuffle=False), round=4, cross_validation=True, predict=True, fit_kwargs={}, groups=None, refit=False, probability_threshold=None, experiment_custom_tags=None, verbose=False, system=False, add_to_model_list=True, metrics=None, display=<pycaret.internal.display.display.CommonDisplay object at 0x00000275A9850F70>, model_only=True, return_train_score=False, error_score=0.0, kwargs={})
2026-06-19 10:21:34,450:INFO:Checking exceptions
2026-06-19 10:21:34,450:INFO:Importing libraries
2026-06-19 10:21:34,450:INFO:Copying training dataset
2026-06-19 10:21:34,551:INFO:Defining folds
2026-06-19 10:21:34,552:INFO:Declaring metric variables
2026-06-19 10:21:34,556:INFO:Importing untrained model
2026-06-19 10:21:34,556:INFO:SVM - Linear Kernel Imported successfully
2026-06-19 10:21:34,566:INFO:Starting cross validation
2026-06-19 10:21:34,568:INFO:Cross validating with StratifiedKFold(n_splits=5, random_state=None, shuffle=False), n_jobs=-1
2026-06-19 10:21:38,352:INFO:Calculating mean and std
2026-06-19 10:21:38,352:INFO:Creating metrics dataframe
2026-06-19 10:21:38,358:INFO:Uploading results into container
2026-06-19 10:21:38,359:INFO:Uploading model into container now
2026-06-19 10:21:38,360:INFO:_master_model_container: 5
2026-06-19 10:21:38,360:INFO:_display_container: 2
2026-06-19 10:21:38,362:INFO:SGDClassifier(alpha=0.0001, average=False, class_weight=None,
              early_stopping=False, epsilon=0.1, eta0=0.001, fit_intercept=True,
              l1_ratio=0.15, learning_rate='optimal', loss='hinge',
              max_iter=1000, n_iter_no_change=5, n_jobs=-1, penalty='l2',
              power_t=0.5, random_state=42, shuffle=True, tol=0.001,
              validation_fraction=0.1, verbose=0, warm_start=False)
2026-06-19 10:21:38,362:INFO:create_model() successfully completed......................................
2026-06-19 10:21:38,511:INFO:SubProcess create_model() end ==================================
2026-06-19 10:21:38,511:INFO:Creating metrics dataframe
2026-06-19 10:21:38,516:INFO:Initializing Ridge Classifier
2026-06-19 10:21:38,516:INFO:Total runtime is 0.9145146449406942 minutes
2026-06-19 10:21:38,521:INFO:SubProcess create_model() called ==================================
2026-06-19 10:21:38,521:INFO:Initializing create_model()
2026-06-19 10:21:38,521:INFO:create_model(self=<pycaret.classification.oop.ClassificationExperiment object at 0x00000275BA5E1300>, estimator=ridge, fold=StratifiedKFold(n_splits=5, random_state=None, shuffle=False), round=4, cross_validation=True, predict=True, fit_kwargs={}, groups=None, refit=False, probability_threshold=None, experiment_custom_tags=None, verbose=False, system=False, add_to_model_list=True, metrics=None, display=<pycaret.internal.display.display.CommonDisplay object at 0x00000275A9850F70>, model_only=True, return_train_score=False, error_score=0.0, kwargs={})
2026-06-19 10:21:38,521:INFO:Checking exceptions
2026-06-19 10:21:38,521:INFO:Importing libraries
2026-06-19 10:21:38,521:INFO:Copying training dataset
2026-06-19 10:21:38,608:INFO:Defining folds
2026-06-19 10:21:38,608:INFO:Declaring metric variables
2026-06-19 10:21:38,611:INFO:Importing untrained model
2026-06-19 10:21:38,613:INFO:Ridge Classifier Imported successfully
2026-06-19 10:21:38,621:INFO:Starting cross validation
2026-06-19 10:21:38,621:INFO:Cross validating with StratifiedKFold(n_splits=5, random_state=None, shuffle=False), n_jobs=-1
2026-06-19 10:21:41,694:INFO:Calculating mean and std
2026-06-19 10:21:41,694:INFO:Creating metrics dataframe
2026-06-19 10:21:41,698:INFO:Uploading results into container
2026-06-19 10:21:41,698:INFO:Uploading model into container now
2026-06-19 10:21:41,699:INFO:_master_model_container: 6
2026-06-19 10:21:41,699:INFO:_display_container: 2
2026-06-19 10:21:41,700:INFO:RidgeClassifier(alpha=1.0, class_weight=None, copy_X=True, fit_intercept=True,
                max_iter=None, positive=False, random_state=42, solver='auto',
                tol=0.0001)
2026-06-19 10:21:41,700:INFO:create_model() successfully completed......................................
2026-06-19 10:21:41,866:INFO:SubProcess create_model() end ==================================
2026-06-19 10:21:41,866:INFO:Creating metrics dataframe
2026-06-19 10:21:41,866:INFO:Initializing Random Forest Classifier
2026-06-19 10:21:41,866:INFO:Total runtime is 0.9703463355700176 minutes
2026-06-19 10:21:41,877:INFO:SubProcess create_model() called ==================================
2026-06-19 10:21:41,877:INFO:Initializing create_model()
2026-06-19 10:21:41,877:INFO:create_model(self=<pycaret.classification.oop.ClassificationExperiment object at 0x00000275BA5E1300>, estimator=rf, fold=StratifiedKFold(n_splits=5, random_state=None, shuffle=False), round=4, cross_validation=True, predict=True, fit_kwargs={}, groups=None, refit=False, probability_threshold=None, experiment_custom_tags=None, verbose=False, system=False, add_to_model_list=True, metrics=None, display=<pycaret.internal.display.display.CommonDisplay object at 0x00000275A9850F70>, model_only=True, return_train_score=False, error_score=0.0, kwargs={})
2026-06-19 10:21:41,877:INFO:Checking exceptions
2026-06-19 10:21:41,877:INFO:Importing libraries
2026-06-19 10:21:41,877:INFO:Copying training dataset
2026-06-19 10:21:41,978:INFO:Defining folds
2026-06-19 10:21:41,978:INFO:Declaring metric variables
2026-06-19 10:21:41,981:INFO:Importing untrained model
2026-06-19 10:21:41,981:INFO:Random Forest Classifier Imported successfully
2026-06-19 10:21:41,981:INFO:Starting cross validation
2026-06-19 10:21:41,981:INFO:Cross validating with StratifiedKFold(n_splits=5, random_state=None, shuffle=False), n_jobs=-1
2026-06-19 10:22:32,047:INFO:Calculating mean and std
2026-06-19 10:22:32,049:INFO:Creating metrics dataframe
2026-06-19 10:22:32,052:INFO:Uploading results into container
2026-06-19 10:22:32,052:INFO:Uploading model into container now
2026-06-19 10:22:32,052:INFO:_master_model_container: 7
2026-06-19 10:22:32,052:INFO:_display_container: 2
2026-06-19 10:22:32,052:INFO:RandomForestClassifier(bootstrap=True, ccp_alpha=0.0, class_weight=None,
                       criterion='gini', max_depth=None, max_features='sqrt',
                       max_leaf_nodes=None, max_samples=None,
                       min_impurity_decrease=0.0, min_samples_leaf=1,
                       min_samples_split=2, min_weight_fraction_leaf=0.0,
                       monotonic_cst=None, n_estimators=100, n_jobs=-1,
                       oob_score=False, random_state=42, verbose=0,
                       warm_start=False)
2026-06-19 10:22:32,052:INFO:create_model() successfully completed......................................
2026-06-19 10:22:32,278:INFO:SubProcess create_model() end ==================================
2026-06-19 10:22:32,278:INFO:Creating metrics dataframe
2026-06-19 10:22:32,288:INFO:Initializing Quadratic Discriminant Analysis
2026-06-19 10:22:32,288:INFO:Total runtime is 1.8107276082038881 minutes
2026-06-19 10:22:32,292:INFO:SubProcess create_model() called ==================================
2026-06-19 10:22:32,292:INFO:Initializing create_model()
2026-06-19 10:22:32,292:INFO:create_model(self=<pycaret.classification.oop.ClassificationExperiment object at 0x00000275BA5E1300>, estimator=qda, fold=StratifiedKFold(n_splits=5, random_state=None, shuffle=False), round=4, cross_validation=True, predict=True, fit_kwargs={}, groups=None, refit=False, probability_threshold=None, experiment_custom_tags=None, verbose=False, system=False, add_to_model_list=True, metrics=None, display=<pycaret.internal.display.display.CommonDisplay object at 0x00000275A9850F70>, model_only=True, return_train_score=False, error_score=0.0, kwargs={})
2026-06-19 10:22:32,292:INFO:Checking exceptions
2026-06-19 10:22:32,292:INFO:Importing libraries
2026-06-19 10:22:32,292:INFO:Copying training dataset
2026-06-19 10:22:32,395:INFO:Defining folds
2026-06-19 10:22:32,395:INFO:Declaring metric variables
2026-06-19 10:22:32,395:INFO:Importing untrained model
2026-06-19 10:22:32,395:INFO:Quadratic Discriminant Analysis Imported successfully
2026-06-19 10:22:32,410:INFO:Starting cross validation
2026-06-19 10:22:32,411:INFO:Cross validating with StratifiedKFold(n_splits=5, random_state=None, shuffle=False), n_jobs=-1
2026-06-19 10:22:36,474:INFO:Calculating mean and std
2026-06-19 10:22:36,477:INFO:Creating metrics dataframe
2026-06-19 10:22:36,479:INFO:Uploading results into container
2026-06-19 10:22:36,480:INFO:Uploading model into container now
2026-06-19 10:22:36,482:INFO:_master_model_container: 8
2026-06-19 10:22:36,482:INFO:_display_container: 2
2026-06-19 10:22:36,482:INFO:QuadraticDiscriminantAnalysis(priors=None, reg_param=0.0,
                              store_covariance=False, tol=0.0001)
2026-06-19 10:22:36,482:INFO:create_model() successfully completed......................................
2026-06-19 10:22:36,660:INFO:SubProcess create_model() end ==================================
2026-06-19 10:22:36,660:INFO:Creating metrics dataframe
2026-06-19 10:22:36,667:INFO:Initializing Ada Boost Classifier
2026-06-19 10:22:36,667:INFO:Total runtime is 1.8837113976478579 minutes
2026-06-19 10:22:36,676:INFO:SubProcess create_model() called ==================================
2026-06-19 10:22:36,676:INFO:Initializing create_model()
2026-06-19 10:22:36,676:INFO:create_model(self=<pycaret.classification.oop.ClassificationExperiment object at 0x00000275BA5E1300>, estimator=ada, fold=StratifiedKFold(n_splits=5, random_state=None, shuffle=False), round=4, cross_validation=True, predict=True, fit_kwargs={}, groups=None, refit=False, probability_threshold=None, experiment_custom_tags=None, verbose=False, system=False, add_to_model_list=True, metrics=None, display=<pycaret.internal.display.display.CommonDisplay object at 0x00000275A9850F70>, model_only=True, return_train_score=False, error_score=0.0, kwargs={})
2026-06-19 10:22:36,676:INFO:Checking exceptions
2026-06-19 10:22:36,676:INFO:Importing libraries
2026-06-19 10:22:36,676:INFO:Copying training dataset
2026-06-19 10:22:36,769:INFO:Defining folds
2026-06-19 10:22:36,769:INFO:Declaring metric variables
2026-06-19 10:22:36,773:INFO:Importing untrained model
2026-06-19 10:22:36,779:INFO:Ada Boost Classifier Imported successfully
2026-06-19 10:22:36,787:INFO:Starting cross validation
2026-06-19 10:22:36,787:INFO:Cross validating with StratifiedKFold(n_splits=5, random_state=None, shuffle=False), n_jobs=-1
2026-06-19 10:22:39,427:WARNING:c:\Users\Usuario\AppData\Local\Programs\Python\Python310\lib\site-packages\sklearn\ensemble\_weight_boosting.py:519: FutureWarning: The SAMME.R algorithm (the default) is deprecated and will be removed in 1.6. Use the SAMME algorithm to circumvent this warning.
  warnings.warn(

2026-06-19 10:22:39,579:WARNING:c:\Users\Usuario\AppData\Local\Programs\Python\Python310\lib\site-packages\sklearn\ensemble\_weight_boosting.py:519: FutureWarning: The SAMME.R algorithm (the default) is deprecated and will be removed in 1.6. Use the SAMME algorithm to circumvent this warning.
  warnings.warn(

2026-06-19 10:22:39,594:WARNING:c:\Users\Usuario\AppData\Local\Programs\Python\Python310\lib\site-packages\sklearn\ensemble\_weight_boosting.py:519: FutureWarning: The SAMME.R algorithm (the default) is deprecated and will be removed in 1.6. Use the SAMME algorithm to circumvent this warning.
  warnings.warn(

2026-06-19 10:22:39,791:WARNING:c:\Users\Usuario\AppData\Local\Programs\Python\Python310\lib\site-packages\sklearn\ensemble\_weight_boosting.py:519: FutureWarning: The SAMME.R algorithm (the default) is deprecated and will be removed in 1.6. Use the SAMME algorithm to circumvent this warning.
  warnings.warn(

2026-06-19 10:22:39,813:WARNING:c:\Users\Usuario\AppData\Local\Programs\Python\Python310\lib\site-packages\sklearn\ensemble\_weight_boosting.py:519: FutureWarning: The SAMME.R algorithm (the default) is deprecated and will be removed in 1.6. Use the SAMME algorithm to circumvent this warning.
  warnings.warn(

2026-06-19 10:22:56,089:INFO:Calculating mean and std
2026-06-19 10:22:56,089:INFO:Creating metrics dataframe
2026-06-19 10:22:56,094:INFO:Uploading results into container
2026-06-19 10:22:56,095:INFO:Uploading model into container now
2026-06-19 10:22:56,096:INFO:_master_model_container: 9
2026-06-19 10:22:56,096:INFO:_display_container: 2
2026-06-19 10:22:56,096:INFO:AdaBoostClassifier(algorithm='SAMME.R', estimator=None, learning_rate=1.0,
                   n_estimators=50, random_state=42)
2026-06-19 10:22:56,096:INFO:create_model() successfully completed......................................
2026-06-19 10:22:56,240:INFO:SubProcess create_model() end ==================================
2026-06-19 10:22:56,240:INFO:Creating metrics dataframe
2026-06-19 10:22:56,259:INFO:Initializing Gradient Boosting Classifier
2026-06-19 10:22:56,260:INFO:Total runtime is 2.210242533683777 minutes
2026-06-19 10:22:56,263:INFO:SubProcess create_model() called ==================================
2026-06-19 10:22:56,263:INFO:Initializing create_model()
2026-06-19 10:22:56,263:INFO:create_model(self=<pycaret.classification.oop.ClassificationExperiment object at 0x00000275BA5E1300>, estimator=gbc, fold=StratifiedKFold(n_splits=5, random_state=None, shuffle=False), round=4, cross_validation=True, predict=True, fit_kwargs={}, groups=None, refit=False, probability_threshold=None, experiment_custom_tags=None, verbose=False, system=False, add_to_model_list=True, metrics=None, display=<pycaret.internal.display.display.CommonDisplay object at 0x00000275A9850F70>, model_only=True, return_train_score=False, error_score=0.0, kwargs={})
2026-06-19 10:22:56,263:INFO:Checking exceptions
2026-06-19 10:22:56,263:INFO:Importing libraries
2026-06-19 10:22:56,263:INFO:Copying training dataset
2026-06-19 10:22:56,358:INFO:Defining folds
2026-06-19 10:22:56,358:INFO:Declaring metric variables
2026-06-19 10:22:56,361:INFO:Importing untrained model
2026-06-19 10:22:56,365:INFO:Gradient Boosting Classifier Imported successfully
2026-06-19 10:22:56,365:INFO:Starting cross validation
2026-06-19 10:22:56,372:INFO:Cross validating with StratifiedKFold(n_splits=5, random_state=None, shuffle=False), n_jobs=-1
2026-06-19 10:24:14,161:INFO:Calculating mean and std
2026-06-19 10:24:14,162:INFO:Creating metrics dataframe
2026-06-19 10:24:14,162:INFO:Uploading results into container
2026-06-19 10:24:14,162:INFO:Uploading model into container now
2026-06-19 10:24:14,166:INFO:_master_model_container: 10
2026-06-19 10:24:14,166:INFO:_display_container: 2
2026-06-19 10:24:14,166:INFO:GradientBoostingClassifier(ccp_alpha=0.0, criterion='friedman_mse', init=None,
                           learning_rate=0.1, loss='log_loss', max_depth=3,
                           max_features=None, max_leaf_nodes=None,
                           min_impurity_decrease=0.0, min_samples_leaf=1,
                           min_samples_split=2, min_weight_fraction_leaf=0.0,
                           n_estimators=100, n_iter_no_change=None,
                           random_state=42, subsample=1.0, tol=0.0001,
                           validation_fraction=0.1, verbose=0,
                           warm_start=False)
2026-06-19 10:24:14,166:INFO:create_model() successfully completed......................................
2026-06-19 10:24:14,312:INFO:SubProcess create_model() end ==================================
2026-06-19 10:24:14,312:INFO:Creating metrics dataframe
2026-06-19 10:24:14,319:INFO:Initializing Linear Discriminant Analysis
2026-06-19 10:24:14,319:INFO:Total runtime is 3.511231033007304 minutes
2026-06-19 10:24:14,319:INFO:SubProcess create_model() called ==================================
2026-06-19 10:24:14,319:INFO:Initializing create_model()
2026-06-19 10:24:14,319:INFO:create_model(self=<pycaret.classification.oop.ClassificationExperiment object at 0x00000275BA5E1300>, estimator=lda, fold=StratifiedKFold(n_splits=5, random_state=None, shuffle=False), round=4, cross_validation=True, predict=True, fit_kwargs={}, groups=None, refit=False, probability_threshold=None, experiment_custom_tags=None, verbose=False, system=False, add_to_model_list=True, metrics=None, display=<pycaret.internal.display.display.CommonDisplay object at 0x00000275A9850F70>, model_only=True, return_train_score=False, error_score=0.0, kwargs={})
2026-06-19 10:24:14,319:INFO:Checking exceptions
2026-06-19 10:24:14,319:INFO:Importing libraries
2026-06-19 10:24:14,319:INFO:Copying training dataset
2026-06-19 10:24:14,412:INFO:Defining folds
2026-06-19 10:24:14,412:INFO:Declaring metric variables
2026-06-19 10:24:14,412:INFO:Importing untrained model
2026-06-19 10:24:14,424:INFO:Linear Discriminant Analysis Imported successfully
2026-06-19 10:24:14,463:INFO:Starting cross validation
2026-06-19 10:24:14,465:INFO:Cross validating with StratifiedKFold(n_splits=5, random_state=None, shuffle=False), n_jobs=-1
2026-06-19 10:24:17,731:INFO:Calculating mean and std
2026-06-19 10:24:17,731:INFO:Creating metrics dataframe
2026-06-19 10:24:17,733:INFO:Uploading results into container
2026-06-19 10:24:17,735:INFO:Uploading model into container now
2026-06-19 10:24:17,735:INFO:_master_model_container: 11
2026-06-19 10:24:17,735:INFO:_display_container: 2
2026-06-19 10:24:17,735:INFO:LinearDiscriminantAnalysis(covariance_estimator=None, n_components=None,
                           priors=None, shrinkage=None, solver='svd',
                           store_covariance=False, tol=0.0001)
2026-06-19 10:24:17,735:INFO:create_model() successfully completed......................................
2026-06-19 10:24:17,892:INFO:SubProcess create_model() end ==================================
2026-06-19 10:24:17,892:INFO:Creating metrics dataframe
2026-06-19 10:24:17,900:INFO:Initializing Extra Trees Classifier
2026-06-19 10:24:17,900:INFO:Total runtime is 3.5709230422973635 minutes
2026-06-19 10:24:17,900:INFO:SubProcess create_model() called ==================================
2026-06-19 10:24:17,900:INFO:Initializing create_model()
2026-06-19 10:24:17,900:INFO:create_model(self=<pycaret.classification.oop.ClassificationExperiment object at 0x00000275BA5E1300>, estimator=et, fold=StratifiedKFold(n_splits=5, random_state=None, shuffle=False), round=4, cross_validation=True, predict=True, fit_kwargs={}, groups=None, refit=False, probability_threshold=None, experiment_custom_tags=None, verbose=False, system=False, add_to_model_list=True, metrics=None, display=<pycaret.internal.display.display.CommonDisplay object at 0x00000275A9850F70>, model_only=True, return_train_score=False, error_score=0.0, kwargs={})
2026-06-19 10:24:17,900:INFO:Checking exceptions
2026-06-19 10:24:17,900:INFO:Importing libraries
2026-06-19 10:24:17,900:INFO:Copying training dataset
2026-06-19 10:24:17,995:INFO:Defining folds
2026-06-19 10:24:17,995:INFO:Declaring metric variables
2026-06-19 10:24:17,999:INFO:Importing untrained model
2026-06-19 10:24:18,003:INFO:Extra Trees Classifier Imported successfully
2026-06-19 10:24:18,003:INFO:Starting cross validation
2026-06-19 10:24:18,003:INFO:Cross validating with StratifiedKFold(n_splits=5, random_state=None, shuffle=False), n_jobs=-1
2026-06-19 10:24:42,243:INFO:Calculating mean and std
2026-06-19 10:24:42,245:INFO:Creating metrics dataframe
2026-06-19 10:24:42,249:INFO:Uploading results into container
2026-06-19 10:24:42,249:INFO:Uploading model into container now
2026-06-19 10:24:42,249:INFO:_master_model_container: 12
2026-06-19 10:24:42,249:INFO:_display_container: 2
2026-06-19 10:24:42,249:INFO:ExtraTreesClassifier(bootstrap=False, ccp_alpha=0.0, class_weight=None,
                     criterion='gini', max_depth=None, max_features='sqrt',
                     max_leaf_nodes=None, max_samples=None,
                     min_impurity_decrease=0.0, min_samples_leaf=1,
                     min_samples_split=2, min_weight_fraction_leaf=0.0,
                     monotonic_cst=None, n_estimators=100, n_jobs=-1,
                     oob_score=False, random_state=42, verbose=0,
                     warm_start=False)
2026-06-19 10:24:42,249:INFO:create_model() successfully completed......................................
2026-06-19 10:24:42,533:INFO:SubProcess create_model() end ==================================
2026-06-19 10:24:42,533:INFO:Creating metrics dataframe
2026-06-19 10:24:42,551:INFO:Initializing Light Gradient Boosting Machine
2026-06-19 10:24:42,551:INFO:Total runtime is 3.981769895553589 minutes
2026-06-19 10:24:42,557:INFO:SubProcess create_model() called ==================================
2026-06-19 10:24:42,558:INFO:Initializing create_model()
2026-06-19 10:24:42,558:INFO:create_model(self=<pycaret.classification.oop.ClassificationExperiment object at 0x00000275BA5E1300>, estimator=lightgbm, fold=StratifiedKFold(n_splits=5, random_state=None, shuffle=False), round=4, cross_validation=True, predict=True, fit_kwargs={}, groups=None, refit=False, probability_threshold=None, experiment_custom_tags=None, verbose=False, system=False, add_to_model_list=True, metrics=None, display=<pycaret.internal.display.display.CommonDisplay object at 0x00000275A9850F70>, model_only=True, return_train_score=False, error_score=0.0, kwargs={})
2026-06-19 10:24:42,558:INFO:Checking exceptions
2026-06-19 10:24:42,559:INFO:Importing libraries
2026-06-19 10:24:42,559:INFO:Copying training dataset
2026-06-19 10:24:42,715:INFO:Defining folds
2026-06-19 10:24:42,715:INFO:Declaring metric variables
2026-06-19 10:24:42,725:INFO:Importing untrained model
2026-06-19 10:24:42,729:INFO:Light Gradient Boosting Machine Imported successfully
2026-06-19 10:24:42,743:INFO:Starting cross validation
2026-06-19 10:24:42,744:INFO:Cross validating with StratifiedKFold(n_splits=5, random_state=None, shuffle=False), n_jobs=-1
2026-06-19 10:24:51,023:INFO:Calculating mean and std
2026-06-19 10:24:51,030:INFO:Creating metrics dataframe
2026-06-19 10:24:51,036:INFO:Uploading results into container
2026-06-19 10:24:51,037:INFO:Uploading model into container now
2026-06-19 10:24:51,039:INFO:_master_model_container: 13
2026-06-19 10:24:51,039:INFO:_display_container: 2
2026-06-19 10:24:51,041:INFO:LGBMClassifier(boosting_type='gbdt', class_weight=None, colsample_bytree=1.0,
               importance_type='split', learning_rate=0.1, max_depth=-1,
               min_child_samples=20, min_child_weight=0.001, min_split_gain=0.0,
               n_estimators=100, n_jobs=-1, num_leaves=31, objective=None,
               random_state=42, reg_alpha=0.0, reg_lambda=0.0, subsample=1.0,
               subsample_for_bin=200000, subsample_freq=0)
2026-06-19 10:24:51,041:INFO:create_model() successfully completed......................................
2026-06-19 10:24:51,347:INFO:SubProcess create_model() end ==================================
2026-06-19 10:24:51,347:INFO:Creating metrics dataframe
2026-06-19 10:24:51,359:INFO:Initializing Dummy Classifier
2026-06-19 10:24:51,359:INFO:Total runtime is 4.128562275568644 minutes
2026-06-19 10:24:51,359:INFO:SubProcess create_model() called ==================================
2026-06-19 10:24:51,359:INFO:Initializing create_model()
2026-06-19 10:24:51,359:INFO:create_model(self=<pycaret.classification.oop.ClassificationExperiment object at 0x00000275BA5E1300>, estimator=dummy, fold=StratifiedKFold(n_splits=5, random_state=None, shuffle=False), round=4, cross_validation=True, predict=True, fit_kwargs={}, groups=None, refit=False, probability_threshold=None, experiment_custom_tags=None, verbose=False, system=False, add_to_model_list=True, metrics=None, display=<pycaret.internal.display.display.CommonDisplay object at 0x00000275A9850F70>, model_only=True, return_train_score=False, error_score=0.0, kwargs={})
2026-06-19 10:24:51,359:INFO:Checking exceptions
2026-06-19 10:24:51,359:INFO:Importing libraries
2026-06-19 10:24:51,359:INFO:Copying training dataset
2026-06-19 10:24:51,470:INFO:Defining folds
2026-06-19 10:24:51,470:INFO:Declaring metric variables
2026-06-19 10:24:51,474:INFO:Importing untrained model
2026-06-19 10:24:51,480:INFO:Dummy Classifier Imported successfully
2026-06-19 10:24:51,480:INFO:Starting cross validation
2026-06-19 10:24:51,489:INFO:Cross validating with StratifiedKFold(n_splits=5, random_state=None, shuffle=False), n_jobs=-1
2026-06-19 10:24:54,096:WARNING:c:\Users\Usuario\AppData\Local\Programs\Python\Python310\lib\site-packages\sklearn\metrics\_classification.py:1509: UndefinedMetricWarning: Precision is ill-defined and being set to 0.0 due to no predicted samples. Use `zero_division` parameter to control this behavior.
  _warn_prf(average, modifier, f"{metric.capitalize()} is", len(result))

2026-06-19 10:24:54,383:WARNING:c:\Users\Usuario\AppData\Local\Programs\Python\Python310\lib\site-packages\sklearn\metrics\_classification.py:1509: UndefinedMetricWarning: Precision is ill-defined and being set to 0.0 due to no predicted samples. Use `zero_division` parameter to control this behavior.
  _warn_prf(average, modifier, f"{metric.capitalize()} is", len(result))

2026-06-19 10:24:54,429:WARNING:c:\Users\Usuario\AppData\Local\Programs\Python\Python310\lib\site-packages\sklearn\metrics\_classification.py:1509: UndefinedMetricWarning: Precision is ill-defined and being set to 0.0 due to no predicted samples. Use `zero_division` parameter to control this behavior.
  _warn_prf(average, modifier, f"{metric.capitalize()} is", len(result))

2026-06-19 10:24:54,509:WARNING:c:\Users\Usuario\AppData\Local\Programs\Python\Python310\lib\site-packages\sklearn\metrics\_classification.py:1509: UndefinedMetricWarning: Precision is ill-defined and being set to 0.0 due to no predicted samples. Use `zero_division` parameter to control this behavior.
  _warn_prf(average, modifier, f"{metric.capitalize()} is", len(result))

2026-06-19 10:24:54,541:WARNING:c:\Users\Usuario\AppData\Local\Programs\Python\Python310\lib\site-packages\sklearn\metrics\_classification.py:1509: UndefinedMetricWarning: Precision is ill-defined and being set to 0.0 due to no predicted samples. Use `zero_division` parameter to control this behavior.
  _warn_prf(average, modifier, f"{metric.capitalize()} is", len(result))

2026-06-19 10:24:54,573:INFO:Calculating mean and std
2026-06-19 10:24:54,575:INFO:Creating metrics dataframe
2026-06-19 10:24:54,577:INFO:Uploading results into container
2026-06-19 10:24:54,577:INFO:Uploading model into container now
2026-06-19 10:24:54,577:INFO:_master_model_container: 14
2026-06-19 10:24:54,577:INFO:_display_container: 2
2026-06-19 10:24:54,577:INFO:DummyClassifier(constant=None, random_state=42, strategy='prior')
2026-06-19 10:24:54,577:INFO:create_model() successfully completed......................................
2026-06-19 10:24:54,725:INFO:SubProcess create_model() end ==================================
2026-06-19 10:24:54,725:INFO:Creating metrics dataframe
2026-06-19 10:24:54,739:WARNING:c:\Users\Usuario\AppData\Local\Programs\Python\Python310\lib\site-packages\pycaret\internal\pycaret_experiment\supervised_experiment.py:323: FutureWarning: Styler.applymap has been deprecated. Use Styler.map instead.
  master_display_.apply(

2026-06-19 10:24:54,745:INFO:Initializing create_model()
2026-06-19 10:24:54,745:INFO:create_model(self=<pycaret.classification.oop.ClassificationExperiment object at 0x00000275BA5E1300>, estimator=RandomForestClassifier(bootstrap=True, ccp_alpha=0.0, class_weight=None,
                       criterion='gini', max_depth=None, max_features='sqrt',
                       max_leaf_nodes=None, max_samples=None,
                       min_impurity_decrease=0.0, min_samples_leaf=1,
                       min_samples_split=2, min_weight_fraction_leaf=0.0,
                       monotonic_cst=None, n_estimators=100, n_jobs=-1,
                       oob_score=False, random_state=42, verbose=0,
                       warm_start=False), fold=StratifiedKFold(n_splits=5, random_state=None, shuffle=False), round=4, cross_validation=False, predict=False, fit_kwargs={}, groups=None, refit=True, probability_threshold=None, experiment_custom_tags=None, verbose=False, system=False, add_to_model_list=True, metrics=None, display=None, model_only=True, return_train_score=False, error_score=0.0, kwargs={})
2026-06-19 10:24:54,745:INFO:Checking exceptions
2026-06-19 10:24:54,752:INFO:Importing libraries
2026-06-19 10:24:54,752:INFO:Copying training dataset
2026-06-19 10:24:54,843:INFO:Defining folds
2026-06-19 10:24:54,843:INFO:Declaring metric variables
2026-06-19 10:24:54,843:INFO:Importing untrained model
2026-06-19 10:24:54,843:INFO:Declaring custom model
2026-06-19 10:24:54,844:INFO:Random Forest Classifier Imported successfully
2026-06-19 10:24:54,844:INFO:Cross validation set to False
2026-06-19 10:24:54,844:INFO:Fitting Model
2026-06-19 10:25:07,723:INFO:RandomForestClassifier(bootstrap=True, ccp_alpha=0.0, class_weight=None,
                       criterion='gini', max_depth=None, max_features='sqrt',
                       max_leaf_nodes=None, max_samples=None,
                       min_impurity_decrease=0.0, min_samples_leaf=1,
                       min_samples_split=2, min_weight_fraction_leaf=0.0,
                       monotonic_cst=None, n_estimators=100, n_jobs=-1,
                       oob_score=False, random_state=42, verbose=0,
                       warm_start=False)
2026-06-19 10:25:07,723:INFO:create_model() successfully completed......................................
2026-06-19 10:25:07,892:INFO:Initializing create_model()
2026-06-19 10:25:07,892:INFO:create_model(self=<pycaret.classification.oop.ClassificationExperiment object at 0x00000275BA5E1300>, estimator=ExtraTreesClassifier(bootstrap=False, ccp_alpha=0.0, class_weight=None,
                     criterion='gini', max_depth=None, max_features='sqrt',
                     max_leaf_nodes=None, max_samples=None,
                     min_impurity_decrease=0.0, min_samples_leaf=1,
                     min_samples_split=2, min_weight_fraction_leaf=0.0,
                     monotonic_cst=None, n_estimators=100, n_jobs=-1,
                     oob_score=False, random_state=42, verbose=0,
                     warm_start=False), fold=StratifiedKFold(n_splits=5, random_state=None, shuffle=False), round=4, cross_validation=False, predict=False, fit_kwargs={}, groups=None, refit=True, probability_threshold=None, experiment_custom_tags=None, verbose=False, system=False, add_to_model_list=True, metrics=None, display=None, model_only=True, return_train_score=False, error_score=0.0, kwargs={})
2026-06-19 10:25:07,892:INFO:Checking exceptions
2026-06-19 10:25:07,894:INFO:Importing libraries
2026-06-19 10:25:07,895:INFO:Copying training dataset
2026-06-19 10:25:07,972:INFO:Defining folds
2026-06-19 10:25:07,972:INFO:Declaring metric variables
2026-06-19 10:25:07,972:INFO:Importing untrained model
2026-06-19 10:25:07,972:INFO:Declaring custom model
2026-06-19 10:25:07,972:INFO:Extra Trees Classifier Imported successfully
2026-06-19 10:25:07,972:INFO:Cross validation set to False
2026-06-19 10:25:07,972:INFO:Fitting Model
2026-06-19 10:25:13,606:INFO:ExtraTreesClassifier(bootstrap=False, ccp_alpha=0.0, class_weight=None,
                     criterion='gini', max_depth=None, max_features='sqrt',
                     max_leaf_nodes=None, max_samples=None,
                     min_impurity_decrease=0.0, min_samples_leaf=1,
                     min_samples_split=2, min_weight_fraction_leaf=0.0,
                     monotonic_cst=None, n_estimators=100, n_jobs=-1,
                     oob_score=False, random_state=42, verbose=0,
                     warm_start=False)
2026-06-19 10:25:13,606:INFO:create_model() successfully completed......................................
2026-06-19 10:25:13,774:INFO:Initializing create_model()
2026-06-19 10:25:13,774:INFO:create_model(self=<pycaret.classification.oop.ClassificationExperiment object at 0x00000275BA5E1300>, estimator=LGBMClassifier(boosting_type='gbdt', class_weight=None, colsample_bytree=1.0,
               importance_type='split', learning_rate=0.1, max_depth=-1,
               min_child_samples=20, min_child_weight=0.001, min_split_gain=0.0,
               n_estimators=100, n_jobs=-1, num_leaves=31, objective=None,
               random_state=42, reg_alpha=0.0, reg_lambda=0.0, subsample=1.0,
               subsample_for_bin=200000, subsample_freq=0), fold=StratifiedKFold(n_splits=5, random_state=None, shuffle=False), round=4, cross_validation=False, predict=False, fit_kwargs={}, groups=None, refit=True, probability_threshold=None, experiment_custom_tags=None, verbose=False, system=False, add_to_model_list=True, metrics=None, display=None, model_only=True, return_train_score=False, error_score=0.0, kwargs={})
2026-06-19 10:25:13,774:INFO:Checking exceptions
2026-06-19 10:25:13,776:INFO:Importing libraries
2026-06-19 10:25:13,776:INFO:Copying training dataset
2026-06-19 10:25:13,870:INFO:Defining folds
2026-06-19 10:25:13,870:INFO:Declaring metric variables
2026-06-19 10:25:13,871:INFO:Importing untrained model
2026-06-19 10:25:13,871:INFO:Declaring custom model
2026-06-19 10:25:13,872:INFO:Light Gradient Boosting Machine Imported successfully
2026-06-19 10:25:13,873:INFO:Cross validation set to False
2026-06-19 10:25:13,873:INFO:Fitting Model
2026-06-19 10:25:15,119:INFO:[LightGBM] [Info] Number of positive: 61730, number of negative: 61730
2026-06-19 10:25:15,130:INFO:[LightGBM] [Info] Auto-choosing col-wise multi-threading, the overhead of testing was 0.008749 seconds.
2026-06-19 10:25:15,130:INFO:You can set `force_col_wise=true` to remove the overhead.
2026-06-19 10:25:15,132:INFO:[LightGBM] [Info] Total Bins 5852
2026-06-19 10:25:15,132:INFO:[LightGBM] [Info] Number of data points in the train set: 123460, number of used features: 26
2026-06-19 10:25:15,132:INFO:[LightGBM] [Info] [binary:BoostFromScore]: pavg=0.500000 -> initscore=0.000000
2026-06-19 10:25:15,844:INFO:LGBMClassifier(boosting_type='gbdt', class_weight=None, colsample_bytree=1.0,
               importance_type='split', learning_rate=0.1, max_depth=-1,
               min_child_samples=20, min_child_weight=0.001, min_split_gain=0.0,
               n_estimators=100, n_jobs=-1, num_leaves=31, objective=None,
               random_state=42, reg_alpha=0.0, reg_lambda=0.0, subsample=1.0,
               subsample_for_bin=200000, subsample_freq=0)
2026-06-19 10:25:15,844:INFO:create_model() successfully completed......................................
2026-06-19 10:25:16,064:INFO:_master_model_container: 14
2026-06-19 10:25:16,064:INFO:_display_container: 2
2026-06-19 10:25:16,064:INFO:[RandomForestClassifier(bootstrap=True, ccp_alpha=0.0, class_weight=None,
                       criterion='gini', max_depth=None, max_features='sqrt',
                       max_leaf_nodes=None, max_samples=None,
                       min_impurity_decrease=0.0, min_samples_leaf=1,
                       min_samples_split=2, min_weight_fraction_leaf=0.0,
                       monotonic_cst=None, n_estimators=100, n_jobs=-1,
                       oob_score=False, random_state=42, verbose=0,
                       warm_start=False), ExtraTreesClassifier(bootstrap=False, ccp_alpha=0.0, class_weight=None,
                     criterion='gini', max_depth=None, max_features='sqrt',
                     max_leaf_nodes=None, max_samples=None,
                     min_impurity_decrease=0.0, min_samples_leaf=1,
                     min_samples_split=2, min_weight_fraction_leaf=0.0,
                     monotonic_cst=None, n_estimators=100, n_jobs=-1,
                     oob_score=False, random_state=42, verbose=0,
                     warm_start=False), LGBMClassifier(boosting_type='gbdt', class_weight=None, colsample_bytree=1.0,
               importance_type='split', learning_rate=0.1, max_depth=-1,
               min_child_samples=20, min_child_weight=0.001, min_split_gain=0.0,
               n_estimators=100, n_jobs=-1, num_leaves=31, objective=None,
               random_state=42, reg_alpha=0.0, reg_lambda=0.0, subsample=1.0,
               subsample_for_bin=200000, subsample_freq=0)]
2026-06-19 10:25:16,064:INFO:compare_models() successfully completed......................................
2026-06-19 10:25:16,141:INFO:Initializing tune_model()
2026-06-19 10:25:16,141:INFO:tune_model(estimator=RandomForestClassifier(bootstrap=True, ccp_alpha=0.0, class_weight=None,
                       criterion='gini', max_depth=None, max_features='sqrt',
                       max_leaf_nodes=None, max_samples=None,
                       min_impurity_decrease=0.0, min_samples_leaf=1,
                       min_samples_split=2, min_weight_fraction_leaf=0.0,
                       monotonic_cst=None, n_estimators=100, n_jobs=-1,
                       oob_score=False, random_state=42, verbose=0,
                       warm_start=False), fold=None, round=4, n_iter=3, custom_grid=None, optimize=F1, custom_scorer=None, search_library=scikit-learn, search_algorithm=None, early_stopping=False, early_stopping_max_iters=10, choose_better=True, fit_kwargs=None, groups=None, return_tuner=False, verbose=True, tuner_verbose=True, return_train_score=False, kwargs={}, self=<pycaret.classification.oop.ClassificationExperiment object at 0x00000275BA5E1300>)
2026-06-19 10:25:16,141:INFO:Checking exceptions
2026-06-19 10:25:16,201:INFO:Copying training dataset
2026-06-19 10:25:16,268:INFO:Checking base model
2026-06-19 10:25:16,268:INFO:Base model : Random Forest Classifier
2026-06-19 10:25:16,272:INFO:Declaring metric variables
2026-06-19 10:25:16,277:INFO:Defining Hyperparameters
2026-06-19 10:25:16,430:INFO:Tuning with n_jobs=-1
2026-06-19 10:25:16,430:INFO:Initializing RandomizedSearchCV
2026-06-19 10:28:30,014:INFO:best_params: {'actual_estimator__n_estimators': 300, 'actual_estimator__min_samples_split': 7, 'actual_estimator__min_samples_leaf': 3, 'actual_estimator__min_impurity_decrease': 0.05, 'actual_estimator__max_features': 1.0, 'actual_estimator__max_depth': 1, 'actual_estimator__criterion': 'gini', 'actual_estimator__class_weight': 'balanced', 'actual_estimator__bootstrap': False}
2026-06-19 10:28:30,018:INFO:Hyperparameter search completed
2026-06-19 10:28:30,018:INFO:SubProcess create_model() called ==================================
2026-06-19 10:28:30,019:INFO:Initializing create_model()
2026-06-19 10:28:30,021:INFO:create_model(self=<pycaret.classification.oop.ClassificationExperiment object at 0x00000275BA5E1300>, estimator=RandomForestClassifier(bootstrap=True, ccp_alpha=0.0, class_weight=None,
                       criterion='gini', max_depth=None, max_features='sqrt',
                       max_leaf_nodes=None, max_samples=None,
                       min_impurity_decrease=0.0, min_samples_leaf=1,
                       min_samples_split=2, min_weight_fraction_leaf=0.0,
                       monotonic_cst=None, n_estimators=100, n_jobs=-1,
                       oob_score=False, random_state=42, verbose=0,
                       warm_start=False), fold=StratifiedKFold(n_splits=5, random_state=None, shuffle=False), round=4, cross_validation=True, predict=True, fit_kwargs={}, groups=None, refit=True, probability_threshold=None, experiment_custom_tags=None, verbose=True, system=False, add_to_model_list=True, metrics=None, display=<pycaret.internal.display.display.CommonDisplay object at 0x00000275AF9522F0>, model_only=True, return_train_score=False, error_score=0.0, kwargs={'n_estimators': 300, 'min_samples_split': 7, 'min_samples_leaf': 3, 'min_impurity_decrease': 0.05, 'max_features': 1.0, 'max_depth': 1, 'criterion': 'gini', 'class_weight': 'balanced', 'bootstrap': False})
2026-06-19 10:28:30,021:INFO:Checking exceptions
2026-06-19 10:28:30,021:INFO:Importing libraries
2026-06-19 10:28:30,021:INFO:Copying training dataset
2026-06-19 10:28:30,198:INFO:Defining folds
2026-06-19 10:28:30,198:INFO:Declaring metric variables
2026-06-19 10:28:30,209:INFO:Importing untrained model
2026-06-19 10:28:30,209:INFO:Declaring custom model
2026-06-19 10:28:30,221:INFO:Random Forest Classifier Imported successfully
2026-06-19 10:28:30,239:INFO:Starting cross validation
2026-06-19 10:28:30,242:INFO:Cross validating with StratifiedKFold(n_splits=5, random_state=None, shuffle=False), n_jobs=-1
2026-06-19 10:29:42,570:INFO:Calculating mean and std
2026-06-19 10:29:42,573:INFO:Creating metrics dataframe
2026-06-19 10:29:42,585:INFO:Finalizing model
2026-06-19 10:30:00,777:INFO:Uploading results into container
2026-06-19 10:30:00,779:INFO:Uploading model into container now
2026-06-19 10:30:00,781:INFO:_master_model_container: 15
2026-06-19 10:30:00,781:INFO:_display_container: 3
2026-06-19 10:30:00,783:INFO:RandomForestClassifier(bootstrap=False, ccp_alpha=0.0, class_weight='balanced',
                       criterion='gini', max_depth=1, max_features=1.0,
                       max_leaf_nodes=None, max_samples=None,
                       min_impurity_decrease=0.05, min_samples_leaf=3,
                       min_samples_split=7, min_weight_fraction_leaf=0.0,
                       monotonic_cst=None, n_estimators=300, n_jobs=-1,
                       oob_score=False, random_state=42, verbose=0,
                       warm_start=False)
2026-06-19 10:30:00,783:INFO:create_model() successfully completed......................................
2026-06-19 10:30:00,970:INFO:SubProcess create_model() end ==================================
2026-06-19 10:30:00,971:INFO:choose_better activated
2026-06-19 10:30:00,974:INFO:SubProcess create_model() called ==================================
2026-06-19 10:30:00,974:INFO:Initializing create_model()
2026-06-19 10:30:00,974:INFO:create_model(self=<pycaret.classification.oop.ClassificationExperiment object at 0x00000275BA5E1300>, estimator=RandomForestClassifier(bootstrap=True, ccp_alpha=0.0, class_weight=None,
                       criterion='gini', max_depth=None, max_features='sqrt',
                       max_leaf_nodes=None, max_samples=None,
                       min_impurity_decrease=0.0, min_samples_leaf=1,
                       min_samples_split=2, min_weight_fraction_leaf=0.0,
                       monotonic_cst=None, n_estimators=100, n_jobs=-1,
                       oob_score=False, random_state=42, verbose=0,
                       warm_start=False), fold=StratifiedKFold(n_splits=5, random_state=None, shuffle=False), round=4, cross_validation=True, predict=True, fit_kwargs={}, groups=None, refit=True, probability_threshold=None, experiment_custom_tags=None, verbose=False, system=False, add_to_model_list=True, metrics=None, display=None, model_only=True, return_train_score=False, error_score=0.0, kwargs={})
2026-06-19 10:30:00,975:INFO:Checking exceptions
2026-06-19 10:30:00,977:INFO:Importing libraries
2026-06-19 10:30:00,977:INFO:Copying training dataset
2026-06-19 10:30:01,067:INFO:Defining folds
2026-06-19 10:30:01,068:INFO:Declaring metric variables
2026-06-19 10:30:01,068:INFO:Importing untrained model
2026-06-19 10:30:01,068:INFO:Declaring custom model
2026-06-19 10:30:01,068:INFO:Random Forest Classifier Imported successfully
2026-06-19 10:30:01,069:INFO:Starting cross validation
2026-06-19 10:30:01,070:INFO:Cross validating with StratifiedKFold(n_splits=5, random_state=None, shuffle=False), n_jobs=-1
2026-06-19 10:30:48,395:INFO:Calculating mean and std
2026-06-19 10:30:48,395:INFO:Creating metrics dataframe
2026-06-19 10:30:48,400:INFO:Finalizing model
2026-06-19 10:31:00,896:INFO:Uploading results into container
2026-06-19 10:31:00,896:INFO:Uploading model into container now
2026-06-19 10:31:00,896:INFO:_master_model_container: 16
2026-06-19 10:31:00,896:INFO:_display_container: 4
2026-06-19 10:31:00,896:INFO:RandomForestClassifier(bootstrap=True, ccp_alpha=0.0, class_weight=None,
                       criterion='gini', max_depth=None, max_features='sqrt',
                       max_leaf_nodes=None, max_samples=None,
                       min_impurity_decrease=0.0, min_samples_leaf=1,
                       min_samples_split=2, min_weight_fraction_leaf=0.0,
                       monotonic_cst=None, n_estimators=100, n_jobs=-1,
                       oob_score=False, random_state=42, verbose=0,
                       warm_start=False)
2026-06-19 10:31:00,896:INFO:create_model() successfully completed......................................
2026-06-19 10:31:01,093:INFO:SubProcess create_model() end ==================================
2026-06-19 10:31:01,093:INFO:RandomForestClassifier(bootstrap=True, ccp_alpha=0.0, class_weight=None,
                       criterion='gini', max_depth=None, max_features='sqrt',
                       max_leaf_nodes=None, max_samples=None,
                       min_impurity_decrease=0.0, min_samples_leaf=1,
                       min_samples_split=2, min_weight_fraction_leaf=0.0,
                       monotonic_cst=None, n_estimators=100, n_jobs=-1,
                       oob_score=False, random_state=42, verbose=0,
                       warm_start=False) result for F1 is 0.6385
2026-06-19 10:31:01,093:INFO:RandomForestClassifier(bootstrap=False, ccp_alpha=0.0, class_weight='balanced',
                       criterion='gini', max_depth=1, max_features=1.0,
                       max_leaf_nodes=None, max_samples=None,
                       min_impurity_decrease=0.05, min_samples_leaf=3,
                       min_samples_split=7, min_weight_fraction_leaf=0.0,
                       monotonic_cst=None, n_estimators=300, n_jobs=-1,
                       oob_score=False, random_state=42, verbose=0,
                       warm_start=False) result for F1 is 0.5545
2026-06-19 10:31:01,093:INFO:RandomForestClassifier(bootstrap=True, ccp_alpha=0.0, class_weight=None,
                       criterion='gini', max_depth=None, max_features='sqrt',
                       max_leaf_nodes=None, max_samples=None,
                       min_impurity_decrease=0.0, min_samples_leaf=1,
                       min_samples_split=2, min_weight_fraction_leaf=0.0,
                       monotonic_cst=None, n_estimators=100, n_jobs=-1,
                       oob_score=False, random_state=42, verbose=0,
                       warm_start=False) is best model
2026-06-19 10:31:01,093:INFO:choose_better completed
2026-06-19 10:31:01,093:INFO:Original model was better than the tuned model, hence it will be returned. NOTE: The display metrics are for the tuned model (not the original one).
2026-06-19 10:31:01,100:INFO:_master_model_container: 16
2026-06-19 10:31:01,100:INFO:_display_container: 3
2026-06-19 10:31:01,100:INFO:RandomForestClassifier(bootstrap=True, ccp_alpha=0.0, class_weight=None,
                       criterion='gini', max_depth=None, max_features='sqrt',
                       max_leaf_nodes=None, max_samples=None,
                       min_impurity_decrease=0.0, min_samples_leaf=1,
                       min_samples_split=2, min_weight_fraction_leaf=0.0,
                       monotonic_cst=None, n_estimators=100, n_jobs=-1,
                       oob_score=False, random_state=42, verbose=0,
                       warm_start=False)
2026-06-19 10:31:01,100:INFO:tune_model() successfully completed......................................
2026-06-19 10:31:01,310:INFO:Initializing plot_model()
2026-06-19 10:31:01,310:INFO:plot_model(plot=feature, fold=None, verbose=True, display=None, display_format=None, estimator=RandomForestClassifier(bootstrap=True, ccp_alpha=0.0, class_weight=None,
                       criterion='gini', max_depth=None, max_features='sqrt',
                       max_leaf_nodes=None, max_samples=None,
                       min_impurity_decrease=0.0, min_samples_leaf=1,
                       min_samples_split=2, min_weight_fraction_leaf=0.0,
                       monotonic_cst=None, n_estimators=100, n_jobs=-1,
                       oob_score=False, random_state=42, verbose=0,
                       warm_start=False), feature_name=None, fit_kwargs=None, groups=None, label=False, plot_kwargs=None, save=False, scale=1, self=<pycaret.classification.oop.ClassificationExperiment object at 0x00000275BA5E1300>, system=True)
2026-06-19 10:31:01,310:INFO:Checking exceptions
2026-06-19 10:31:01,396:INFO:Preloading libraries
2026-06-19 10:31:01,573:INFO:Copying training dataset
2026-06-19 10:31:01,573:INFO:Plot type: feature
2026-06-19 10:31:01,574:WARNING:No coef_ found. Trying feature_importances_
2026-06-19 10:31:01,794:INFO:Visual Rendered Successfully
2026-06-19 10:31:01,953:INFO:plot_model() successfully completed......................................
2026-06-19 10:31:01,993:INFO:Initializing plot_model()
2026-06-19 10:31:01,993:INFO:plot_model(plot=confusion_matrix, fold=None, verbose=True, display=None, display_format=None, estimator=RandomForestClassifier(bootstrap=True, ccp_alpha=0.0, class_weight=None,
                       criterion='gini', max_depth=None, max_features='sqrt',
                       max_leaf_nodes=None, max_samples=None,
                       min_impurity_decrease=0.0, min_samples_leaf=1,
                       min_samples_split=2, min_weight_fraction_leaf=0.0,
                       monotonic_cst=None, n_estimators=100, n_jobs=-1,
                       oob_score=False, random_state=42, verbose=0,
                       warm_start=False), feature_name=None, fit_kwargs=None, groups=None, label=False, plot_kwargs=None, save=False, scale=1, self=<pycaret.classification.oop.ClassificationExperiment object at 0x00000275BA5E1300>, system=True)
2026-06-19 10:31:01,993:INFO:Checking exceptions
2026-06-19 10:31:02,051:INFO:Preloading libraries
2026-06-19 10:31:02,205:INFO:Copying training dataset
2026-06-19 10:31:02,205:INFO:Plot type: confusion_matrix
2026-06-19 10:31:02,410:INFO:Fitting Model
2026-06-19 10:31:02,443:WARNING:c:\Users\Usuario\AppData\Local\Programs\Python\Python310\lib\site-packages\sklearn\base.py:493: UserWarning: X does not have valid feature names, but RandomForestClassifier was fitted with feature names
  warnings.warn(

2026-06-19 10:31:02,454:INFO:Scoring test/hold-out set
2026-06-19 10:31:02,876:INFO:Visual Rendered Successfully
2026-06-19 10:31:03,027:INFO:plot_model() successfully completed......................................
2026-06-19 10:31:03,064:INFO:Initializing plot_model()
2026-06-19 10:31:03,064:INFO:plot_model(plot=auc, fold=None, verbose=True, display=None, display_format=None, estimator=RandomForestClassifier(bootstrap=True, ccp_alpha=0.0, class_weight=None,
                       criterion='gini', max_depth=None, max_features='sqrt',
                       max_leaf_nodes=None, max_samples=None,
                       min_impurity_decrease=0.0, min_samples_leaf=1,
                       min_samples_split=2, min_weight_fraction_leaf=0.0,
                       monotonic_cst=None, n_estimators=100, n_jobs=-1,
                       oob_score=False, random_state=42, verbose=0,
                       warm_start=False), feature_name=None, fit_kwargs=None, groups=None, label=False, plot_kwargs=None, save=False, scale=1, self=<pycaret.classification.oop.ClassificationExperiment object at 0x00000275BA5E1300>, system=True)
2026-06-19 10:31:03,064:INFO:Checking exceptions
2026-06-19 10:31:03,135:INFO:Preloading libraries
2026-06-19 10:31:03,297:INFO:Copying training dataset
2026-06-19 10:31:03,297:INFO:Plot type: auc
2026-06-19 10:31:03,490:INFO:Fitting Model
2026-06-19 10:31:03,490:WARNING:c:\Users\Usuario\AppData\Local\Programs\Python\Python310\lib\site-packages\sklearn\base.py:493: UserWarning: X does not have valid feature names, but RandomForestClassifier was fitted with feature names
  warnings.warn(

2026-06-19 10:31:03,505:INFO:Scoring test/hold-out set
2026-06-19 10:31:03,992:INFO:Visual Rendered Successfully
2026-06-19 10:31:04,136:INFO:plot_model() successfully completed......................................
2026-06-19 10:31:04,183:INFO:Initializing plot_model()
2026-06-19 10:31:04,183:INFO:plot_model(plot=pr, fold=None, verbose=True, display=None, display_format=None, estimator=RandomForestClassifier(bootstrap=True, ccp_alpha=0.0, class_weight=None,
                       criterion='gini', max_depth=None, max_features='sqrt',
                       max_leaf_nodes=None, max_samples=None,
                       min_impurity_decrease=0.0, min_samples_leaf=1,
                       min_samples_split=2, min_weight_fraction_leaf=0.0,
                       monotonic_cst=None, n_estimators=100, n_jobs=-1,
                       oob_score=False, random_state=42, verbose=0,
                       warm_start=False), feature_name=None, fit_kwargs=None, groups=None, label=False, plot_kwargs=None, save=False, scale=1, self=<pycaret.classification.oop.ClassificationExperiment object at 0x00000275BA5E1300>, system=True)
2026-06-19 10:31:04,183:INFO:Checking exceptions
2026-06-19 10:31:04,235:INFO:Preloading libraries
2026-06-19 10:31:04,395:INFO:Copying training dataset
2026-06-19 10:31:04,395:INFO:Plot type: pr
2026-06-19 10:31:04,607:INFO:Fitting Model
2026-06-19 10:31:04,607:WARNING:c:\Users\Usuario\AppData\Local\Programs\Python\Python310\lib\site-packages\sklearn\base.py:493: UserWarning: X does not have valid feature names, but RandomForestClassifier was fitted with feature names
  warnings.warn(

2026-06-19 10:31:04,607:INFO:Scoring test/hold-out set
2026-06-19 10:31:05,064:INFO:Visual Rendered Successfully
2026-06-19 10:31:05,209:INFO:plot_model() successfully completed......................................
2026-06-19 10:40:52,213:WARNING:c:\Users\Usuario\AppData\Local\Programs\Python\Python310\lib\site-packages\sklearn\base.py:493: UserWarning: X does not have valid feature names, but RandomForestClassifier was fitted with feature names
  warnings.warn(

2026-06-19 10:40:52,236:WARNING:c:\Users\Usuario\AppData\Local\Programs\Python\Python310\lib\site-packages\sklearn\base.py:493: UserWarning: X does not have valid feature names, but RandomForestClassifier was fitted with feature names
  warnings.warn(

2026-06-19 10:41:41,231:WARNING:c:\Users\Usuario\AppData\Local\Programs\Python\Python310\lib\site-packages\sklearn\base.py:493: UserWarning: X does not have valid feature names, but RandomForestClassifier was fitted with feature names
  warnings.warn(

2026-06-19 10:41:41,278:WARNING:c:\Users\Usuario\AppData\Local\Programs\Python\Python310\lib\site-packages\sklearn\base.py:493: UserWarning: X does not have valid feature names, but RandomForestClassifier was fitted with feature names
  warnings.warn(

2026-06-19 10:42:14,918:WARNING:c:\Users\Usuario\AppData\Local\Programs\Python\Python310\lib\site-packages\sklearn\base.py:493: UserWarning: X does not have valid feature names, but RandomForestClassifier was fitted with feature names
  warnings.warn(

2026-06-19 10:42:14,991:WARNING:c:\Users\Usuario\AppData\Local\Programs\Python\Python310\lib\site-packages\sklearn\base.py:493: UserWarning: X does not have valid feature names, but RandomForestClassifier was fitted with feature names
  warnings.warn(

2026-06-19 10:42:15,031:WARNING:c:\Users\Usuario\AppData\Local\Programs\Python\Python310\lib\site-packages\sklearn\base.py:493: UserWarning: X does not have valid feature names, but RandomForestClassifier was fitted with feature names
  warnings.warn(

2026-06-19 10:42:15,058:WARNING:c:\Users\Usuario\AppData\Local\Programs\Python\Python310\lib\site-packages\sklearn\base.py:493: UserWarning: X does not have valid feature names, but RandomForestClassifier was fitted with feature names
  warnings.warn(

2026-06-19 10:42:15,082:WARNING:c:\Users\Usuario\AppData\Local\Programs\Python\Python310\lib\site-packages\sklearn\base.py:493: UserWarning: X does not have valid feature names, but RandomForestClassifier was fitted with feature names
  warnings.warn(

2026-06-19 10:42:15,109:WARNING:c:\Users\Usuario\AppData\Local\Programs\Python\Python310\lib\site-packages\sklearn\base.py:493: UserWarning: X does not have valid feature names, but RandomForestClassifier was fitted with feature names
  warnings.warn(

2026-06-19 10:42:15,128:WARNING:c:\Users\Usuario\AppData\Local\Programs\Python\Python310\lib\site-packages\sklearn\base.py:493: UserWarning: X does not have valid feature names, but RandomForestClassifier was fitted with feature names
  warnings.warn(

2026-06-19 10:42:15,158:WARNING:c:\Users\Usuario\AppData\Local\Programs\Python\Python310\lib\site-packages\sklearn\base.py:493: UserWarning: X does not have valid feature names, but RandomForestClassifier was fitted with feature names
  warnings.warn(

2026-06-19 10:42:15,179:WARNING:c:\Users\Usuario\AppData\Local\Programs\Python\Python310\lib\site-packages\sklearn\base.py:493: UserWarning: X does not have valid feature names, but RandomForestClassifier was fitted with feature names
  warnings.warn(

2026-06-19 10:42:15,194:WARNING:c:\Users\Usuario\AppData\Local\Programs\Python\Python310\lib\site-packages\sklearn\base.py:493: UserWarning: X does not have valid feature names, but RandomForestClassifier was fitted with feature names
  warnings.warn(

2026-06-19 10:42:15,208:WARNING:c:\Users\Usuario\AppData\Local\Programs\Python\Python310\lib\site-packages\sklearn\base.py:493: UserWarning: X does not have valid feature names, but RandomForestClassifier was fitted with feature names
  warnings.warn(

2026-06-19 10:42:15,225:WARNING:c:\Users\Usuario\AppData\Local\Programs\Python\Python310\lib\site-packages\sklearn\base.py:493: UserWarning: X does not have valid feature names, but RandomForestClassifier was fitted with feature names
  warnings.warn(

2026-06-19 10:42:15,267:WARNING:c:\Users\Usuario\AppData\Local\Programs\Python\Python310\lib\site-packages\sklearn\base.py:493: UserWarning: X does not have valid feature names, but RandomForestClassifier was fitted with feature names
  warnings.warn(

2026-06-19 10:42:15,306:WARNING:c:\Users\Usuario\AppData\Local\Programs\Python\Python310\lib\site-packages\sklearn\base.py:493: UserWarning: X does not have valid feature names, but RandomForestClassifier was fitted with feature names
  warnings.warn(

2026-06-19 10:42:15,325:WARNING:c:\Users\Usuario\AppData\Local\Programs\Python\Python310\lib\site-packages\sklearn\base.py:493: UserWarning: X does not have valid feature names, but RandomForestClassifier was fitted with feature names
  warnings.warn(

2026-06-19 10:42:15,359:WARNING:c:\Users\Usuario\AppData\Local\Programs\Python\Python310\lib\site-packages\sklearn\base.py:493: UserWarning: X does not have valid feature names, but RandomForestClassifier was fitted with feature names
  warnings.warn(

2026-06-19 10:42:15,391:WARNING:c:\Users\Usuario\AppData\Local\Programs\Python\Python310\lib\site-packages\sklearn\base.py:493: UserWarning: X does not have valid feature names, but RandomForestClassifier was fitted with feature names
  warnings.warn(

2026-06-19 10:42:15,408:WARNING:c:\Users\Usuario\AppData\Local\Programs\Python\Python310\lib\site-packages\sklearn\base.py:493: UserWarning: X does not have valid feature names, but RandomForestClassifier was fitted with feature names
  warnings.warn(

2026-06-19 10:42:15,429:WARNING:c:\Users\Usuario\AppData\Local\Programs\Python\Python310\lib\site-packages\sklearn\base.py:493: UserWarning: X does not have valid feature names, but RandomForestClassifier was fitted with feature names
  warnings.warn(

2026-06-19 10:42:15,457:WARNING:c:\Users\Usuario\AppData\Local\Programs\Python\Python310\lib\site-packages\sklearn\base.py:493: UserWarning: X does not have valid feature names, but RandomForestClassifier was fitted with feature names
  warnings.warn(

2026-06-19 10:42:15,474:WARNING:c:\Users\Usuario\AppData\Local\Programs\Python\Python310\lib\site-packages\sklearn\base.py:493: UserWarning: X does not have valid feature names, but RandomForestClassifier was fitted with feature names
  warnings.warn(

2026-06-19 10:42:15,491:WARNING:c:\Users\Usuario\AppData\Local\Programs\Python\Python310\lib\site-packages\sklearn\base.py:493: UserWarning: X does not have valid feature names, but RandomForestClassifier was fitted with feature names
  warnings.warn(

2026-06-19 10:42:15,508:WARNING:c:\Users\Usuario\AppData\Local\Programs\Python\Python310\lib\site-packages\sklearn\base.py:493: UserWarning: X does not have valid feature names, but RandomForestClassifier was fitted with feature names
  warnings.warn(

2026-06-19 10:42:15,541:WARNING:c:\Users\Usuario\AppData\Local\Programs\Python\Python310\lib\site-packages\sklearn\base.py:493: UserWarning: X does not have valid feature names, but RandomForestClassifier was fitted with feature names
  warnings.warn(

2026-06-19 10:42:15,557:WARNING:c:\Users\Usuario\AppData\Local\Programs\Python\Python310\lib\site-packages\sklearn\base.py:493: UserWarning: X does not have valid feature names, but RandomForestClassifier was fitted with feature names
  warnings.warn(

2026-06-19 10:42:15,574:WARNING:c:\Users\Usuario\AppData\Local\Programs\Python\Python310\lib\site-packages\sklearn\base.py:493: UserWarning: X does not have valid feature names, but RandomForestClassifier was fitted with feature names
  warnings.warn(

2026-06-19 10:42:15,594:WARNING:c:\Users\Usuario\AppData\Local\Programs\Python\Python310\lib\site-packages\sklearn\base.py:493: UserWarning: X does not have valid feature names, but RandomForestClassifier was fitted with feature names
  warnings.warn(

2026-06-19 10:42:15,609:WARNING:c:\Users\Usuario\AppData\Local\Programs\Python\Python310\lib\site-packages\sklearn\base.py:493: UserWarning: X does not have valid feature names, but RandomForestClassifier was fitted with feature names
  warnings.warn(

2026-06-19 10:42:15,627:WARNING:c:\Users\Usuario\AppData\Local\Programs\Python\Python310\lib\site-packages\sklearn\base.py:493: UserWarning: X does not have valid feature names, but RandomForestClassifier was fitted with feature names
  warnings.warn(

2026-06-19 10:42:15,651:WARNING:c:\Users\Usuario\AppData\Local\Programs\Python\Python310\lib\site-packages\sklearn\base.py:493: UserWarning: X does not have valid feature names, but RandomForestClassifier was fitted with feature names
  warnings.warn(

2026-06-19 10:42:15,676:WARNING:c:\Users\Usuario\AppData\Local\Programs\Python\Python310\lib\site-packages\sklearn\base.py:493: UserWarning: X does not have valid feature names, but RandomForestClassifier was fitted with feature names
  warnings.warn(

2026-06-19 10:42:15,708:WARNING:c:\Users\Usuario\AppData\Local\Programs\Python\Python310\lib\site-packages\sklearn\base.py:493: UserWarning: X does not have valid feature names, but RandomForestClassifier was fitted with feature names
  warnings.warn(

2026-06-19 10:42:15,728:WARNING:c:\Users\Usuario\AppData\Local\Programs\Python\Python310\lib\site-packages\sklearn\base.py:493: UserWarning: X does not have valid feature names, but RandomForestClassifier was fitted with feature names
  warnings.warn(

2026-06-19 10:42:15,749:WARNING:c:\Users\Usuario\AppData\Local\Programs\Python\Python310\lib\site-packages\sklearn\base.py:493: UserWarning: X does not have valid feature names, but RandomForestClassifier was fitted with feature names
  warnings.warn(

2026-06-19 10:42:15,776:WARNING:c:\Users\Usuario\AppData\Local\Programs\Python\Python310\lib\site-packages\sklearn\base.py:493: UserWarning: X does not have valid feature names, but RandomForestClassifier was fitted with feature names
  warnings.warn(

2026-06-19 10:42:15,809:WARNING:c:\Users\Usuario\AppData\Local\Programs\Python\Python310\lib\site-packages\sklearn\base.py:493: UserWarning: X does not have valid feature names, but RandomForestClassifier was fitted with feature names
  warnings.warn(

2026-06-19 10:42:15,848:WARNING:c:\Users\Usuario\AppData\Local\Programs\Python\Python310\lib\site-packages\sklearn\base.py:493: UserWarning: X does not have valid feature names, but RandomForestClassifier was fitted with feature names
  warnings.warn(

2026-06-19 10:42:15,873:WARNING:c:\Users\Usuario\AppData\Local\Programs\Python\Python310\lib\site-packages\sklearn\base.py:493: UserWarning: X does not have valid feature names, but RandomForestClassifier was fitted with feature names
  warnings.warn(

2026-06-19 10:42:15,920:WARNING:c:\Users\Usuario\AppData\Local\Programs\Python\Python310\lib\site-packages\sklearn\base.py:493: UserWarning: X does not have valid feature names, but RandomForestClassifier was fitted with feature names
  warnings.warn(

2026-06-19 10:42:15,945:WARNING:c:\Users\Usuario\AppData\Local\Programs\Python\Python310\lib\site-packages\sklearn\base.py:493: UserWarning: X does not have valid feature names, but RandomForestClassifier was fitted with feature names
  warnings.warn(

2026-06-19 10:42:15,981:WARNING:c:\Users\Usuario\AppData\Local\Programs\Python\Python310\lib\site-packages\sklearn\base.py:493: UserWarning: X does not have valid feature names, but RandomForestClassifier was fitted with feature names
  warnings.warn(

2026-06-19 10:42:16,011:WARNING:c:\Users\Usuario\AppData\Local\Programs\Python\Python310\lib\site-packages\sklearn\base.py:493: UserWarning: X does not have valid feature names, but RandomForestClassifier was fitted with feature names
  warnings.warn(

2026-06-19 10:42:16,045:WARNING:c:\Users\Usuario\AppData\Local\Programs\Python\Python310\lib\site-packages\sklearn\base.py:493: UserWarning: X does not have valid feature names, but RandomForestClassifier was fitted with feature names
  warnings.warn(

2026-06-19 10:42:16,076:WARNING:c:\Users\Usuario\AppData\Local\Programs\Python\Python310\lib\site-packages\sklearn\base.py:493: UserWarning: X does not have valid feature names, but RandomForestClassifier was fitted with feature names
  warnings.warn(

2026-06-19 10:42:16,121:WARNING:c:\Users\Usuario\AppData\Local\Programs\Python\Python310\lib\site-packages\sklearn\base.py:493: UserWarning: X does not have valid feature names, but RandomForestClassifier was fitted with feature names
  warnings.warn(

2026-06-19 10:42:16,148:WARNING:c:\Users\Usuario\AppData\Local\Programs\Python\Python310\lib\site-packages\sklearn\base.py:493: UserWarning: X does not have valid feature names, but RandomForestClassifier was fitted with feature names
  warnings.warn(

2026-06-19 10:42:16,173:WARNING:c:\Users\Usuario\AppData\Local\Programs\Python\Python310\lib\site-packages\sklearn\base.py:493: UserWarning: X does not have valid feature names, but RandomForestClassifier was fitted with feature names
  warnings.warn(

2026-06-19 10:42:16,195:WARNING:c:\Users\Usuario\AppData\Local\Programs\Python\Python310\lib\site-packages\sklearn\base.py:493: UserWarning: X does not have valid feature names, but RandomForestClassifier was fitted with feature names
  warnings.warn(

2026-06-19 10:42:16,219:WARNING:c:\Users\Usuario\AppData\Local\Programs\Python\Python310\lib\site-packages\sklearn\base.py:493: UserWarning: X does not have valid feature names, but RandomForestClassifier was fitted with feature names
  warnings.warn(

2026-06-19 10:42:16,248:WARNING:c:\Users\Usuario\AppData\Local\Programs\Python\Python310\lib\site-packages\sklearn\base.py:493: UserWarning: X does not have valid feature names, but RandomForestClassifier was fitted with feature names
  warnings.warn(

2026-06-19 10:42:16,274:WARNING:c:\Users\Usuario\AppData\Local\Programs\Python\Python310\lib\site-packages\sklearn\base.py:493: UserWarning: X does not have valid feature names, but RandomForestClassifier was fitted with feature names
  warnings.warn(

2026-06-19 10:42:16,294:WARNING:c:\Users\Usuario\AppData\Local\Programs\Python\Python310\lib\site-packages\sklearn\base.py:493: UserWarning: X does not have valid feature names, but RandomForestClassifier was fitted with feature names
  warnings.warn(

2026-06-19 10:42:16,315:WARNING:c:\Users\Usuario\AppData\Local\Programs\Python\Python310\lib\site-packages\sklearn\base.py:493: UserWarning: X does not have valid feature names, but RandomForestClassifier was fitted with feature names
  warnings.warn(

2026-06-19 10:42:16,344:WARNING:c:\Users\Usuario\AppData\Local\Programs\Python\Python310\lib\site-packages\sklearn\base.py:493: UserWarning: X does not have valid feature names, but RandomForestClassifier was fitted with feature names
  warnings.warn(

2026-06-19 10:42:16,374:WARNING:c:\Users\Usuario\AppData\Local\Programs\Python\Python310\lib\site-packages\sklearn\base.py:493: UserWarning: X does not have valid feature names, but RandomForestClassifier was fitted with feature names
  warnings.warn(

2026-06-19 10:42:16,408:WARNING:c:\Users\Usuario\AppData\Local\Programs\Python\Python310\lib\site-packages\sklearn\base.py:493: UserWarning: X does not have valid feature names, but RandomForestClassifier was fitted with feature names
  warnings.warn(

2026-06-19 10:42:16,424:WARNING:c:\Users\Usuario\AppData\Local\Programs\Python\Python310\lib\site-packages\sklearn\base.py:493: UserWarning: X does not have valid feature names, but RandomForestClassifier was fitted with feature names
  warnings.warn(

2026-06-19 10:42:16,444:WARNING:c:\Users\Usuario\AppData\Local\Programs\Python\Python310\lib\site-packages\sklearn\base.py:493: UserWarning: X does not have valid feature names, but RandomForestClassifier was fitted with feature names
  warnings.warn(

2026-06-19 10:42:16,475:WARNING:c:\Users\Usuario\AppData\Local\Programs\Python\Python310\lib\site-packages\sklearn\base.py:493: UserWarning: X does not have valid feature names, but RandomForestClassifier was fitted with feature names
  warnings.warn(

2026-06-19 10:42:16,507:WARNING:c:\Users\Usuario\AppData\Local\Programs\Python\Python310\lib\site-packages\sklearn\base.py:493: UserWarning: X does not have valid feature names, but RandomForestClassifier was fitted with feature names
  warnings.warn(

2026-06-19 10:42:16,538:WARNING:c:\Users\Usuario\AppData\Local\Programs\Python\Python310\lib\site-packages\sklearn\base.py:493: UserWarning: X does not have valid feature names, but RandomForestClassifier was fitted with feature names
  warnings.warn(

2026-06-19 10:42:16,566:WARNING:c:\Users\Usuario\AppData\Local\Programs\Python\Python310\lib\site-packages\sklearn\base.py:493: UserWarning: X does not have valid feature names, but RandomForestClassifier was fitted with feature names
  warnings.warn(

2026-06-19 10:42:16,591:WARNING:c:\Users\Usuario\AppData\Local\Programs\Python\Python310\lib\site-packages\sklearn\base.py:493: UserWarning: X does not have valid feature names, but RandomForestClassifier was fitted with feature names
  warnings.warn(

2026-06-19 10:42:16,626:WARNING:c:\Users\Usuario\AppData\Local\Programs\Python\Python310\lib\site-packages\sklearn\base.py:493: UserWarning: X does not have valid feature names, but RandomForestClassifier was fitted with feature names
  warnings.warn(

2026-06-19 10:42:16,658:WARNING:c:\Users\Usuario\AppData\Local\Programs\Python\Python310\lib\site-packages\sklearn\base.py:493: UserWarning: X does not have valid feature names, but RandomForestClassifier was fitted with feature names
  warnings.warn(

2026-06-19 10:42:16,687:WARNING:c:\Users\Usuario\AppData\Local\Programs\Python\Python310\lib\site-packages\sklearn\base.py:493: UserWarning: X does not have valid feature names, but RandomForestClassifier was fitted with feature names
  warnings.warn(

2026-06-19 10:42:16,717:WARNING:c:\Users\Usuario\AppData\Local\Programs\Python\Python310\lib\site-packages\sklearn\base.py:493: UserWarning: X does not have valid feature names, but RandomForestClassifier was fitted with feature names
  warnings.warn(

2026-06-19 10:42:16,737:WARNING:c:\Users\Usuario\AppData\Local\Programs\Python\Python310\lib\site-packages\sklearn\base.py:493: UserWarning: X does not have valid feature names, but RandomForestClassifier was fitted with feature names
  warnings.warn(

2026-06-19 10:42:16,762:WARNING:c:\Users\Usuario\AppData\Local\Programs\Python\Python310\lib\site-packages\sklearn\base.py:493: UserWarning: X does not have valid feature names, but RandomForestClassifier was fitted with feature names
  warnings.warn(

2026-06-19 10:42:16,784:WARNING:c:\Users\Usuario\AppData\Local\Programs\Python\Python310\lib\site-packages\sklearn\base.py:493: UserWarning: X does not have valid feature names, but RandomForestClassifier was fitted with feature names
  warnings.warn(

2026-06-19 10:42:16,810:WARNING:c:\Users\Usuario\AppData\Local\Programs\Python\Python310\lib\site-packages\sklearn\base.py:493: UserWarning: X does not have valid feature names, but RandomForestClassifier was fitted with feature names
  warnings.warn(

2026-06-19 10:42:16,837:WARNING:c:\Users\Usuario\AppData\Local\Programs\Python\Python310\lib\site-packages\sklearn\base.py:493: UserWarning: X does not have valid feature names, but RandomForestClassifier was fitted with feature names
  warnings.warn(

2026-06-19 10:42:16,862:WARNING:c:\Users\Usuario\AppData\Local\Programs\Python\Python310\lib\site-packages\sklearn\base.py:493: UserWarning: X does not have valid feature names, but RandomForestClassifier was fitted with feature names
  warnings.warn(

2026-06-19 10:42:16,879:WARNING:c:\Users\Usuario\AppData\Local\Programs\Python\Python310\lib\site-packages\sklearn\base.py:493: UserWarning: X does not have valid feature names, but RandomForestClassifier was fitted with feature names
  warnings.warn(

2026-06-19 10:42:16,910:WARNING:c:\Users\Usuario\AppData\Local\Programs\Python\Python310\lib\site-packages\sklearn\base.py:493: UserWarning: X does not have valid feature names, but RandomForestClassifier was fitted with feature names
  warnings.warn(

2026-06-19 10:42:16,940:WARNING:c:\Users\Usuario\AppData\Local\Programs\Python\Python310\lib\site-packages\sklearn\base.py:493: UserWarning: X does not have valid feature names, but RandomForestClassifier was fitted with feature names
  warnings.warn(

2026-06-19 10:42:16,959:WARNING:c:\Users\Usuario\AppData\Local\Programs\Python\Python310\lib\site-packages\sklearn\base.py:493: UserWarning: X does not have valid feature names, but RandomForestClassifier was fitted with feature names
  warnings.warn(

2026-06-19 10:42:16,977:WARNING:c:\Users\Usuario\AppData\Local\Programs\Python\Python310\lib\site-packages\sklearn\base.py:493: UserWarning: X does not have valid feature names, but RandomForestClassifier was fitted with feature names
  warnings.warn(

2026-06-19 10:42:17,006:WARNING:c:\Users\Usuario\AppData\Local\Programs\Python\Python310\lib\site-packages\sklearn\base.py:493: UserWarning: X does not have valid feature names, but RandomForestClassifier was fitted with feature names
  warnings.warn(

2026-06-19 10:42:17,038:WARNING:c:\Users\Usuario\AppData\Local\Programs\Python\Python310\lib\site-packages\sklearn\base.py:493: UserWarning: X does not have valid feature names, but RandomForestClassifier was fitted with feature names
  warnings.warn(

2026-06-19 10:42:17,054:WARNING:c:\Users\Usuario\AppData\Local\Programs\Python\Python310\lib\site-packages\sklearn\base.py:493: UserWarning: X does not have valid feature names, but RandomForestClassifier was fitted with feature names
  warnings.warn(

2026-06-19 10:42:17,076:WARNING:c:\Users\Usuario\AppData\Local\Programs\Python\Python310\lib\site-packages\sklearn\base.py:493: UserWarning: X does not have valid feature names, but RandomForestClassifier was fitted with feature names
  warnings.warn(

2026-06-19 10:42:17,092:WARNING:c:\Users\Usuario\AppData\Local\Programs\Python\Python310\lib\site-packages\sklearn\base.py:493: UserWarning: X does not have valid feature names, but RandomForestClassifier was fitted with feature names
  warnings.warn(

2026-06-19 10:42:17,108:WARNING:c:\Users\Usuario\AppData\Local\Programs\Python\Python310\lib\site-packages\sklearn\base.py:493: UserWarning: X does not have valid feature names, but RandomForestClassifier was fitted with feature names
  warnings.warn(

2026-06-19 10:42:17,125:WARNING:c:\Users\Usuario\AppData\Local\Programs\Python\Python310\lib\site-packages\sklearn\base.py:493: UserWarning: X does not have valid feature names, but RandomForestClassifier was fitted with feature names
  warnings.warn(

2026-06-19 10:42:17,141:WARNING:c:\Users\Usuario\AppData\Local\Programs\Python\Python310\lib\site-packages\sklearn\base.py:493: UserWarning: X does not have valid feature names, but RandomForestClassifier was fitted with feature names
  warnings.warn(

2026-06-19 10:42:17,161:WARNING:c:\Users\Usuario\AppData\Local\Programs\Python\Python310\lib\site-packages\sklearn\base.py:493: UserWarning: X does not have valid feature names, but RandomForestClassifier was fitted with feature names
  warnings.warn(

2026-06-19 10:42:17,191:WARNING:c:\Users\Usuario\AppData\Local\Programs\Python\Python310\lib\site-packages\sklearn\base.py:493: UserWarning: X does not have valid feature names, but RandomForestClassifier was fitted with feature names
  warnings.warn(

2026-06-19 10:42:17,210:WARNING:c:\Users\Usuario\AppData\Local\Programs\Python\Python310\lib\site-packages\sklearn\base.py:493: UserWarning: X does not have valid feature names, but RandomForestClassifier was fitted with feature names
  warnings.warn(

2026-06-19 10:42:17,225:WARNING:c:\Users\Usuario\AppData\Local\Programs\Python\Python310\lib\site-packages\sklearn\base.py:493: UserWarning: X does not have valid feature names, but RandomForestClassifier was fitted with feature names
  warnings.warn(

2026-06-19 10:42:17,243:WARNING:c:\Users\Usuario\AppData\Local\Programs\Python\Python310\lib\site-packages\sklearn\base.py:493: UserWarning: X does not have valid feature names, but RandomForestClassifier was fitted with feature names
  warnings.warn(

2026-06-19 10:42:17,275:WARNING:c:\Users\Usuario\AppData\Local\Programs\Python\Python310\lib\site-packages\sklearn\base.py:493: UserWarning: X does not have valid feature names, but RandomForestClassifier was fitted with feature names
  warnings.warn(

2026-06-19 10:42:17,291:WARNING:c:\Users\Usuario\AppData\Local\Programs\Python\Python310\lib\site-packages\sklearn\base.py:493: UserWarning: X does not have valid feature names, but RandomForestClassifier was fitted with feature names
  warnings.warn(

2026-06-19 10:42:17,308:WARNING:c:\Users\Usuario\AppData\Local\Programs\Python\Python310\lib\site-packages\sklearn\base.py:493: UserWarning: X does not have valid feature names, but RandomForestClassifier was fitted with feature names
  warnings.warn(

2026-06-19 10:42:17,325:WARNING:c:\Users\Usuario\AppData\Local\Programs\Python\Python310\lib\site-packages\sklearn\base.py:493: UserWarning: X does not have valid feature names, but RandomForestClassifier was fitted with feature names
  warnings.warn(

2026-06-19 10:42:17,341:WARNING:c:\Users\Usuario\AppData\Local\Programs\Python\Python310\lib\site-packages\sklearn\base.py:493: UserWarning: X does not have valid feature names, but RandomForestClassifier was fitted with feature names
  warnings.warn(

2026-06-19 10:42:17,356:WARNING:c:\Users\Usuario\AppData\Local\Programs\Python\Python310\lib\site-packages\sklearn\base.py:493: UserWarning: X does not have valid feature names, but RandomForestClassifier was fitted with feature names
  warnings.warn(

2026-06-19 10:42:17,378:WARNING:c:\Users\Usuario\AppData\Local\Programs\Python\Python310\lib\site-packages\sklearn\base.py:493: UserWarning: X does not have valid feature names, but RandomForestClassifier was fitted with feature names
  warnings.warn(

2026-06-19 10:42:17,395:WARNING:c:\Users\Usuario\AppData\Local\Programs\Python\Python310\lib\site-packages\sklearn\base.py:493: UserWarning: X does not have valid feature names, but RandomForestClassifier was fitted with feature names
  warnings.warn(

2026-06-19 10:42:17,417:WARNING:c:\Users\Usuario\AppData\Local\Programs\Python\Python310\lib\site-packages\sklearn\base.py:493: UserWarning: X does not have valid feature names, but RandomForestClassifier was fitted with feature names
  warnings.warn(

2026-06-19 10:42:17,433:WARNING:c:\Users\Usuario\AppData\Local\Programs\Python\Python310\lib\site-packages\sklearn\base.py:493: UserWarning: X does not have valid feature names, but RandomForestClassifier was fitted with feature names
  warnings.warn(

2026-06-19 10:42:17,448:WARNING:c:\Users\Usuario\AppData\Local\Programs\Python\Python310\lib\site-packages\sklearn\base.py:493: UserWarning: X does not have valid feature names, but RandomForestClassifier was fitted with feature names
  warnings.warn(

2026-06-19 10:42:17,465:WARNING:c:\Users\Usuario\AppData\Local\Programs\Python\Python310\lib\site-packages\sklearn\base.py:493: UserWarning: X does not have valid feature names, but RandomForestClassifier was fitted with feature names
  warnings.warn(

2026-06-19 10:42:17,492:WARNING:c:\Users\Usuario\AppData\Local\Programs\Python\Python310\lib\site-packages\sklearn\base.py:493: UserWarning: X does not have valid feature names, but RandomForestClassifier was fitted with feature names
  warnings.warn(

2026-06-19 10:42:17,507:WARNING:c:\Users\Usuario\AppData\Local\Programs\Python\Python310\lib\site-packages\sklearn\base.py:493: UserWarning: X does not have valid feature names, but RandomForestClassifier was fitted with feature names
  warnings.warn(

2026-06-19 10:42:17,523:WARNING:c:\Users\Usuario\AppData\Local\Programs\Python\Python310\lib\site-packages\sklearn\base.py:493: UserWarning: X does not have valid feature names, but RandomForestClassifier was fitted with feature names
  warnings.warn(

2026-06-19 10:42:17,539:WARNING:c:\Users\Usuario\AppData\Local\Programs\Python\Python310\lib\site-packages\sklearn\base.py:493: UserWarning: X does not have valid feature names, but RandomForestClassifier was fitted with feature names
  warnings.warn(

2026-06-19 10:42:17,555:WARNING:c:\Users\Usuario\AppData\Local\Programs\Python\Python310\lib\site-packages\sklearn\base.py:493: UserWarning: X does not have valid feature names, but RandomForestClassifier was fitted with feature names
  warnings.warn(

2026-06-19 10:42:17,573:WARNING:c:\Users\Usuario\AppData\Local\Programs\Python\Python310\lib\site-packages\sklearn\base.py:493: UserWarning: X does not have valid feature names, but RandomForestClassifier was fitted with feature names
  warnings.warn(

2026-06-19 10:42:17,592:WARNING:c:\Users\Usuario\AppData\Local\Programs\Python\Python310\lib\site-packages\sklearn\base.py:493: UserWarning: X does not have valid feature names, but RandomForestClassifier was fitted with feature names
  warnings.warn(

2026-06-19 10:42:17,608:WARNING:c:\Users\Usuario\AppData\Local\Programs\Python\Python310\lib\site-packages\sklearn\base.py:493: UserWarning: X does not have valid feature names, but RandomForestClassifier was fitted with feature names
  warnings.warn(

2026-06-19 10:42:17,623:WARNING:c:\Users\Usuario\AppData\Local\Programs\Python\Python310\lib\site-packages\sklearn\base.py:493: UserWarning: X does not have valid feature names, but RandomForestClassifier was fitted with feature names
  warnings.warn(

2026-06-19 10:42:17,640:WARNING:c:\Users\Usuario\AppData\Local\Programs\Python\Python310\lib\site-packages\sklearn\base.py:493: UserWarning: X does not have valid feature names, but RandomForestClassifier was fitted with feature names
  warnings.warn(

2026-06-19 10:42:17,656:WARNING:c:\Users\Usuario\AppData\Local\Programs\Python\Python310\lib\site-packages\sklearn\base.py:493: UserWarning: X does not have valid feature names, but RandomForestClassifier was fitted with feature names
  warnings.warn(

2026-06-19 10:42:17,673:WARNING:c:\Users\Usuario\AppData\Local\Programs\Python\Python310\lib\site-packages\sklearn\base.py:493: UserWarning: X does not have valid feature names, but RandomForestClassifier was fitted with feature names
  warnings.warn(

2026-06-19 10:42:17,692:WARNING:c:\Users\Usuario\AppData\Local\Programs\Python\Python310\lib\site-packages\sklearn\base.py:493: UserWarning: X does not have valid feature names, but RandomForestClassifier was fitted with feature names
  warnings.warn(

2026-06-19 10:42:17,708:WARNING:c:\Users\Usuario\AppData\Local\Programs\Python\Python310\lib\site-packages\sklearn\base.py:493: UserWarning: X does not have valid feature names, but RandomForestClassifier was fitted with feature names
  warnings.warn(

2026-06-19 10:42:17,724:WARNING:c:\Users\Usuario\AppData\Local\Programs\Python\Python310\lib\site-packages\sklearn\base.py:493: UserWarning: X does not have valid feature names, but RandomForestClassifier was fitted with feature names
  warnings.warn(

2026-06-19 10:42:17,744:WARNING:c:\Users\Usuario\AppData\Local\Programs\Python\Python310\lib\site-packages\sklearn\base.py:493: UserWarning: X does not have valid feature names, but RandomForestClassifier was fitted with feature names
  warnings.warn(

2026-06-19 10:42:17,758:WARNING:c:\Users\Usuario\AppData\Local\Programs\Python\Python310\lib\site-packages\sklearn\base.py:493: UserWarning: X does not have valid feature names, but RandomForestClassifier was fitted with feature names
  warnings.warn(

2026-06-19 10:42:17,775:WARNING:c:\Users\Usuario\AppData\Local\Programs\Python\Python310\lib\site-packages\sklearn\base.py:493: UserWarning: X does not have valid feature names, but RandomForestClassifier was fitted with feature names
  warnings.warn(

2026-06-19 10:42:17,792:WARNING:c:\Users\Usuario\AppData\Local\Programs\Python\Python310\lib\site-packages\sklearn\base.py:493: UserWarning: X does not have valid feature names, but RandomForestClassifier was fitted with feature names
  warnings.warn(

2026-06-19 10:42:17,809:WARNING:c:\Users\Usuario\AppData\Local\Programs\Python\Python310\lib\site-packages\sklearn\base.py:493: UserWarning: X does not have valid feature names, but RandomForestClassifier was fitted with feature names
  warnings.warn(

2026-06-19 10:42:17,825:WARNING:c:\Users\Usuario\AppData\Local\Programs\Python\Python310\lib\site-packages\sklearn\base.py:493: UserWarning: X does not have valid feature names, but RandomForestClassifier was fitted with feature names
  warnings.warn(

2026-06-19 10:42:17,842:WARNING:c:\Users\Usuario\AppData\Local\Programs\Python\Python310\lib\site-packages\sklearn\base.py:493: UserWarning: X does not have valid feature names, but RandomForestClassifier was fitted with feature names
  warnings.warn(

2026-06-19 10:42:17,858:WARNING:c:\Users\Usuario\AppData\Local\Programs\Python\Python310\lib\site-packages\sklearn\base.py:493: UserWarning: X does not have valid feature names, but RandomForestClassifier was fitted with feature names
  warnings.warn(

2026-06-19 10:42:17,876:WARNING:c:\Users\Usuario\AppData\Local\Programs\Python\Python310\lib\site-packages\sklearn\base.py:493: UserWarning: X does not have valid feature names, but RandomForestClassifier was fitted with feature names
  warnings.warn(

2026-06-19 10:42:17,892:WARNING:c:\Users\Usuario\AppData\Local\Programs\Python\Python310\lib\site-packages\sklearn\base.py:493: UserWarning: X does not have valid feature names, but RandomForestClassifier was fitted with feature names
  warnings.warn(

2026-06-19 10:42:17,909:WARNING:c:\Users\Usuario\AppData\Local\Programs\Python\Python310\lib\site-packages\sklearn\base.py:493: UserWarning: X does not have valid feature names, but RandomForestClassifier was fitted with feature names
  warnings.warn(

2026-06-19 10:42:17,925:WARNING:c:\Users\Usuario\AppData\Local\Programs\Python\Python310\lib\site-packages\sklearn\base.py:493: UserWarning: X does not have valid feature names, but RandomForestClassifier was fitted with feature names
  warnings.warn(

2026-06-19 10:42:17,943:WARNING:c:\Users\Usuario\AppData\Local\Programs\Python\Python310\lib\site-packages\sklearn\base.py:493: UserWarning: X does not have valid feature names, but RandomForestClassifier was fitted with feature names
  warnings.warn(

2026-06-19 10:42:17,957:WARNING:c:\Users\Usuario\AppData\Local\Programs\Python\Python310\lib\site-packages\sklearn\base.py:493: UserWarning: X does not have valid feature names, but RandomForestClassifier was fitted with feature names
  warnings.warn(

2026-06-19 10:42:17,975:WARNING:c:\Users\Usuario\AppData\Local\Programs\Python\Python310\lib\site-packages\sklearn\base.py:493: UserWarning: X does not have valid feature names, but RandomForestClassifier was fitted with feature names
  warnings.warn(

2026-06-19 10:42:17,991:WARNING:c:\Users\Usuario\AppData\Local\Programs\Python\Python310\lib\site-packages\sklearn\base.py:493: UserWarning: X does not have valid feature names, but RandomForestClassifier was fitted with feature names
  warnings.warn(

2026-06-19 10:42:18,009:WARNING:c:\Users\Usuario\AppData\Local\Programs\Python\Python310\lib\site-packages\sklearn\base.py:493: UserWarning: X does not have valid feature names, but RandomForestClassifier was fitted with feature names
  warnings.warn(

2026-06-19 10:42:18,025:WARNING:c:\Users\Usuario\AppData\Local\Programs\Python\Python310\lib\site-packages\sklearn\base.py:493: UserWarning: X does not have valid feature names, but RandomForestClassifier was fitted with feature names
  warnings.warn(

2026-06-19 10:42:18,041:WARNING:c:\Users\Usuario\AppData\Local\Programs\Python\Python310\lib\site-packages\sklearn\base.py:493: UserWarning: X does not have valid feature names, but RandomForestClassifier was fitted with feature names
  warnings.warn(

2026-06-19 10:42:18,057:WARNING:c:\Users\Usuario\AppData\Local\Programs\Python\Python310\lib\site-packages\sklearn\base.py:493: UserWarning: X does not have valid feature names, but RandomForestClassifier was fitted with feature names
  warnings.warn(

2026-06-19 10:42:18,073:WARNING:c:\Users\Usuario\AppData\Local\Programs\Python\Python310\lib\site-packages\sklearn\base.py:493: UserWarning: X does not have valid feature names, but RandomForestClassifier was fitted with feature names
  warnings.warn(

2026-06-19 10:42:18,088:WARNING:c:\Users\Usuario\AppData\Local\Programs\Python\Python310\lib\site-packages\sklearn\base.py:493: UserWarning: X does not have valid feature names, but RandomForestClassifier was fitted with feature names
  warnings.warn(

2026-06-19 10:42:18,109:WARNING:c:\Users\Usuario\AppData\Local\Programs\Python\Python310\lib\site-packages\sklearn\base.py:493: UserWarning: X does not have valid feature names, but RandomForestClassifier was fitted with feature names
  warnings.warn(

2026-06-19 10:42:18,125:WARNING:c:\Users\Usuario\AppData\Local\Programs\Python\Python310\lib\site-packages\sklearn\base.py:493: UserWarning: X does not have valid feature names, but RandomForestClassifier was fitted with feature names
  warnings.warn(

2026-06-19 10:42:18,141:WARNING:c:\Users\Usuario\AppData\Local\Programs\Python\Python310\lib\site-packages\sklearn\base.py:493: UserWarning: X does not have valid feature names, but RandomForestClassifier was fitted with feature names
  warnings.warn(

2026-06-19 10:42:18,158:WARNING:c:\Users\Usuario\AppData\Local\Programs\Python\Python310\lib\site-packages\sklearn\base.py:493: UserWarning: X does not have valid feature names, but RandomForestClassifier was fitted with feature names
  warnings.warn(

2026-06-19 10:42:18,176:WARNING:c:\Users\Usuario\AppData\Local\Programs\Python\Python310\lib\site-packages\sklearn\base.py:493: UserWarning: X does not have valid feature names, but RandomForestClassifier was fitted with feature names
  warnings.warn(

2026-06-19 10:42:18,192:WARNING:c:\Users\Usuario\AppData\Local\Programs\Python\Python310\lib\site-packages\sklearn\base.py:493: UserWarning: X does not have valid feature names, but RandomForestClassifier was fitted with feature names
  warnings.warn(

2026-06-19 10:42:18,209:WARNING:c:\Users\Usuario\AppData\Local\Programs\Python\Python310\lib\site-packages\sklearn\base.py:493: UserWarning: X does not have valid feature names, but RandomForestClassifier was fitted with feature names
  warnings.warn(

2026-06-19 10:42:18,224:WARNING:c:\Users\Usuario\AppData\Local\Programs\Python\Python310\lib\site-packages\sklearn\base.py:493: UserWarning: X does not have valid feature names, but RandomForestClassifier was fitted with feature names
  warnings.warn(

2026-06-19 10:42:18,245:WARNING:c:\Users\Usuario\AppData\Local\Programs\Python\Python310\lib\site-packages\sklearn\base.py:493: UserWarning: X does not have valid feature names, but RandomForestClassifier was fitted with feature names
  warnings.warn(

2026-06-19 10:42:18,259:WARNING:c:\Users\Usuario\AppData\Local\Programs\Python\Python310\lib\site-packages\sklearn\base.py:493: UserWarning: X does not have valid feature names, but RandomForestClassifier was fitted with feature names
  warnings.warn(

2026-06-19 10:42:18,279:WARNING:c:\Users\Usuario\AppData\Local\Programs\Python\Python310\lib\site-packages\sklearn\base.py:493: UserWarning: X does not have valid feature names, but RandomForestClassifier was fitted with feature names
  warnings.warn(

2026-06-19 10:42:18,307:WARNING:c:\Users\Usuario\AppData\Local\Programs\Python\Python310\lib\site-packages\sklearn\base.py:493: UserWarning: X does not have valid feature names, but RandomForestClassifier was fitted with feature names
  warnings.warn(

2026-06-19 10:42:18,327:WARNING:c:\Users\Usuario\AppData\Local\Programs\Python\Python310\lib\site-packages\sklearn\base.py:493: UserWarning: X does not have valid feature names, but RandomForestClassifier was fitted with feature names
  warnings.warn(

2026-06-19 10:42:18,341:WARNING:c:\Users\Usuario\AppData\Local\Programs\Python\Python310\lib\site-packages\sklearn\base.py:493: UserWarning: X does not have valid feature names, but RandomForestClassifier was fitted with feature names
  warnings.warn(

2026-06-19 10:42:18,360:WARNING:c:\Users\Usuario\AppData\Local\Programs\Python\Python310\lib\site-packages\sklearn\base.py:493: UserWarning: X does not have valid feature names, but RandomForestClassifier was fitted with feature names
  warnings.warn(

2026-06-19 10:42:18,374:WARNING:c:\Users\Usuario\AppData\Local\Programs\Python\Python310\lib\site-packages\sklearn\base.py:493: UserWarning: X does not have valid feature names, but RandomForestClassifier was fitted with feature names
  warnings.warn(

2026-06-19 10:42:18,392:WARNING:c:\Users\Usuario\AppData\Local\Programs\Python\Python310\lib\site-packages\sklearn\base.py:493: UserWarning: X does not have valid feature names, but RandomForestClassifier was fitted with feature names
  warnings.warn(

2026-06-19 10:42:18,408:WARNING:c:\Users\Usuario\AppData\Local\Programs\Python\Python310\lib\site-packages\sklearn\base.py:493: UserWarning: X does not have valid feature names, but RandomForestClassifier was fitted with feature names
  warnings.warn(

2026-06-19 10:42:18,425:WARNING:c:\Users\Usuario\AppData\Local\Programs\Python\Python310\lib\site-packages\sklearn\base.py:493: UserWarning: X does not have valid feature names, but RandomForestClassifier was fitted with feature names
  warnings.warn(

2026-06-19 10:42:18,440:WARNING:c:\Users\Usuario\AppData\Local\Programs\Python\Python310\lib\site-packages\sklearn\base.py:493: UserWarning: X does not have valid feature names, but RandomForestClassifier was fitted with feature names
  warnings.warn(

2026-06-19 10:42:18,458:WARNING:c:\Users\Usuario\AppData\Local\Programs\Python\Python310\lib\site-packages\sklearn\base.py:493: UserWarning: X does not have valid feature names, but RandomForestClassifier was fitted with feature names
  warnings.warn(

2026-06-19 10:42:18,474:WARNING:c:\Users\Usuario\AppData\Local\Programs\Python\Python310\lib\site-packages\sklearn\base.py:493: UserWarning: X does not have valid feature names, but RandomForestClassifier was fitted with feature names
  warnings.warn(

2026-06-19 10:42:18,493:WARNING:c:\Users\Usuario\AppData\Local\Programs\Python\Python310\lib\site-packages\sklearn\base.py:493: UserWarning: X does not have valid feature names, but RandomForestClassifier was fitted with feature names
  warnings.warn(

2026-06-19 10:42:18,525:WARNING:c:\Users\Usuario\AppData\Local\Programs\Python\Python310\lib\site-packages\sklearn\base.py:493: UserWarning: X does not have valid feature names, but RandomForestClassifier was fitted with feature names
  warnings.warn(

2026-06-19 10:42:18,541:WARNING:c:\Users\Usuario\AppData\Local\Programs\Python\Python310\lib\site-packages\sklearn\base.py:493: UserWarning: X does not have valid feature names, but RandomForestClassifier was fitted with feature names
  warnings.warn(

2026-06-19 10:42:18,558:WARNING:c:\Users\Usuario\AppData\Local\Programs\Python\Python310\lib\site-packages\sklearn\base.py:493: UserWarning: X does not have valid feature names, but RandomForestClassifier was fitted with feature names
  warnings.warn(

2026-06-19 10:42:18,576:WARNING:c:\Users\Usuario\AppData\Local\Programs\Python\Python310\lib\site-packages\sklearn\base.py:493: UserWarning: X does not have valid feature names, but RandomForestClassifier was fitted with feature names
  warnings.warn(

2026-06-19 10:42:18,592:WARNING:c:\Users\Usuario\AppData\Local\Programs\Python\Python310\lib\site-packages\sklearn\base.py:493: UserWarning: X does not have valid feature names, but RandomForestClassifier was fitted with feature names
  warnings.warn(

2026-06-19 10:42:18,609:WARNING:c:\Users\Usuario\AppData\Local\Programs\Python\Python310\lib\site-packages\sklearn\base.py:493: UserWarning: X does not have valid feature names, but RandomForestClassifier was fitted with feature names
  warnings.warn(

2026-06-19 10:42:18,622:WARNING:c:\Users\Usuario\AppData\Local\Programs\Python\Python310\lib\site-packages\sklearn\base.py:493: UserWarning: X does not have valid feature names, but RandomForestClassifier was fitted with feature names
  warnings.warn(

2026-06-19 10:42:18,640:WARNING:c:\Users\Usuario\AppData\Local\Programs\Python\Python310\lib\site-packages\sklearn\base.py:493: UserWarning: X does not have valid feature names, but RandomForestClassifier was fitted with feature names
  warnings.warn(

2026-06-19 10:42:18,658:WARNING:c:\Users\Usuario\AppData\Local\Programs\Python\Python310\lib\site-packages\sklearn\base.py:493: UserWarning: X does not have valid feature names, but RandomForestClassifier was fitted with feature names
  warnings.warn(

2026-06-19 10:42:18,678:WARNING:c:\Users\Usuario\AppData\Local\Programs\Python\Python310\lib\site-packages\sklearn\base.py:493: UserWarning: X does not have valid feature names, but RandomForestClassifier was fitted with feature names
  warnings.warn(

2026-06-19 10:42:18,708:WARNING:c:\Users\Usuario\AppData\Local\Programs\Python\Python310\lib\site-packages\sklearn\base.py:493: UserWarning: X does not have valid feature names, but RandomForestClassifier was fitted with feature names
  warnings.warn(

2026-06-19 10:42:18,725:WARNING:c:\Users\Usuario\AppData\Local\Programs\Python\Python310\lib\site-packages\sklearn\base.py:493: UserWarning: X does not have valid feature names, but RandomForestClassifier was fitted with feature names
  warnings.warn(

2026-06-19 10:42:18,741:WARNING:c:\Users\Usuario\AppData\Local\Programs\Python\Python310\lib\site-packages\sklearn\base.py:493: UserWarning: X does not have valid feature names, but RandomForestClassifier was fitted with feature names
  warnings.warn(

2026-06-19 10:42:18,758:WARNING:c:\Users\Usuario\AppData\Local\Programs\Python\Python310\lib\site-packages\sklearn\base.py:493: UserWarning: X does not have valid feature names, but RandomForestClassifier was fitted with feature names
  warnings.warn(

2026-06-19 10:42:18,773:WARNING:c:\Users\Usuario\AppData\Local\Programs\Python\Python310\lib\site-packages\sklearn\base.py:493: UserWarning: X does not have valid feature names, but RandomForestClassifier was fitted with feature names
  warnings.warn(

2026-06-19 10:42:18,792:WARNING:c:\Users\Usuario\AppData\Local\Programs\Python\Python310\lib\site-packages\sklearn\base.py:493: UserWarning: X does not have valid feature names, but RandomForestClassifier was fitted with feature names
  warnings.warn(

2026-06-19 10:42:18,808:WARNING:c:\Users\Usuario\AppData\Local\Programs\Python\Python310\lib\site-packages\sklearn\base.py:493: UserWarning: X does not have valid feature names, but RandomForestClassifier was fitted with feature names
  warnings.warn(

2026-06-19 10:42:18,825:WARNING:c:\Users\Usuario\AppData\Local\Programs\Python\Python310\lib\site-packages\sklearn\base.py:493: UserWarning: X does not have valid feature names, but RandomForestClassifier was fitted with feature names
  warnings.warn(

2026-06-19 10:42:18,840:WARNING:c:\Users\Usuario\AppData\Local\Programs\Python\Python310\lib\site-packages\sklearn\base.py:493: UserWarning: X does not have valid feature names, but RandomForestClassifier was fitted with feature names
  warnings.warn(

2026-06-19 10:42:18,858:WARNING:c:\Users\Usuario\AppData\Local\Programs\Python\Python310\lib\site-packages\sklearn\base.py:493: UserWarning: X does not have valid feature names, but RandomForestClassifier was fitted with feature names
  warnings.warn(

2026-06-19 10:42:18,873:WARNING:c:\Users\Usuario\AppData\Local\Programs\Python\Python310\lib\site-packages\sklearn\base.py:493: UserWarning: X does not have valid feature names, but RandomForestClassifier was fitted with feature names
  warnings.warn(

2026-06-19 10:42:18,892:WARNING:c:\Users\Usuario\AppData\Local\Programs\Python\Python310\lib\site-packages\sklearn\base.py:493: UserWarning: X does not have valid feature names, but RandomForestClassifier was fitted with feature names
  warnings.warn(

2026-06-19 10:42:18,908:WARNING:c:\Users\Usuario\AppData\Local\Programs\Python\Python310\lib\site-packages\sklearn\base.py:493: UserWarning: X does not have valid feature names, but RandomForestClassifier was fitted with feature names
  warnings.warn(

2026-06-19 10:42:18,925:WARNING:c:\Users\Usuario\AppData\Local\Programs\Python\Python310\lib\site-packages\sklearn\base.py:493: UserWarning: X does not have valid feature names, but RandomForestClassifier was fitted with feature names
  warnings.warn(

2026-06-19 10:42:18,942:WARNING:c:\Users\Usuario\AppData\Local\Programs\Python\Python310\lib\site-packages\sklearn\base.py:493: UserWarning: X does not have valid feature names, but RandomForestClassifier was fitted with feature names
  warnings.warn(

2026-06-19 10:42:18,960:WARNING:c:\Users\Usuario\AppData\Local\Programs\Python\Python310\lib\site-packages\sklearn\base.py:493: UserWarning: X does not have valid feature names, but RandomForestClassifier was fitted with feature names
  warnings.warn(

2026-06-19 10:42:18,991:WARNING:c:\Users\Usuario\AppData\Local\Programs\Python\Python310\lib\site-packages\sklearn\base.py:493: UserWarning: X does not have valid feature names, but RandomForestClassifier was fitted with feature names
  warnings.warn(

2026-06-19 10:42:19,006:WARNING:c:\Users\Usuario\AppData\Local\Programs\Python\Python310\lib\site-packages\sklearn\base.py:493: UserWarning: X does not have valid feature names, but RandomForestClassifier was fitted with feature names
  warnings.warn(

2026-06-19 10:42:19,022:WARNING:c:\Users\Usuario\AppData\Local\Programs\Python\Python310\lib\site-packages\sklearn\base.py:493: UserWarning: X does not have valid feature names, but RandomForestClassifier was fitted with feature names
  warnings.warn(

2026-06-19 10:42:19,039:WARNING:c:\Users\Usuario\AppData\Local\Programs\Python\Python310\lib\site-packages\sklearn\base.py:493: UserWarning: X does not have valid feature names, but RandomForestClassifier was fitted with feature names
  warnings.warn(

2026-06-19 10:42:19,054:WARNING:c:\Users\Usuario\AppData\Local\Programs\Python\Python310\lib\site-packages\sklearn\base.py:493: UserWarning: X does not have valid feature names, but RandomForestClassifier was fitted with feature names
  warnings.warn(

2026-06-19 10:42:19,075:WARNING:c:\Users\Usuario\AppData\Local\Programs\Python\Python310\lib\site-packages\sklearn\base.py:493: UserWarning: X does not have valid feature names, but RandomForestClassifier was fitted with feature names
  warnings.warn(

2026-06-19 10:42:19,091:WARNING:c:\Users\Usuario\AppData\Local\Programs\Python\Python310\lib\site-packages\sklearn\base.py:493: UserWarning: X does not have valid feature names, but RandomForestClassifier was fitted with feature names
  warnings.warn(

2026-06-19 10:42:19,109:WARNING:c:\Users\Usuario\AppData\Local\Programs\Python\Python310\lib\site-packages\sklearn\base.py:493: UserWarning: X does not have valid feature names, but RandomForestClassifier was fitted with feature names
  warnings.warn(

2026-06-19 10:42:19,125:WARNING:c:\Users\Usuario\AppData\Local\Programs\Python\Python310\lib\site-packages\sklearn\base.py:493: UserWarning: X does not have valid feature names, but RandomForestClassifier was fitted with feature names
  warnings.warn(

2026-06-19 10:42:19,143:WARNING:c:\Users\Usuario\AppData\Local\Programs\Python\Python310\lib\site-packages\sklearn\base.py:493: UserWarning: X does not have valid feature names, but RandomForestClassifier was fitted with feature names
  warnings.warn(

2026-06-19 10:42:19,158:WARNING:c:\Users\Usuario\AppData\Local\Programs\Python\Python310\lib\site-packages\sklearn\base.py:493: UserWarning: X does not have valid feature names, but RandomForestClassifier was fitted with feature names
  warnings.warn(

2026-06-19 10:42:19,175:WARNING:c:\Users\Usuario\AppData\Local\Programs\Python\Python310\lib\site-packages\sklearn\base.py:493: UserWarning: X does not have valid feature names, but RandomForestClassifier was fitted with feature names
  warnings.warn(

2026-06-19 10:42:19,191:WARNING:c:\Users\Usuario\AppData\Local\Programs\Python\Python310\lib\site-packages\sklearn\base.py:493: UserWarning: X does not have valid feature names, but RandomForestClassifier was fitted with feature names
  warnings.warn(

2026-06-19 10:42:19,209:WARNING:c:\Users\Usuario\AppData\Local\Programs\Python\Python310\lib\site-packages\sklearn\base.py:493: UserWarning: X does not have valid feature names, but RandomForestClassifier was fitted with feature names
  warnings.warn(

2026-06-19 10:42:19,226:WARNING:c:\Users\Usuario\AppData\Local\Programs\Python\Python310\lib\site-packages\sklearn\base.py:493: UserWarning: X does not have valid feature names, but RandomForestClassifier was fitted with feature names
  warnings.warn(

2026-06-19 10:42:19,241:WARNING:c:\Users\Usuario\AppData\Local\Programs\Python\Python310\lib\site-packages\sklearn\base.py:493: UserWarning: X does not have valid feature names, but RandomForestClassifier was fitted with feature names
  warnings.warn(

2026-06-19 10:42:19,258:WARNING:c:\Users\Usuario\AppData\Local\Programs\Python\Python310\lib\site-packages\sklearn\base.py:493: UserWarning: X does not have valid feature names, but RandomForestClassifier was fitted with feature names
  warnings.warn(

2026-06-19 10:42:19,275:WARNING:c:\Users\Usuario\AppData\Local\Programs\Python\Python310\lib\site-packages\sklearn\base.py:493: UserWarning: X does not have valid feature names, but RandomForestClassifier was fitted with feature names
  warnings.warn(

2026-06-19 10:42:19,292:WARNING:c:\Users\Usuario\AppData\Local\Programs\Python\Python310\lib\site-packages\sklearn\base.py:493: UserWarning: X does not have valid feature names, but RandomForestClassifier was fitted with feature names
  warnings.warn(

2026-06-19 10:42:19,308:WARNING:c:\Users\Usuario\AppData\Local\Programs\Python\Python310\lib\site-packages\sklearn\base.py:493: UserWarning: X does not have valid feature names, but RandomForestClassifier was fitted with feature names
  warnings.warn(

2026-06-19 10:42:19,324:WARNING:c:\Users\Usuario\AppData\Local\Programs\Python\Python310\lib\site-packages\sklearn\base.py:493: UserWarning: X does not have valid feature names, but RandomForestClassifier was fitted with feature names
  warnings.warn(

2026-06-19 10:42:19,340:WARNING:c:\Users\Usuario\AppData\Local\Programs\Python\Python310\lib\site-packages\sklearn\base.py:493: UserWarning: X does not have valid feature names, but RandomForestClassifier was fitted with feature names
  warnings.warn(

2026-06-19 10:42:19,355:WARNING:c:\Users\Usuario\AppData\Local\Programs\Python\Python310\lib\site-packages\sklearn\base.py:493: UserWarning: X does not have valid feature names, but RandomForestClassifier was fitted with feature names
  warnings.warn(

2026-06-19 10:42:19,374:WARNING:c:\Users\Usuario\AppData\Local\Programs\Python\Python310\lib\site-packages\sklearn\base.py:493: UserWarning: X does not have valid feature names, but RandomForestClassifier was fitted with feature names
  warnings.warn(

2026-06-19 10:42:19,390:WARNING:c:\Users\Usuario\AppData\Local\Programs\Python\Python310\lib\site-packages\sklearn\base.py:493: UserWarning: X does not have valid feature names, but RandomForestClassifier was fitted with feature names
  warnings.warn(

2026-06-19 10:42:19,407:WARNING:c:\Users\Usuario\AppData\Local\Programs\Python\Python310\lib\site-packages\sklearn\base.py:493: UserWarning: X does not have valid feature names, but RandomForestClassifier was fitted with feature names
  warnings.warn(

2026-06-19 10:42:19,423:WARNING:c:\Users\Usuario\AppData\Local\Programs\Python\Python310\lib\site-packages\sklearn\base.py:493: UserWarning: X does not have valid feature names, but RandomForestClassifier was fitted with feature names
  warnings.warn(

2026-06-19 10:42:19,442:WARNING:c:\Users\Usuario\AppData\Local\Programs\Python\Python310\lib\site-packages\sklearn\base.py:493: UserWarning: X does not have valid feature names, but RandomForestClassifier was fitted with feature names
  warnings.warn(

2026-06-19 10:42:19,458:WARNING:c:\Users\Usuario\AppData\Local\Programs\Python\Python310\lib\site-packages\sklearn\base.py:493: UserWarning: X does not have valid feature names, but RandomForestClassifier was fitted with feature names
  warnings.warn(

2026-06-19 10:42:19,475:WARNING:c:\Users\Usuario\AppData\Local\Programs\Python\Python310\lib\site-packages\sklearn\base.py:493: UserWarning: X does not have valid feature names, but RandomForestClassifier was fitted with feature names
  warnings.warn(

2026-06-19 10:42:19,491:WARNING:c:\Users\Usuario\AppData\Local\Programs\Python\Python310\lib\site-packages\sklearn\base.py:493: UserWarning: X does not have valid feature names, but RandomForestClassifier was fitted with feature names
  warnings.warn(

2026-06-19 10:42:19,509:WARNING:c:\Users\Usuario\AppData\Local\Programs\Python\Python310\lib\site-packages\sklearn\base.py:493: UserWarning: X does not have valid feature names, but RandomForestClassifier was fitted with feature names
  warnings.warn(

2026-06-19 10:42:19,525:WARNING:c:\Users\Usuario\AppData\Local\Programs\Python\Python310\lib\site-packages\sklearn\base.py:493: UserWarning: X does not have valid feature names, but RandomForestClassifier was fitted with feature names
  warnings.warn(

2026-06-19 10:42:19,540:WARNING:c:\Users\Usuario\AppData\Local\Programs\Python\Python310\lib\site-packages\sklearn\base.py:493: UserWarning: X does not have valid feature names, but RandomForestClassifier was fitted with feature names
  warnings.warn(

2026-06-19 10:42:19,557:WARNING:c:\Users\Usuario\AppData\Local\Programs\Python\Python310\lib\site-packages\sklearn\base.py:493: UserWarning: X does not have valid feature names, but RandomForestClassifier was fitted with feature names
  warnings.warn(

2026-06-19 10:42:19,575:WARNING:c:\Users\Usuario\AppData\Local\Programs\Python\Python310\lib\site-packages\sklearn\base.py:493: UserWarning: X does not have valid feature names, but RandomForestClassifier was fitted with feature names
  warnings.warn(

2026-06-19 10:42:19,591:WARNING:c:\Users\Usuario\AppData\Local\Programs\Python\Python310\lib\site-packages\sklearn\base.py:493: UserWarning: X does not have valid feature names, but RandomForestClassifier was fitted with feature names
  warnings.warn(

2026-06-19 10:42:19,610:WARNING:c:\Users\Usuario\AppData\Local\Programs\Python\Python310\lib\site-packages\sklearn\base.py:493: UserWarning: X does not have valid feature names, but RandomForestClassifier was fitted with feature names
  warnings.warn(

2026-06-19 10:42:19,624:WARNING:c:\Users\Usuario\AppData\Local\Programs\Python\Python310\lib\site-packages\sklearn\base.py:493: UserWarning: X does not have valid feature names, but RandomForestClassifier was fitted with feature names
  warnings.warn(

2026-06-19 10:42:19,642:WARNING:c:\Users\Usuario\AppData\Local\Programs\Python\Python310\lib\site-packages\sklearn\base.py:493: UserWarning: X does not have valid feature names, but RandomForestClassifier was fitted with feature names
  warnings.warn(

2026-06-19 10:42:19,658:WARNING:c:\Users\Usuario\AppData\Local\Programs\Python\Python310\lib\site-packages\sklearn\base.py:493: UserWarning: X does not have valid feature names, but RandomForestClassifier was fitted with feature names
  warnings.warn(

2026-06-19 10:42:19,676:WARNING:c:\Users\Usuario\AppData\Local\Programs\Python\Python310\lib\site-packages\sklearn\base.py:493: UserWarning: X does not have valid feature names, but RandomForestClassifier was fitted with feature names
  warnings.warn(

2026-06-19 10:42:19,691:WARNING:c:\Users\Usuario\AppData\Local\Programs\Python\Python310\lib\site-packages\sklearn\base.py:493: UserWarning: X does not have valid feature names, but RandomForestClassifier was fitted with feature names
  warnings.warn(

2026-06-19 10:42:19,711:WARNING:c:\Users\Usuario\AppData\Local\Programs\Python\Python310\lib\site-packages\sklearn\base.py:493: UserWarning: X does not have valid feature names, but RandomForestClassifier was fitted with feature names
  warnings.warn(

2026-06-19 10:42:19,741:WARNING:c:\Users\Usuario\AppData\Local\Programs\Python\Python310\lib\site-packages\sklearn\base.py:493: UserWarning: X does not have valid feature names, but RandomForestClassifier was fitted with feature names
  warnings.warn(

2026-06-19 10:42:19,760:WARNING:c:\Users\Usuario\AppData\Local\Programs\Python\Python310\lib\site-packages\sklearn\base.py:493: UserWarning: X does not have valid feature names, but RandomForestClassifier was fitted with feature names
  warnings.warn(

2026-06-19 10:42:19,776:WARNING:c:\Users\Usuario\AppData\Local\Programs\Python\Python310\lib\site-packages\sklearn\base.py:493: UserWarning: X does not have valid feature names, but RandomForestClassifier was fitted with feature names
  warnings.warn(

2026-06-19 10:42:19,794:WARNING:c:\Users\Usuario\AppData\Local\Programs\Python\Python310\lib\site-packages\sklearn\base.py:493: UserWarning: X does not have valid feature names, but RandomForestClassifier was fitted with feature names
  warnings.warn(

2026-06-19 10:42:19,808:WARNING:c:\Users\Usuario\AppData\Local\Programs\Python\Python310\lib\site-packages\sklearn\base.py:493: UserWarning: X does not have valid feature names, but RandomForestClassifier was fitted with feature names
  warnings.warn(

2026-06-19 10:42:19,825:WARNING:c:\Users\Usuario\AppData\Local\Programs\Python\Python310\lib\site-packages\sklearn\base.py:493: UserWarning: X does not have valid feature names, but RandomForestClassifier was fitted with feature names
  warnings.warn(

2026-06-19 10:42:19,840:WARNING:c:\Users\Usuario\AppData\Local\Programs\Python\Python310\lib\site-packages\sklearn\base.py:493: UserWarning: X does not have valid feature names, but RandomForestClassifier was fitted with feature names
  warnings.warn(

2026-06-19 10:42:19,858:WARNING:c:\Users\Usuario\AppData\Local\Programs\Python\Python310\lib\site-packages\sklearn\base.py:493: UserWarning: X does not have valid feature names, but RandomForestClassifier was fitted with feature names
  warnings.warn(

2026-06-19 10:42:19,873:WARNING:c:\Users\Usuario\AppData\Local\Programs\Python\Python310\lib\site-packages\sklearn\base.py:493: UserWarning: X does not have valid feature names, but RandomForestClassifier was fitted with feature names
  warnings.warn(

2026-06-19 10:42:19,893:WARNING:c:\Users\Usuario\AppData\Local\Programs\Python\Python310\lib\site-packages\sklearn\base.py:493: UserWarning: X does not have valid feature names, but RandomForestClassifier was fitted with feature names
  warnings.warn(

2026-06-19 10:42:19,907:WARNING:c:\Users\Usuario\AppData\Local\Programs\Python\Python310\lib\site-packages\sklearn\base.py:493: UserWarning: X does not have valid feature names, but RandomForestClassifier was fitted with feature names
  warnings.warn(

2026-06-19 10:42:19,925:WARNING:c:\Users\Usuario\AppData\Local\Programs\Python\Python310\lib\site-packages\sklearn\base.py:493: UserWarning: X does not have valid feature names, but RandomForestClassifier was fitted with feature names
  warnings.warn(

2026-06-19 10:42:19,941:WARNING:c:\Users\Usuario\AppData\Local\Programs\Python\Python310\lib\site-packages\sklearn\base.py:493: UserWarning: X does not have valid feature names, but RandomForestClassifier was fitted with feature names
  warnings.warn(

2026-06-19 10:42:19,959:WARNING:c:\Users\Usuario\AppData\Local\Programs\Python\Python310\lib\site-packages\sklearn\base.py:493: UserWarning: X does not have valid feature names, but RandomForestClassifier was fitted with feature names
  warnings.warn(

2026-06-19 10:42:19,973:WARNING:c:\Users\Usuario\AppData\Local\Programs\Python\Python310\lib\site-packages\sklearn\base.py:493: UserWarning: X does not have valid feature names, but RandomForestClassifier was fitted with feature names
  warnings.warn(

2026-06-19 10:42:19,992:WARNING:c:\Users\Usuario\AppData\Local\Programs\Python\Python310\lib\site-packages\sklearn\base.py:493: UserWarning: X does not have valid feature names, but RandomForestClassifier was fitted with feature names
  warnings.warn(

2026-06-19 10:42:20,008:WARNING:c:\Users\Usuario\AppData\Local\Programs\Python\Python310\lib\site-packages\sklearn\base.py:493: UserWarning: X does not have valid feature names, but RandomForestClassifier was fitted with feature names
  warnings.warn(

2026-06-19 10:42:20,026:WARNING:c:\Users\Usuario\AppData\Local\Programs\Python\Python310\lib\site-packages\sklearn\base.py:493: UserWarning: X does not have valid feature names, but RandomForestClassifier was fitted with feature names
  warnings.warn(

2026-06-19 10:42:20,054:WARNING:c:\Users\Usuario\AppData\Local\Programs\Python\Python310\lib\site-packages\sklearn\base.py:493: UserWarning: X does not have valid feature names, but RandomForestClassifier was fitted with feature names
  warnings.warn(

2026-06-19 10:42:20,078:WARNING:c:\Users\Usuario\AppData\Local\Programs\Python\Python310\lib\site-packages\sklearn\base.py:493: UserWarning: X does not have valid feature names, but RandomForestClassifier was fitted with feature names
  warnings.warn(

2026-06-19 10:42:20,093:WARNING:c:\Users\Usuario\AppData\Local\Programs\Python\Python310\lib\site-packages\sklearn\base.py:493: UserWarning: X does not have valid feature names, but RandomForestClassifier was fitted with feature names
  warnings.warn(

2026-06-19 10:42:20,112:WARNING:c:\Users\Usuario\AppData\Local\Programs\Python\Python310\lib\site-packages\sklearn\base.py:493: UserWarning: X does not have valid feature names, but RandomForestClassifier was fitted with feature names
  warnings.warn(

2026-06-19 10:42:20,132:WARNING:c:\Users\Usuario\AppData\Local\Programs\Python\Python310\lib\site-packages\sklearn\base.py:493: UserWarning: X does not have valid feature names, but RandomForestClassifier was fitted with feature names
  warnings.warn(

2026-06-19 10:42:20,155:WARNING:c:\Users\Usuario\AppData\Local\Programs\Python\Python310\lib\site-packages\sklearn\base.py:493: UserWarning: X does not have valid feature names, but RandomForestClassifier was fitted with feature names
  warnings.warn(

2026-06-19 10:42:20,170:WARNING:c:\Users\Usuario\AppData\Local\Programs\Python\Python310\lib\site-packages\sklearn\base.py:493: UserWarning: X does not have valid feature names, but RandomForestClassifier was fitted with feature names
  warnings.warn(

2026-06-19 10:42:20,189:WARNING:c:\Users\Usuario\AppData\Local\Programs\Python\Python310\lib\site-packages\sklearn\base.py:493: UserWarning: X does not have valid feature names, but RandomForestClassifier was fitted with feature names
  warnings.warn(

2026-06-19 10:42:20,204:WARNING:c:\Users\Usuario\AppData\Local\Programs\Python\Python310\lib\site-packages\sklearn\base.py:493: UserWarning: X does not have valid feature names, but RandomForestClassifier was fitted with feature names
  warnings.warn(

2026-06-19 10:42:20,228:WARNING:c:\Users\Usuario\AppData\Local\Programs\Python\Python310\lib\site-packages\sklearn\base.py:493: UserWarning: X does not have valid feature names, but RandomForestClassifier was fitted with feature names
  warnings.warn(

2026-06-19 10:42:20,255:WARNING:c:\Users\Usuario\AppData\Local\Programs\Python\Python310\lib\site-packages\sklearn\base.py:493: UserWarning: X does not have valid feature names, but RandomForestClassifier was fitted with feature names
  warnings.warn(

2026-06-19 10:42:20,272:WARNING:c:\Users\Usuario\AppData\Local\Programs\Python\Python310\lib\site-packages\sklearn\base.py:493: UserWarning: X does not have valid feature names, but RandomForestClassifier was fitted with feature names
  warnings.warn(

2026-06-19 10:42:20,287:WARNING:c:\Users\Usuario\AppData\Local\Programs\Python\Python310\lib\site-packages\sklearn\base.py:493: UserWarning: X does not have valid feature names, but RandomForestClassifier was fitted with feature names
  warnings.warn(

2026-06-19 10:42:20,304:WARNING:c:\Users\Usuario\AppData\Local\Programs\Python\Python310\lib\site-packages\sklearn\base.py:493: UserWarning: X does not have valid feature names, but RandomForestClassifier was fitted with feature names
  warnings.warn(

2026-06-19 10:42:20,325:WARNING:c:\Users\Usuario\AppData\Local\Programs\Python\Python310\lib\site-packages\sklearn\base.py:493: UserWarning: X does not have valid feature names, but RandomForestClassifier was fitted with feature names
  warnings.warn(

2026-06-19 10:42:20,342:WARNING:c:\Users\Usuario\AppData\Local\Programs\Python\Python310\lib\site-packages\sklearn\base.py:493: UserWarning: X does not have valid feature names, but RandomForestClassifier was fitted with feature names
  warnings.warn(

2026-06-19 10:42:20,362:WARNING:c:\Users\Usuario\AppData\Local\Programs\Python\Python310\lib\site-packages\sklearn\base.py:493: UserWarning: X does not have valid feature names, but RandomForestClassifier was fitted with feature names
  warnings.warn(

2026-06-19 10:42:20,379:WARNING:c:\Users\Usuario\AppData\Local\Programs\Python\Python310\lib\site-packages\sklearn\base.py:493: UserWarning: X does not have valid feature names, but RandomForestClassifier was fitted with feature names
  warnings.warn(

2026-06-19 10:42:20,394:WARNING:c:\Users\Usuario\AppData\Local\Programs\Python\Python310\lib\site-packages\sklearn\base.py:493: UserWarning: X does not have valid feature names, but RandomForestClassifier was fitted with feature names
  warnings.warn(

2026-06-19 10:42:20,412:WARNING:c:\Users\Usuario\AppData\Local\Programs\Python\Python310\lib\site-packages\sklearn\base.py:493: UserWarning: X does not have valid feature names, but RandomForestClassifier was fitted with feature names
  warnings.warn(

2026-06-19 10:42:20,438:WARNING:c:\Users\Usuario\AppData\Local\Programs\Python\Python310\lib\site-packages\sklearn\base.py:493: UserWarning: X does not have valid feature names, but RandomForestClassifier was fitted with feature names
  warnings.warn(

2026-06-19 10:42:20,460:WARNING:c:\Users\Usuario\AppData\Local\Programs\Python\Python310\lib\site-packages\sklearn\base.py:493: UserWarning: X does not have valid feature names, but RandomForestClassifier was fitted with feature names
  warnings.warn(

2026-06-19 10:42:20,526:WARNING:c:\Users\Usuario\AppData\Local\Programs\Python\Python310\lib\site-packages\sklearn\base.py:493: UserWarning: X does not have valid feature names, but RandomForestClassifier was fitted with feature names
  warnings.warn(

2026-06-19 10:42:20,559:WARNING:c:\Users\Usuario\AppData\Local\Programs\Python\Python310\lib\site-packages\sklearn\base.py:493: UserWarning: X does not have valid feature names, but RandomForestClassifier was fitted with feature names
  warnings.warn(

2026-06-19 10:42:20,593:WARNING:c:\Users\Usuario\AppData\Local\Programs\Python\Python310\lib\site-packages\sklearn\base.py:493: UserWarning: X does not have valid feature names, but RandomForestClassifier was fitted with feature names
  warnings.warn(

2026-06-19 10:42:20,630:WARNING:c:\Users\Usuario\AppData\Local\Programs\Python\Python310\lib\site-packages\sklearn\base.py:493: UserWarning: X does not have valid feature names, but RandomForestClassifier was fitted with feature names
  warnings.warn(

2026-06-19 10:42:20,658:WARNING:c:\Users\Usuario\AppData\Local\Programs\Python\Python310\lib\site-packages\sklearn\base.py:493: UserWarning: X does not have valid feature names, but RandomForestClassifier was fitted with feature names
  warnings.warn(

2026-06-19 10:42:20,675:WARNING:c:\Users\Usuario\AppData\Local\Programs\Python\Python310\lib\site-packages\sklearn\base.py:493: UserWarning: X does not have valid feature names, but RandomForestClassifier was fitted with feature names
  warnings.warn(

2026-06-19 10:42:20,689:WARNING:c:\Users\Usuario\AppData\Local\Programs\Python\Python310\lib\site-packages\sklearn\base.py:493: UserWarning: X does not have valid feature names, but RandomForestClassifier was fitted with feature names
  warnings.warn(

2026-06-19 10:42:20,708:WARNING:c:\Users\Usuario\AppData\Local\Programs\Python\Python310\lib\site-packages\sklearn\base.py:493: UserWarning: X does not have valid feature names, but RandomForestClassifier was fitted with feature names
  warnings.warn(

2026-06-19 10:42:20,725:WARNING:c:\Users\Usuario\AppData\Local\Programs\Python\Python310\lib\site-packages\sklearn\base.py:493: UserWarning: X does not have valid feature names, but RandomForestClassifier was fitted with feature names
  warnings.warn(

2026-06-19 10:42:20,742:WARNING:c:\Users\Usuario\AppData\Local\Programs\Python\Python310\lib\site-packages\sklearn\base.py:493: UserWarning: X does not have valid feature names, but RandomForestClassifier was fitted with feature names
  warnings.warn(

2026-06-19 10:42:20,758:WARNING:c:\Users\Usuario\AppData\Local\Programs\Python\Python310\lib\site-packages\sklearn\base.py:493: UserWarning: X does not have valid feature names, but RandomForestClassifier was fitted with feature names
  warnings.warn(

2026-06-19 10:42:20,774:WARNING:c:\Users\Usuario\AppData\Local\Programs\Python\Python310\lib\site-packages\sklearn\base.py:493: UserWarning: X does not have valid feature names, but RandomForestClassifier was fitted with feature names
  warnings.warn(

2026-06-19 10:42:20,791:WARNING:c:\Users\Usuario\AppData\Local\Programs\Python\Python310\lib\site-packages\sklearn\base.py:493: UserWarning: X does not have valid feature names, but RandomForestClassifier was fitted with feature names
  warnings.warn(

2026-06-19 10:42:20,810:WARNING:c:\Users\Usuario\AppData\Local\Programs\Python\Python310\lib\site-packages\sklearn\base.py:493: UserWarning: X does not have valid feature names, but RandomForestClassifier was fitted with feature names
  warnings.warn(

2026-06-19 10:42:20,825:WARNING:c:\Users\Usuario\AppData\Local\Programs\Python\Python310\lib\site-packages\sklearn\base.py:493: UserWarning: X does not have valid feature names, but RandomForestClassifier was fitted with feature names
  warnings.warn(

2026-06-19 10:42:20,843:WARNING:c:\Users\Usuario\AppData\Local\Programs\Python\Python310\lib\site-packages\sklearn\base.py:493: UserWarning: X does not have valid feature names, but RandomForestClassifier was fitted with feature names
  warnings.warn(

2026-06-19 10:42:20,857:WARNING:c:\Users\Usuario\AppData\Local\Programs\Python\Python310\lib\site-packages\sklearn\base.py:493: UserWarning: X does not have valid feature names, but RandomForestClassifier was fitted with feature names
  warnings.warn(

2026-06-19 10:42:20,875:WARNING:c:\Users\Usuario\AppData\Local\Programs\Python\Python310\lib\site-packages\sklearn\base.py:493: UserWarning: X does not have valid feature names, but RandomForestClassifier was fitted with feature names
  warnings.warn(

2026-06-19 10:42:20,890:WARNING:c:\Users\Usuario\AppData\Local\Programs\Python\Python310\lib\site-packages\sklearn\base.py:493: UserWarning: X does not have valid feature names, but RandomForestClassifier was fitted with feature names
  warnings.warn(

2026-06-19 10:42:20,909:WARNING:c:\Users\Usuario\AppData\Local\Programs\Python\Python310\lib\site-packages\sklearn\base.py:493: UserWarning: X does not have valid feature names, but RandomForestClassifier was fitted with feature names
  warnings.warn(

2026-06-19 10:42:20,925:WARNING:c:\Users\Usuario\AppData\Local\Programs\Python\Python310\lib\site-packages\sklearn\base.py:493: UserWarning: X does not have valid feature names, but RandomForestClassifier was fitted with feature names
  warnings.warn(

2026-06-19 10:42:20,943:WARNING:c:\Users\Usuario\AppData\Local\Programs\Python\Python310\lib\site-packages\sklearn\base.py:493: UserWarning: X does not have valid feature names, but RandomForestClassifier was fitted with feature names
  warnings.warn(

2026-06-19 10:42:20,957:WARNING:c:\Users\Usuario\AppData\Local\Programs\Python\Python310\lib\site-packages\sklearn\base.py:493: UserWarning: X does not have valid feature names, but RandomForestClassifier was fitted with feature names
  warnings.warn(

2026-06-19 10:42:20,975:WARNING:c:\Users\Usuario\AppData\Local\Programs\Python\Python310\lib\site-packages\sklearn\base.py:493: UserWarning: X does not have valid feature names, but RandomForestClassifier was fitted with feature names
  warnings.warn(

2026-06-19 10:42:20,991:WARNING:c:\Users\Usuario\AppData\Local\Programs\Python\Python310\lib\site-packages\sklearn\base.py:493: UserWarning: X does not have valid feature names, but RandomForestClassifier was fitted with feature names
  warnings.warn(

2026-06-19 10:42:21,009:WARNING:c:\Users\Usuario\AppData\Local\Programs\Python\Python310\lib\site-packages\sklearn\base.py:493: UserWarning: X does not have valid feature names, but RandomForestClassifier was fitted with feature names
  warnings.warn(

2026-06-19 10:42:21,024:WARNING:c:\Users\Usuario\AppData\Local\Programs\Python\Python310\lib\site-packages\sklearn\base.py:493: UserWarning: X does not have valid feature names, but RandomForestClassifier was fitted with feature names
  warnings.warn(

2026-06-19 10:42:21,042:WARNING:c:\Users\Usuario\AppData\Local\Programs\Python\Python310\lib\site-packages\sklearn\base.py:493: UserWarning: X does not have valid feature names, but RandomForestClassifier was fitted with feature names
  warnings.warn(

2026-06-19 10:42:21,074:WARNING:c:\Users\Usuario\AppData\Local\Programs\Python\Python310\lib\site-packages\sklearn\base.py:493: UserWarning: X does not have valid feature names, but RandomForestClassifier was fitted with feature names
  warnings.warn(

2026-06-19 10:42:21,091:WARNING:c:\Users\Usuario\AppData\Local\Programs\Python\Python310\lib\site-packages\sklearn\base.py:493: UserWarning: X does not have valid feature names, but RandomForestClassifier was fitted with feature names
  warnings.warn(

2026-06-19 10:42:21,107:WARNING:c:\Users\Usuario\AppData\Local\Programs\Python\Python310\lib\site-packages\sklearn\base.py:493: UserWarning: X does not have valid feature names, but RandomForestClassifier was fitted with feature names
  warnings.warn(

2026-06-19 10:42:21,126:WARNING:c:\Users\Usuario\AppData\Local\Programs\Python\Python310\lib\site-packages\sklearn\base.py:493: UserWarning: X does not have valid feature names, but RandomForestClassifier was fitted with feature names
  warnings.warn(

2026-06-19 10:42:21,140:WARNING:c:\Users\Usuario\AppData\Local\Programs\Python\Python310\lib\site-packages\sklearn\base.py:493: UserWarning: X does not have valid feature names, but RandomForestClassifier was fitted with feature names
  warnings.warn(

2026-06-19 10:42:21,160:WARNING:c:\Users\Usuario\AppData\Local\Programs\Python\Python310\lib\site-packages\sklearn\base.py:493: UserWarning: X does not have valid feature names, but RandomForestClassifier was fitted with feature names
  warnings.warn(

2026-06-19 10:42:21,191:WARNING:c:\Users\Usuario\AppData\Local\Programs\Python\Python310\lib\site-packages\sklearn\base.py:493: UserWarning: X does not have valid feature names, but RandomForestClassifier was fitted with feature names
  warnings.warn(

2026-06-19 10:42:21,210:WARNING:c:\Users\Usuario\AppData\Local\Programs\Python\Python310\lib\site-packages\sklearn\base.py:493: UserWarning: X does not have valid feature names, but RandomForestClassifier was fitted with feature names
  warnings.warn(

2026-06-19 10:42:21,225:WARNING:c:\Users\Usuario\AppData\Local\Programs\Python\Python310\lib\site-packages\sklearn\base.py:493: UserWarning: X does not have valid feature names, but RandomForestClassifier was fitted with feature names
  warnings.warn(

2026-06-19 10:42:21,242:WARNING:c:\Users\Usuario\AppData\Local\Programs\Python\Python310\lib\site-packages\sklearn\base.py:493: UserWarning: X does not have valid feature names, but RandomForestClassifier was fitted with feature names
  warnings.warn(

2026-06-19 10:42:21,256:WARNING:c:\Users\Usuario\AppData\Local\Programs\Python\Python310\lib\site-packages\sklearn\base.py:493: UserWarning: X does not have valid feature names, but RandomForestClassifier was fitted with feature names
  warnings.warn(

2026-06-19 10:42:21,275:WARNING:c:\Users\Usuario\AppData\Local\Programs\Python\Python310\lib\site-packages\sklearn\base.py:493: UserWarning: X does not have valid feature names, but RandomForestClassifier was fitted with feature names
  warnings.warn(

2026-06-19 10:42:21,291:WARNING:c:\Users\Usuario\AppData\Local\Programs\Python\Python310\lib\site-packages\sklearn\base.py:493: UserWarning: X does not have valid feature names, but RandomForestClassifier was fitted with feature names
  warnings.warn(

2026-06-19 10:42:21,306:WARNING:c:\Users\Usuario\AppData\Local\Programs\Python\Python310\lib\site-packages\sklearn\base.py:493: UserWarning: X does not have valid feature names, but RandomForestClassifier was fitted with feature names
  warnings.warn(

2026-06-19 10:42:21,322:WARNING:c:\Users\Usuario\AppData\Local\Programs\Python\Python310\lib\site-packages\sklearn\base.py:493: UserWarning: X does not have valid feature names, but RandomForestClassifier was fitted with feature names
  warnings.warn(

2026-06-19 10:42:21,339:WARNING:c:\Users\Usuario\AppData\Local\Programs\Python\Python310\lib\site-packages\sklearn\base.py:493: UserWarning: X does not have valid feature names, but RandomForestClassifier was fitted with feature names
  warnings.warn(

2026-06-19 10:42:21,354:WARNING:c:\Users\Usuario\AppData\Local\Programs\Python\Python310\lib\site-packages\sklearn\base.py:493: UserWarning: X does not have valid feature names, but RandomForestClassifier was fitted with feature names
  warnings.warn(

2026-06-19 10:42:21,375:WARNING:c:\Users\Usuario\AppData\Local\Programs\Python\Python310\lib\site-packages\sklearn\base.py:493: UserWarning: X does not have valid feature names, but RandomForestClassifier was fitted with feature names
  warnings.warn(

2026-06-19 10:42:21,391:WARNING:c:\Users\Usuario\AppData\Local\Programs\Python\Python310\lib\site-packages\sklearn\base.py:493: UserWarning: X does not have valid feature names, but RandomForestClassifier was fitted with feature names
  warnings.warn(

2026-06-19 10:42:21,407:WARNING:c:\Users\Usuario\AppData\Local\Programs\Python\Python310\lib\site-packages\sklearn\base.py:493: UserWarning: X does not have valid feature names, but RandomForestClassifier was fitted with feature names
  warnings.warn(

2026-06-19 10:42:21,422:WARNING:c:\Users\Usuario\AppData\Local\Programs\Python\Python310\lib\site-packages\sklearn\base.py:493: UserWarning: X does not have valid feature names, but RandomForestClassifier was fitted with feature names
  warnings.warn(

2026-06-19 10:42:21,439:WARNING:c:\Users\Usuario\AppData\Local\Programs\Python\Python310\lib\site-packages\sklearn\base.py:493: UserWarning: X does not have valid feature names, but RandomForestClassifier was fitted with feature names
  warnings.warn(

2026-06-19 10:42:21,455:WARNING:c:\Users\Usuario\AppData\Local\Programs\Python\Python310\lib\site-packages\sklearn\base.py:493: UserWarning: X does not have valid feature names, but RandomForestClassifier was fitted with feature names
  warnings.warn(

2026-06-19 10:42:21,475:WARNING:c:\Users\Usuario\AppData\Local\Programs\Python\Python310\lib\site-packages\sklearn\base.py:493: UserWarning: X does not have valid feature names, but RandomForestClassifier was fitted with feature names
  warnings.warn(

2026-06-19 10:42:21,490:WARNING:c:\Users\Usuario\AppData\Local\Programs\Python\Python310\lib\site-packages\sklearn\base.py:493: UserWarning: X does not have valid feature names, but RandomForestClassifier was fitted with feature names
  warnings.warn(

2026-06-19 10:42:21,506:WARNING:c:\Users\Usuario\AppData\Local\Programs\Python\Python310\lib\site-packages\sklearn\base.py:493: UserWarning: X does not have valid feature names, but RandomForestClassifier was fitted with feature names
  warnings.warn(

2026-06-19 10:42:21,522:WARNING:c:\Users\Usuario\AppData\Local\Programs\Python\Python310\lib\site-packages\sklearn\base.py:493: UserWarning: X does not have valid feature names, but RandomForestClassifier was fitted with feature names
  warnings.warn(

2026-06-19 10:42:21,538:WARNING:c:\Users\Usuario\AppData\Local\Programs\Python\Python310\lib\site-packages\sklearn\base.py:493: UserWarning: X does not have valid feature names, but RandomForestClassifier was fitted with feature names
  warnings.warn(

2026-06-19 10:42:21,570:WARNING:c:\Users\Usuario\AppData\Local\Programs\Python\Python310\lib\site-packages\sklearn\base.py:493: UserWarning: X does not have valid feature names, but RandomForestClassifier was fitted with feature names
  warnings.warn(

2026-06-19 10:42:21,592:WARNING:c:\Users\Usuario\AppData\Local\Programs\Python\Python310\lib\site-packages\sklearn\base.py:493: UserWarning: X does not have valid feature names, but RandomForestClassifier was fitted with feature names
  warnings.warn(

2026-06-19 10:42:21,608:WARNING:c:\Users\Usuario\AppData\Local\Programs\Python\Python310\lib\site-packages\sklearn\base.py:493: UserWarning: X does not have valid feature names, but RandomForestClassifier was fitted with feature names
  warnings.warn(

2026-06-19 10:42:21,627:WARNING:c:\Users\Usuario\AppData\Local\Programs\Python\Python310\lib\site-packages\sklearn\base.py:493: UserWarning: X does not have valid feature names, but RandomForestClassifier was fitted with feature names
  warnings.warn(

2026-06-19 10:42:21,656:WARNING:c:\Users\Usuario\AppData\Local\Programs\Python\Python310\lib\site-packages\sklearn\base.py:493: UserWarning: X does not have valid feature names, but RandomForestClassifier was fitted with feature names
  warnings.warn(

2026-06-19 10:42:21,693:WARNING:c:\Users\Usuario\AppData\Local\Programs\Python\Python310\lib\site-packages\sklearn\base.py:493: UserWarning: X does not have valid feature names, but RandomForestClassifier was fitted with feature names
  warnings.warn(

2026-06-19 10:42:21,707:WARNING:c:\Users\Usuario\AppData\Local\Programs\Python\Python310\lib\site-packages\sklearn\base.py:493: UserWarning: X does not have valid feature names, but RandomForestClassifier was fitted with feature names
  warnings.warn(

2026-06-19 10:42:21,725:WARNING:c:\Users\Usuario\AppData\Local\Programs\Python\Python310\lib\site-packages\sklearn\base.py:493: UserWarning: X does not have valid feature names, but RandomForestClassifier was fitted with feature names
  warnings.warn(

2026-06-19 10:42:21,741:WARNING:c:\Users\Usuario\AppData\Local\Programs\Python\Python310\lib\site-packages\sklearn\base.py:493: UserWarning: X does not have valid feature names, but RandomForestClassifier was fitted with feature names
  warnings.warn(

2026-06-19 10:42:21,758:WARNING:c:\Users\Usuario\AppData\Local\Programs\Python\Python310\lib\site-packages\sklearn\base.py:493: UserWarning: X does not have valid feature names, but RandomForestClassifier was fitted with feature names
  warnings.warn(

2026-06-19 10:42:21,775:WARNING:c:\Users\Usuario\AppData\Local\Programs\Python\Python310\lib\site-packages\sklearn\base.py:493: UserWarning: X does not have valid feature names, but RandomForestClassifier was fitted with feature names
  warnings.warn(

2026-06-19 10:42:21,792:WARNING:c:\Users\Usuario\AppData\Local\Programs\Python\Python310\lib\site-packages\sklearn\base.py:493: UserWarning: X does not have valid feature names, but RandomForestClassifier was fitted with feature names
  warnings.warn(

2026-06-19 10:42:21,809:WARNING:c:\Users\Usuario\AppData\Local\Programs\Python\Python310\lib\site-packages\sklearn\base.py:493: UserWarning: X does not have valid feature names, but RandomForestClassifier was fitted with feature names
  warnings.warn(

2026-06-19 10:42:21,825:WARNING:c:\Users\Usuario\AppData\Local\Programs\Python\Python310\lib\site-packages\sklearn\base.py:493: UserWarning: X does not have valid feature names, but RandomForestClassifier was fitted with feature names
  warnings.warn(

2026-06-19 10:42:21,842:WARNING:c:\Users\Usuario\AppData\Local\Programs\Python\Python310\lib\site-packages\sklearn\base.py:493: UserWarning: X does not have valid feature names, but RandomForestClassifier was fitted with feature names
  warnings.warn(

2026-06-19 10:42:21,858:WARNING:c:\Users\Usuario\AppData\Local\Programs\Python\Python310\lib\site-packages\sklearn\base.py:493: UserWarning: X does not have valid feature names, but RandomForestClassifier was fitted with feature names
  warnings.warn(

2026-06-19 10:42:21,874:WARNING:c:\Users\Usuario\AppData\Local\Programs\Python\Python310\lib\site-packages\sklearn\base.py:493: UserWarning: X does not have valid feature names, but RandomForestClassifier was fitted with feature names
  warnings.warn(

2026-06-19 10:42:21,892:WARNING:c:\Users\Usuario\AppData\Local\Programs\Python\Python310\lib\site-packages\sklearn\base.py:493: UserWarning: X does not have valid feature names, but RandomForestClassifier was fitted with feature names
  warnings.warn(

2026-06-19 10:42:21,907:WARNING:c:\Users\Usuario\AppData\Local\Programs\Python\Python310\lib\site-packages\sklearn\base.py:493: UserWarning: X does not have valid feature names, but RandomForestClassifier was fitted with feature names
  warnings.warn(

2026-06-19 10:42:21,924:WARNING:c:\Users\Usuario\AppData\Local\Programs\Python\Python310\lib\site-packages\sklearn\base.py:493: UserWarning: X does not have valid feature names, but RandomForestClassifier was fitted with feature names
  warnings.warn(

2026-06-19 10:42:21,939:WARNING:c:\Users\Usuario\AppData\Local\Programs\Python\Python310\lib\site-packages\sklearn\base.py:493: UserWarning: X does not have valid feature names, but RandomForestClassifier was fitted with feature names
  warnings.warn(

2026-06-19 10:42:21,956:WARNING:c:\Users\Usuario\AppData\Local\Programs\Python\Python310\lib\site-packages\sklearn\base.py:493: UserWarning: X does not have valid feature names, but RandomForestClassifier was fitted with feature names
  warnings.warn(

2026-06-19 10:42:21,971:WARNING:c:\Users\Usuario\AppData\Local\Programs\Python\Python310\lib\site-packages\sklearn\base.py:493: UserWarning: X does not have valid feature names, but RandomForestClassifier was fitted with feature names
  warnings.warn(

2026-06-19 10:42:21,987:WARNING:c:\Users\Usuario\AppData\Local\Programs\Python\Python310\lib\site-packages\sklearn\base.py:493: UserWarning: X does not have valid feature names, but RandomForestClassifier was fitted with feature names
  warnings.warn(

2026-06-19 10:42:22,008:WARNING:c:\Users\Usuario\AppData\Local\Programs\Python\Python310\lib\site-packages\sklearn\base.py:493: UserWarning: X does not have valid feature names, but RandomForestClassifier was fitted with feature names
  warnings.warn(

2026-06-19 10:42:22,024:WARNING:c:\Users\Usuario\AppData\Local\Programs\Python\Python310\lib\site-packages\sklearn\base.py:493: UserWarning: X does not have valid feature names, but RandomForestClassifier was fitted with feature names
  warnings.warn(

2026-06-19 10:42:22,056:WARNING:c:\Users\Usuario\AppData\Local\Programs\Python\Python310\lib\site-packages\sklearn\base.py:493: UserWarning: X does not have valid feature names, but RandomForestClassifier was fitted with feature names
  warnings.warn(

2026-06-19 10:42:22,091:WARNING:c:\Users\Usuario\AppData\Local\Programs\Python\Python310\lib\site-packages\sklearn\base.py:493: UserWarning: X does not have valid feature names, but RandomForestClassifier was fitted with feature names
  warnings.warn(

2026-06-19 10:42:22,109:WARNING:c:\Users\Usuario\AppData\Local\Programs\Python\Python310\lib\site-packages\sklearn\base.py:493: UserWarning: X does not have valid feature names, but RandomForestClassifier was fitted with feature names
  warnings.warn(

2026-06-19 10:42:22,125:WARNING:c:\Users\Usuario\AppData\Local\Programs\Python\Python310\lib\site-packages\sklearn\base.py:493: UserWarning: X does not have valid feature names, but RandomForestClassifier was fitted with feature names
  warnings.warn(

2026-06-19 10:42:22,141:WARNING:c:\Users\Usuario\AppData\Local\Programs\Python\Python310\lib\site-packages\sklearn\base.py:493: UserWarning: X does not have valid feature names, but RandomForestClassifier was fitted with feature names
  warnings.warn(

2026-06-19 10:42:22,159:WARNING:c:\Users\Usuario\AppData\Local\Programs\Python\Python310\lib\site-packages\sklearn\base.py:493: UserWarning: X does not have valid feature names, but RandomForestClassifier was fitted with feature names
  warnings.warn(

2026-06-19 10:42:22,173:WARNING:c:\Users\Usuario\AppData\Local\Programs\Python\Python310\lib\site-packages\sklearn\base.py:493: UserWarning: X does not have valid feature names, but RandomForestClassifier was fitted with feature names
  warnings.warn(

2026-06-19 10:42:22,206:WARNING:c:\Users\Usuario\AppData\Local\Programs\Python\Python310\lib\site-packages\sklearn\base.py:493: UserWarning: X does not have valid feature names, but RandomForestClassifier was fitted with feature names
  warnings.warn(

2026-06-19 10:42:22,225:WARNING:c:\Users\Usuario\AppData\Local\Programs\Python\Python310\lib\site-packages\sklearn\base.py:493: UserWarning: X does not have valid feature names, but RandomForestClassifier was fitted with feature names
  warnings.warn(

2026-06-19 10:42:22,242:WARNING:c:\Users\Usuario\AppData\Local\Programs\Python\Python310\lib\site-packages\sklearn\base.py:493: UserWarning: X does not have valid feature names, but RandomForestClassifier was fitted with feature names
  warnings.warn(

2026-06-19 10:42:22,257:WARNING:c:\Users\Usuario\AppData\Local\Programs\Python\Python310\lib\site-packages\sklearn\base.py:493: UserWarning: X does not have valid feature names, but RandomForestClassifier was fitted with feature names
  warnings.warn(

2026-06-19 10:42:22,291:WARNING:c:\Users\Usuario\AppData\Local\Programs\Python\Python310\lib\site-packages\sklearn\base.py:493: UserWarning: X does not have valid feature names, but RandomForestClassifier was fitted with feature names
  warnings.warn(

2026-06-19 10:42:22,308:WARNING:c:\Users\Usuario\AppData\Local\Programs\Python\Python310\lib\site-packages\sklearn\base.py:493: UserWarning: X does not have valid feature names, but RandomForestClassifier was fitted with feature names
  warnings.warn(

2026-06-19 10:42:22,324:WARNING:c:\Users\Usuario\AppData\Local\Programs\Python\Python310\lib\site-packages\sklearn\base.py:493: UserWarning: X does not have valid feature names, but RandomForestClassifier was fitted with feature names
  warnings.warn(

2026-06-19 10:42:22,341:WARNING:c:\Users\Usuario\AppData\Local\Programs\Python\Python310\lib\site-packages\sklearn\base.py:493: UserWarning: X does not have valid feature names, but RandomForestClassifier was fitted with feature names
  warnings.warn(

2026-06-19 10:42:22,357:WARNING:c:\Users\Usuario\AppData\Local\Programs\Python\Python310\lib\site-packages\sklearn\base.py:493: UserWarning: X does not have valid feature names, but RandomForestClassifier was fitted with feature names
  warnings.warn(

2026-06-19 10:42:22,389:WARNING:c:\Users\Usuario\AppData\Local\Programs\Python\Python310\lib\site-packages\sklearn\base.py:493: UserWarning: X does not have valid feature names, but RandomForestClassifier was fitted with feature names
  warnings.warn(

2026-06-19 10:42:22,408:WARNING:c:\Users\Usuario\AppData\Local\Programs\Python\Python310\lib\site-packages\sklearn\base.py:493: UserWarning: X does not have valid feature names, but RandomForestClassifier was fitted with feature names
  warnings.warn(

2026-06-19 10:42:22,442:WARNING:c:\Users\Usuario\AppData\Local\Programs\Python\Python310\lib\site-packages\sklearn\base.py:493: UserWarning: X does not have valid feature names, but RandomForestClassifier was fitted with feature names
  warnings.warn(

2026-06-19 10:42:22,457:WARNING:c:\Users\Usuario\AppData\Local\Programs\Python\Python310\lib\site-packages\sklearn\base.py:493: UserWarning: X does not have valid feature names, but RandomForestClassifier was fitted with feature names
  warnings.warn(

2026-06-19 10:42:22,489:WARNING:c:\Users\Usuario\AppData\Local\Programs\Python\Python310\lib\site-packages\sklearn\base.py:493: UserWarning: X does not have valid feature names, but RandomForestClassifier was fitted with feature names
  warnings.warn(

2026-06-19 10:42:22,508:WARNING:c:\Users\Usuario\AppData\Local\Programs\Python\Python310\lib\site-packages\sklearn\base.py:493: UserWarning: X does not have valid feature names, but RandomForestClassifier was fitted with feature names
  warnings.warn(

2026-06-19 10:42:22,540:WARNING:c:\Users\Usuario\AppData\Local\Programs\Python\Python310\lib\site-packages\sklearn\base.py:493: UserWarning: X does not have valid feature names, but RandomForestClassifier was fitted with feature names
  warnings.warn(

2026-06-19 10:42:22,558:WARNING:c:\Users\Usuario\AppData\Local\Programs\Python\Python310\lib\site-packages\sklearn\base.py:493: UserWarning: X does not have valid feature names, but RandomForestClassifier was fitted with feature names
  warnings.warn(

2026-06-19 10:42:22,575:WARNING:c:\Users\Usuario\AppData\Local\Programs\Python\Python310\lib\site-packages\sklearn\base.py:493: UserWarning: X does not have valid feature names, but RandomForestClassifier was fitted with feature names
  warnings.warn(

2026-06-19 10:42:22,592:WARNING:c:\Users\Usuario\AppData\Local\Programs\Python\Python310\lib\site-packages\sklearn\base.py:493: UserWarning: X does not have valid feature names, but RandomForestClassifier was fitted with feature names
  warnings.warn(

2026-06-19 10:42:22,608:WARNING:c:\Users\Usuario\AppData\Local\Programs\Python\Python310\lib\site-packages\sklearn\base.py:493: UserWarning: X does not have valid feature names, but RandomForestClassifier was fitted with feature names
  warnings.warn(

2026-06-19 10:42:22,626:WARNING:c:\Users\Usuario\AppData\Local\Programs\Python\Python310\lib\site-packages\sklearn\base.py:493: UserWarning: X does not have valid feature names, but RandomForestClassifier was fitted with feature names
  warnings.warn(

2026-06-19 10:42:22,640:WARNING:c:\Users\Usuario\AppData\Local\Programs\Python\Python310\lib\site-packages\sklearn\base.py:493: UserWarning: X does not have valid feature names, but RandomForestClassifier was fitted with feature names
  warnings.warn(

2026-06-19 10:42:22,660:WARNING:c:\Users\Usuario\AppData\Local\Programs\Python\Python310\lib\site-packages\sklearn\base.py:493: UserWarning: X does not have valid feature names, but RandomForestClassifier was fitted with feature names
  warnings.warn(

2026-06-19 10:42:22,676:WARNING:c:\Users\Usuario\AppData\Local\Programs\Python\Python310\lib\site-packages\sklearn\base.py:493: UserWarning: X does not have valid feature names, but RandomForestClassifier was fitted with feature names
  warnings.warn(

2026-06-19 10:42:22,693:WARNING:c:\Users\Usuario\AppData\Local\Programs\Python\Python310\lib\site-packages\sklearn\base.py:493: UserWarning: X does not have valid feature names, but RandomForestClassifier was fitted with feature names
  warnings.warn(

2026-06-19 10:42:22,709:WARNING:c:\Users\Usuario\AppData\Local\Programs\Python\Python310\lib\site-packages\sklearn\base.py:493: UserWarning: X does not have valid feature names, but RandomForestClassifier was fitted with feature names
  warnings.warn(

2026-06-19 10:42:22,727:WARNING:c:\Users\Usuario\AppData\Local\Programs\Python\Python310\lib\site-packages\sklearn\base.py:493: UserWarning: X does not have valid feature names, but RandomForestClassifier was fitted with feature names
  warnings.warn(

2026-06-19 10:42:22,758:WARNING:c:\Users\Usuario\AppData\Local\Programs\Python\Python310\lib\site-packages\sklearn\base.py:493: UserWarning: X does not have valid feature names, but RandomForestClassifier was fitted with feature names
  warnings.warn(

2026-06-19 10:42:22,776:WARNING:c:\Users\Usuario\AppData\Local\Programs\Python\Python310\lib\site-packages\sklearn\base.py:493: UserWarning: X does not have valid feature names, but RandomForestClassifier was fitted with feature names
  warnings.warn(

2026-06-19 10:42:22,790:WARNING:c:\Users\Usuario\AppData\Local\Programs\Python\Python310\lib\site-packages\sklearn\base.py:493: UserWarning: X does not have valid feature names, but RandomForestClassifier was fitted with feature names
  warnings.warn(

2026-06-19 10:42:22,808:WARNING:c:\Users\Usuario\AppData\Local\Programs\Python\Python310\lib\site-packages\sklearn\base.py:493: UserWarning: X does not have valid feature names, but RandomForestClassifier was fitted with feature names
  warnings.warn(

2026-06-19 10:42:22,825:WARNING:c:\Users\Usuario\AppData\Local\Programs\Python\Python310\lib\site-packages\sklearn\base.py:493: UserWarning: X does not have valid feature names, but RandomForestClassifier was fitted with feature names
  warnings.warn(

2026-06-19 10:42:22,841:WARNING:c:\Users\Usuario\AppData\Local\Programs\Python\Python310\lib\site-packages\sklearn\base.py:493: UserWarning: X does not have valid feature names, but RandomForestClassifier was fitted with feature names
  warnings.warn(

2026-06-19 10:42:22,857:WARNING:c:\Users\Usuario\AppData\Local\Programs\Python\Python310\lib\site-packages\sklearn\base.py:493: UserWarning: X does not have valid feature names, but RandomForestClassifier was fitted with feature names
  warnings.warn(

2026-06-19 10:42:22,875:WARNING:c:\Users\Usuario\AppData\Local\Programs\Python\Python310\lib\site-packages\sklearn\base.py:493: UserWarning: X does not have valid feature names, but RandomForestClassifier was fitted with feature names
  warnings.warn(

2026-06-19 10:42:22,890:WARNING:c:\Users\Usuario\AppData\Local\Programs\Python\Python310\lib\site-packages\sklearn\base.py:493: UserWarning: X does not have valid feature names, but RandomForestClassifier was fitted with feature names
  warnings.warn(

2026-06-19 10:42:22,906:WARNING:c:\Users\Usuario\AppData\Local\Programs\Python\Python310\lib\site-packages\sklearn\base.py:493: UserWarning: X does not have valid feature names, but RandomForestClassifier was fitted with feature names
  warnings.warn(

2026-06-19 10:42:22,938:WARNING:c:\Users\Usuario\AppData\Local\Programs\Python\Python310\lib\site-packages\sklearn\base.py:493: UserWarning: X does not have valid feature names, but RandomForestClassifier was fitted with feature names
  warnings.warn(

2026-06-19 10:42:22,960:WARNING:c:\Users\Usuario\AppData\Local\Programs\Python\Python310\lib\site-packages\sklearn\base.py:493: UserWarning: X does not have valid feature names, but RandomForestClassifier was fitted with feature names
  warnings.warn(

2026-06-19 10:42:22,991:WARNING:c:\Users\Usuario\AppData\Local\Programs\Python\Python310\lib\site-packages\sklearn\base.py:493: UserWarning: X does not have valid feature names, but RandomForestClassifier was fitted with feature names
  warnings.warn(

2026-06-19 10:42:23,007:WARNING:c:\Users\Usuario\AppData\Local\Programs\Python\Python310\lib\site-packages\sklearn\base.py:493: UserWarning: X does not have valid feature names, but RandomForestClassifier was fitted with feature names
  warnings.warn(

2026-06-19 10:42:23,039:WARNING:c:\Users\Usuario\AppData\Local\Programs\Python\Python310\lib\site-packages\sklearn\base.py:493: UserWarning: X does not have valid feature names, but RandomForestClassifier was fitted with feature names
  warnings.warn(

2026-06-19 10:42:23,059:WARNING:c:\Users\Usuario\AppData\Local\Programs\Python\Python310\lib\site-packages\sklearn\base.py:493: UserWarning: X does not have valid feature names, but RandomForestClassifier was fitted with feature names
  warnings.warn(

2026-06-19 10:42:23,089:WARNING:c:\Users\Usuario\AppData\Local\Programs\Python\Python310\lib\site-packages\sklearn\base.py:493: UserWarning: X does not have valid feature names, but RandomForestClassifier was fitted with feature names
  warnings.warn(

2026-06-19 10:42:23,121:WARNING:c:\Users\Usuario\AppData\Local\Programs\Python\Python310\lib\site-packages\sklearn\base.py:493: UserWarning: X does not have valid feature names, but RandomForestClassifier was fitted with feature names
  warnings.warn(

2026-06-19 10:42:23,137:WARNING:c:\Users\Usuario\AppData\Local\Programs\Python\Python310\lib\site-packages\sklearn\base.py:493: UserWarning: X does not have valid feature names, but RandomForestClassifier was fitted with feature names
  warnings.warn(

2026-06-19 10:42:23,158:WARNING:c:\Users\Usuario\AppData\Local\Programs\Python\Python310\lib\site-packages\sklearn\base.py:493: UserWarning: X does not have valid feature names, but RandomForestClassifier was fitted with feature names
  warnings.warn(

2026-06-19 10:42:23,174:WARNING:c:\Users\Usuario\AppData\Local\Programs\Python\Python310\lib\site-packages\sklearn\base.py:493: UserWarning: X does not have valid feature names, but RandomForestClassifier was fitted with feature names
  warnings.warn(

2026-06-19 10:42:23,189:WARNING:c:\Users\Usuario\AppData\Local\Programs\Python\Python310\lib\site-packages\sklearn\base.py:493: UserWarning: X does not have valid feature names, but RandomForestClassifier was fitted with feature names
  warnings.warn(

2026-06-19 10:42:23,205:WARNING:c:\Users\Usuario\AppData\Local\Programs\Python\Python310\lib\site-packages\sklearn\base.py:493: UserWarning: X does not have valid feature names, but RandomForestClassifier was fitted with feature names
  warnings.warn(

2026-06-19 10:42:23,221:WARNING:c:\Users\Usuario\AppData\Local\Programs\Python\Python310\lib\site-packages\sklearn\base.py:493: UserWarning: X does not have valid feature names, but RandomForestClassifier was fitted with feature names
  warnings.warn(

2026-06-19 10:42:23,237:WARNING:c:\Users\Usuario\AppData\Local\Programs\Python\Python310\lib\site-packages\sklearn\base.py:493: UserWarning: X does not have valid feature names, but RandomForestClassifier was fitted with feature names
  warnings.warn(

2026-06-19 10:42:23,258:WARNING:c:\Users\Usuario\AppData\Local\Programs\Python\Python310\lib\site-packages\sklearn\base.py:493: UserWarning: X does not have valid feature names, but RandomForestClassifier was fitted with feature names
  warnings.warn(

2026-06-19 10:42:23,290:WARNING:c:\Users\Usuario\AppData\Local\Programs\Python\Python310\lib\site-packages\sklearn\base.py:493: UserWarning: X does not have valid feature names, but RandomForestClassifier was fitted with feature names
  warnings.warn(

2026-06-19 10:42:23,305:WARNING:c:\Users\Usuario\AppData\Local\Programs\Python\Python310\lib\site-packages\sklearn\base.py:493: UserWarning: X does not have valid feature names, but RandomForestClassifier was fitted with feature names
  warnings.warn(

2026-06-19 10:42:23,337:WARNING:c:\Users\Usuario\AppData\Local\Programs\Python\Python310\lib\site-packages\sklearn\base.py:493: UserWarning: X does not have valid feature names, but RandomForestClassifier was fitted with feature names
  warnings.warn(

2026-06-19 10:42:23,356:WARNING:c:\Users\Usuario\AppData\Local\Programs\Python\Python310\lib\site-packages\sklearn\base.py:493: UserWarning: X does not have valid feature names, but RandomForestClassifier was fitted with feature names
  warnings.warn(

2026-06-19 10:42:23,375:WARNING:c:\Users\Usuario\AppData\Local\Programs\Python\Python310\lib\site-packages\sklearn\base.py:493: UserWarning: X does not have valid feature names, but RandomForestClassifier was fitted with feature names
  warnings.warn(

2026-06-19 10:42:23,393:WARNING:c:\Users\Usuario\AppData\Local\Programs\Python\Python310\lib\site-packages\sklearn\base.py:493: UserWarning: X does not have valid feature names, but RandomForestClassifier was fitted with feature names
  warnings.warn(

2026-06-19 10:42:23,406:WARNING:c:\Users\Usuario\AppData\Local\Programs\Python\Python310\lib\site-packages\sklearn\base.py:493: UserWarning: X does not have valid feature names, but RandomForestClassifier was fitted with feature names
  warnings.warn(

2026-06-19 10:42:23,424:WARNING:c:\Users\Usuario\AppData\Local\Programs\Python\Python310\lib\site-packages\sklearn\base.py:493: UserWarning: X does not have valid feature names, but RandomForestClassifier was fitted with feature names
  warnings.warn(

2026-06-19 10:42:23,438:WARNING:c:\Users\Usuario\AppData\Local\Programs\Python\Python310\lib\site-packages\sklearn\base.py:493: UserWarning: X does not have valid feature names, but RandomForestClassifier was fitted with feature names
  warnings.warn(

2026-06-19 10:42:23,455:WARNING:c:\Users\Usuario\AppData\Local\Programs\Python\Python310\lib\site-packages\sklearn\base.py:493: UserWarning: X does not have valid feature names, but RandomForestClassifier was fitted with feature names
  warnings.warn(

2026-06-19 10:42:23,476:WARNING:c:\Users\Usuario\AppData\Local\Programs\Python\Python310\lib\site-packages\sklearn\base.py:493: UserWarning: X does not have valid feature names, but RandomForestClassifier was fitted with feature names
  warnings.warn(

2026-06-19 10:42:23,491:WARNING:c:\Users\Usuario\AppData\Local\Programs\Python\Python310\lib\site-packages\sklearn\base.py:493: UserWarning: X does not have valid feature names, but RandomForestClassifier was fitted with feature names
  warnings.warn(

2026-06-19 10:42:23,507:WARNING:c:\Users\Usuario\AppData\Local\Programs\Python\Python310\lib\site-packages\sklearn\base.py:493: UserWarning: X does not have valid feature names, but RandomForestClassifier was fitted with feature names
  warnings.warn(

2026-06-19 10:42:23,522:WARNING:c:\Users\Usuario\AppData\Local\Programs\Python\Python310\lib\site-packages\sklearn\base.py:493: UserWarning: X does not have valid feature names, but RandomForestClassifier was fitted with feature names
  warnings.warn(

2026-06-19 10:42:23,554:WARNING:c:\Users\Usuario\AppData\Local\Programs\Python\Python310\lib\site-packages\sklearn\base.py:493: UserWarning: X does not have valid feature names, but RandomForestClassifier was fitted with feature names
  warnings.warn(

2026-06-19 10:42:23,576:WARNING:c:\Users\Usuario\AppData\Local\Programs\Python\Python310\lib\site-packages\sklearn\base.py:493: UserWarning: X does not have valid feature names, but RandomForestClassifier was fitted with feature names
  warnings.warn(

2026-06-19 10:42:23,607:WARNING:c:\Users\Usuario\AppData\Local\Programs\Python\Python310\lib\site-packages\sklearn\base.py:493: UserWarning: X does not have valid feature names, but RandomForestClassifier was fitted with feature names
  warnings.warn(

2026-06-19 10:42:23,623:WARNING:c:\Users\Usuario\AppData\Local\Programs\Python\Python310\lib\site-packages\sklearn\base.py:493: UserWarning: X does not have valid feature names, but RandomForestClassifier was fitted with feature names
  warnings.warn(

2026-06-19 10:42:23,639:WARNING:c:\Users\Usuario\AppData\Local\Programs\Python\Python310\lib\site-packages\sklearn\base.py:493: UserWarning: X does not have valid feature names, but RandomForestClassifier was fitted with feature names
  warnings.warn(

2026-06-19 10:42:23,657:WARNING:c:\Users\Usuario\AppData\Local\Programs\Python\Python310\lib\site-packages\sklearn\base.py:493: UserWarning: X does not have valid feature names, but RandomForestClassifier was fitted with feature names
  warnings.warn(

2026-06-19 10:42:23,674:WARNING:c:\Users\Usuario\AppData\Local\Programs\Python\Python310\lib\site-packages\sklearn\base.py:493: UserWarning: X does not have valid feature names, but RandomForestClassifier was fitted with feature names
  warnings.warn(

2026-06-19 10:42:23,692:WARNING:c:\Users\Usuario\AppData\Local\Programs\Python\Python310\lib\site-packages\sklearn\base.py:493: UserWarning: X does not have valid feature names, but RandomForestClassifier was fitted with feature names
  warnings.warn(

2026-06-19 10:42:23,724:WARNING:c:\Users\Usuario\AppData\Local\Programs\Python\Python310\lib\site-packages\sklearn\base.py:493: UserWarning: X does not have valid feature names, but RandomForestClassifier was fitted with feature names
  warnings.warn(

2026-06-19 10:42:23,761:WARNING:c:\Users\Usuario\AppData\Local\Programs\Python\Python310\lib\site-packages\sklearn\base.py:493: UserWarning: X does not have valid feature names, but RandomForestClassifier was fitted with feature names
  warnings.warn(

2026-06-19 10:42:23,790:WARNING:c:\Users\Usuario\AppData\Local\Programs\Python\Python310\lib\site-packages\sklearn\base.py:493: UserWarning: X does not have valid feature names, but RandomForestClassifier was fitted with feature names
  warnings.warn(

2026-06-19 10:42:23,809:WARNING:c:\Users\Usuario\AppData\Local\Programs\Python\Python310\lib\site-packages\sklearn\base.py:493: UserWarning: X does not have valid feature names, but RandomForestClassifier was fitted with feature names
  warnings.warn(

2026-06-19 10:42:23,825:WARNING:c:\Users\Usuario\AppData\Local\Programs\Python\Python310\lib\site-packages\sklearn\base.py:493: UserWarning: X does not have valid feature names, but RandomForestClassifier was fitted with feature names
  warnings.warn(

2026-06-19 10:42:23,843:WARNING:c:\Users\Usuario\AppData\Local\Programs\Python\Python310\lib\site-packages\sklearn\base.py:493: UserWarning: X does not have valid feature names, but RandomForestClassifier was fitted with feature names
  warnings.warn(

2026-06-19 10:42:23,858:WARNING:c:\Users\Usuario\AppData\Local\Programs\Python\Python310\lib\site-packages\sklearn\base.py:493: UserWarning: X does not have valid feature names, but RandomForestClassifier was fitted with feature names
  warnings.warn(

2026-06-19 10:42:23,876:WARNING:c:\Users\Usuario\AppData\Local\Programs\Python\Python310\lib\site-packages\sklearn\base.py:493: UserWarning: X does not have valid feature names, but RandomForestClassifier was fitted with feature names
  warnings.warn(

2026-06-19 10:42:23,892:WARNING:c:\Users\Usuario\AppData\Local\Programs\Python\Python310\lib\site-packages\sklearn\base.py:493: UserWarning: X does not have valid feature names, but RandomForestClassifier was fitted with feature names
  warnings.warn(

2026-06-19 10:42:23,926:WARNING:c:\Users\Usuario\AppData\Local\Programs\Python\Python310\lib\site-packages\sklearn\base.py:493: UserWarning: X does not have valid feature names, but RandomForestClassifier was fitted with feature names
  warnings.warn(

2026-06-19 10:42:23,957:WARNING:c:\Users\Usuario\AppData\Local\Programs\Python\Python310\lib\site-packages\sklearn\base.py:493: UserWarning: X does not have valid feature names, but RandomForestClassifier was fitted with feature names
  warnings.warn(

2026-06-19 10:42:23,992:WARNING:c:\Users\Usuario\AppData\Local\Programs\Python\Python310\lib\site-packages\sklearn\base.py:493: UserWarning: X does not have valid feature names, but RandomForestClassifier was fitted with feature names
  warnings.warn(

2026-06-19 10:42:24,025:WARNING:c:\Users\Usuario\AppData\Local\Programs\Python\Python310\lib\site-packages\sklearn\base.py:493: UserWarning: X does not have valid feature names, but RandomForestClassifier was fitted with feature names
  warnings.warn(

2026-06-19 10:42:24,043:WARNING:c:\Users\Usuario\AppData\Local\Programs\Python\Python310\lib\site-packages\sklearn\base.py:493: UserWarning: X does not have valid feature names, but RandomForestClassifier was fitted with feature names
  warnings.warn(

2026-06-19 10:42:24,057:WARNING:c:\Users\Usuario\AppData\Local\Programs\Python\Python310\lib\site-packages\sklearn\base.py:493: UserWarning: X does not have valid feature names, but RandomForestClassifier was fitted with feature names
  warnings.warn(

2026-06-19 10:42:24,072:WARNING:c:\Users\Usuario\AppData\Local\Programs\Python\Python310\lib\site-packages\sklearn\base.py:493: UserWarning: X does not have valid feature names, but RandomForestClassifier was fitted with feature names
  warnings.warn(

2026-06-19 10:42:24,087:WARNING:c:\Users\Usuario\AppData\Local\Programs\Python\Python310\lib\site-packages\sklearn\base.py:493: UserWarning: X does not have valid feature names, but RandomForestClassifier was fitted with feature names
  warnings.warn(

2026-06-19 10:42:24,109:WARNING:c:\Users\Usuario\AppData\Local\Programs\Python\Python310\lib\site-packages\sklearn\base.py:493: UserWarning: X does not have valid feature names, but RandomForestClassifier was fitted with feature names
  warnings.warn(

2026-06-19 10:42:24,141:WARNING:c:\Users\Usuario\AppData\Local\Programs\Python\Python310\lib\site-packages\sklearn\base.py:493: UserWarning: X does not have valid feature names, but RandomForestClassifier was fitted with feature names
  warnings.warn(

2026-06-19 10:42:24,157:WARNING:c:\Users\Usuario\AppData\Local\Programs\Python\Python310\lib\site-packages\sklearn\base.py:493: UserWarning: X does not have valid feature names, but RandomForestClassifier was fitted with feature names
  warnings.warn(

2026-06-19 10:42:24,172:WARNING:c:\Users\Usuario\AppData\Local\Programs\Python\Python310\lib\site-packages\sklearn\base.py:493: UserWarning: X does not have valid feature names, but RandomForestClassifier was fitted with feature names
  warnings.warn(

2026-06-19 10:42:24,191:WARNING:c:\Users\Usuario\AppData\Local\Programs\Python\Python310\lib\site-packages\sklearn\base.py:493: UserWarning: X does not have valid feature names, but RandomForestClassifier was fitted with feature names
  warnings.warn(

2026-06-19 10:42:24,205:WARNING:c:\Users\Usuario\AppData\Local\Programs\Python\Python310\lib\site-packages\sklearn\base.py:493: UserWarning: X does not have valid feature names, but RandomForestClassifier was fitted with feature names
  warnings.warn(

2026-06-19 10:42:24,225:WARNING:c:\Users\Usuario\AppData\Local\Programs\Python\Python310\lib\site-packages\sklearn\base.py:493: UserWarning: X does not have valid feature names, but RandomForestClassifier was fitted with feature names
  warnings.warn(

2026-06-19 10:42:24,242:WARNING:c:\Users\Usuario\AppData\Local\Programs\Python\Python310\lib\site-packages\sklearn\base.py:493: UserWarning: X does not have valid feature names, but RandomForestClassifier was fitted with feature names
  warnings.warn(

2026-06-19 10:42:24,263:WARNING:c:\Users\Usuario\AppData\Local\Programs\Python\Python310\lib\site-packages\sklearn\base.py:493: UserWarning: X does not have valid feature names, but RandomForestClassifier was fitted with feature names
  warnings.warn(

2026-06-19 10:42:24,292:WARNING:c:\Users\Usuario\AppData\Local\Programs\Python\Python310\lib\site-packages\sklearn\base.py:493: UserWarning: X does not have valid feature names, but RandomForestClassifier was fitted with feature names
  warnings.warn(

2026-06-19 10:42:24,325:WARNING:c:\Users\Usuario\AppData\Local\Programs\Python\Python310\lib\site-packages\sklearn\base.py:493: UserWarning: X does not have valid feature names, but RandomForestClassifier was fitted with feature names
  warnings.warn(

2026-06-19 10:42:24,359:WARNING:c:\Users\Usuario\AppData\Local\Programs\Python\Python310\lib\site-packages\sklearn\base.py:493: UserWarning: X does not have valid feature names, but RandomForestClassifier was fitted with feature names
  warnings.warn(

2026-06-19 10:42:24,394:WARNING:c:\Users\Usuario\AppData\Local\Programs\Python\Python310\lib\site-packages\sklearn\base.py:493: UserWarning: X does not have valid feature names, but RandomForestClassifier was fitted with feature names
  warnings.warn(

2026-06-19 10:42:24,423:WARNING:c:\Users\Usuario\AppData\Local\Programs\Python\Python310\lib\site-packages\sklearn\base.py:493: UserWarning: X does not have valid feature names, but RandomForestClassifier was fitted with feature names
  warnings.warn(

2026-06-19 10:42:24,460:WARNING:c:\Users\Usuario\AppData\Local\Programs\Python\Python310\lib\site-packages\sklearn\base.py:493: UserWarning: X does not have valid feature names, but RandomForestClassifier was fitted with feature names
  warnings.warn(

2026-06-19 10:42:24,490:WARNING:c:\Users\Usuario\AppData\Local\Programs\Python\Python310\lib\site-packages\sklearn\base.py:493: UserWarning: X does not have valid feature names, but RandomForestClassifier was fitted with feature names
  warnings.warn(

2026-06-19 10:42:24,527:WARNING:c:\Users\Usuario\AppData\Local\Programs\Python\Python310\lib\site-packages\sklearn\base.py:493: UserWarning: X does not have valid feature names, but RandomForestClassifier was fitted with feature names
  warnings.warn(

2026-06-19 10:42:24,557:WARNING:c:\Users\Usuario\AppData\Local\Programs\Python\Python310\lib\site-packages\sklearn\base.py:493: UserWarning: X does not have valid feature names, but RandomForestClassifier was fitted with feature names
  warnings.warn(

2026-06-19 10:42:24,572:WARNING:c:\Users\Usuario\AppData\Local\Programs\Python\Python310\lib\site-packages\sklearn\base.py:493: UserWarning: X does not have valid feature names, but RandomForestClassifier was fitted with feature names
  warnings.warn(

2026-06-19 10:42:24,588:WARNING:c:\Users\Usuario\AppData\Local\Programs\Python\Python310\lib\site-packages\sklearn\base.py:493: UserWarning: X does not have valid feature names, but RandomForestClassifier was fitted with feature names
  warnings.warn(

2026-06-19 10:42:24,606:WARNING:c:\Users\Usuario\AppData\Local\Programs\Python\Python310\lib\site-packages\sklearn\base.py:493: UserWarning: X does not have valid feature names, but RandomForestClassifier was fitted with feature names
  warnings.warn(

2026-06-19 10:42:24,623:WARNING:c:\Users\Usuario\AppData\Local\Programs\Python\Python310\lib\site-packages\sklearn\base.py:493: UserWarning: X does not have valid feature names, but RandomForestClassifier was fitted with feature names
  warnings.warn(

2026-06-19 10:42:24,642:WARNING:c:\Users\Usuario\AppData\Local\Programs\Python\Python310\lib\site-packages\sklearn\base.py:493: UserWarning: X does not have valid feature names, but RandomForestClassifier was fitted with feature names
  warnings.warn(

2026-06-19 10:42:24,658:WARNING:c:\Users\Usuario\AppData\Local\Programs\Python\Python310\lib\site-packages\sklearn\base.py:493: UserWarning: X does not have valid feature names, but RandomForestClassifier was fitted with feature names
  warnings.warn(

2026-06-19 10:42:24,675:WARNING:c:\Users\Usuario\AppData\Local\Programs\Python\Python310\lib\site-packages\sklearn\base.py:493: UserWarning: X does not have valid feature names, but RandomForestClassifier was fitted with feature names
  warnings.warn(

2026-06-19 10:42:24,690:WARNING:c:\Users\Usuario\AppData\Local\Programs\Python\Python310\lib\site-packages\sklearn\base.py:493: UserWarning: X does not have valid feature names, but RandomForestClassifier was fitted with feature names
  warnings.warn(

2026-06-19 10:42:24,709:WARNING:c:\Users\Usuario\AppData\Local\Programs\Python\Python310\lib\site-packages\sklearn\base.py:493: UserWarning: X does not have valid feature names, but RandomForestClassifier was fitted with feature names
  warnings.warn(

2026-06-19 10:42:24,725:WARNING:c:\Users\Usuario\AppData\Local\Programs\Python\Python310\lib\site-packages\sklearn\base.py:493: UserWarning: X does not have valid feature names, but RandomForestClassifier was fitted with feature names
  warnings.warn(

2026-06-19 10:42:24,741:WARNING:c:\Users\Usuario\AppData\Local\Programs\Python\Python310\lib\site-packages\sklearn\base.py:493: UserWarning: X does not have valid feature names, but RandomForestClassifier was fitted with feature names
  warnings.warn(

2026-06-19 10:42:24,757:WARNING:c:\Users\Usuario\AppData\Local\Programs\Python\Python310\lib\site-packages\sklearn\base.py:493: UserWarning: X does not have valid feature names, but RandomForestClassifier was fitted with feature names
  warnings.warn(

2026-06-19 10:42:24,774:WARNING:c:\Users\Usuario\AppData\Local\Programs\Python\Python310\lib\site-packages\sklearn\base.py:493: UserWarning: X does not have valid feature names, but RandomForestClassifier was fitted with feature names
  warnings.warn(

2026-06-19 10:42:24,790:WARNING:c:\Users\Usuario\AppData\Local\Programs\Python\Python310\lib\site-packages\sklearn\base.py:493: UserWarning: X does not have valid feature names, but RandomForestClassifier was fitted with feature names
  warnings.warn(

2026-06-19 10:42:24,808:WARNING:c:\Users\Usuario\AppData\Local\Programs\Python\Python310\lib\site-packages\sklearn\base.py:493: UserWarning: X does not have valid feature names, but RandomForestClassifier was fitted with feature names
  warnings.warn(

2026-06-19 10:42:24,824:WARNING:c:\Users\Usuario\AppData\Local\Programs\Python\Python310\lib\site-packages\sklearn\base.py:493: UserWarning: X does not have valid feature names, but RandomForestClassifier was fitted with feature names
  warnings.warn(

2026-06-19 10:42:24,844:WARNING:c:\Users\Usuario\AppData\Local\Programs\Python\Python310\lib\site-packages\sklearn\base.py:493: UserWarning: X does not have valid feature names, but RandomForestClassifier was fitted with feature names
  warnings.warn(

2026-06-19 10:42:24,873:WARNING:c:\Users\Usuario\AppData\Local\Programs\Python\Python310\lib\site-packages\sklearn\base.py:493: UserWarning: X does not have valid feature names, but RandomForestClassifier was fitted with feature names
  warnings.warn(

2026-06-19 10:42:24,890:WARNING:c:\Users\Usuario\AppData\Local\Programs\Python\Python310\lib\site-packages\sklearn\base.py:493: UserWarning: X does not have valid feature names, but RandomForestClassifier was fitted with feature names
  warnings.warn(

2026-06-19 10:42:24,924:WARNING:c:\Users\Usuario\AppData\Local\Programs\Python\Python310\lib\site-packages\sklearn\base.py:493: UserWarning: X does not have valid feature names, but RandomForestClassifier was fitted with feature names
  warnings.warn(

2026-06-19 10:42:24,942:WARNING:c:\Users\Usuario\AppData\Local\Programs\Python\Python310\lib\site-packages\sklearn\base.py:493: UserWarning: X does not have valid feature names, but RandomForestClassifier was fitted with feature names
  warnings.warn(

2026-06-19 10:42:24,957:WARNING:c:\Users\Usuario\AppData\Local\Programs\Python\Python310\lib\site-packages\sklearn\base.py:493: UserWarning: X does not have valid feature names, but RandomForestClassifier was fitted with feature names
  warnings.warn(

2026-06-19 10:42:24,973:WARNING:c:\Users\Usuario\AppData\Local\Programs\Python\Python310\lib\site-packages\sklearn\base.py:493: UserWarning: X does not have valid feature names, but RandomForestClassifier was fitted with feature names
  warnings.warn(

2026-06-19 10:42:24,989:WARNING:c:\Users\Usuario\AppData\Local\Programs\Python\Python310\lib\site-packages\sklearn\base.py:493: UserWarning: X does not have valid feature names, but RandomForestClassifier was fitted with feature names
  warnings.warn(

2026-06-19 10:42:25,005:WARNING:c:\Users\Usuario\AppData\Local\Programs\Python\Python310\lib\site-packages\sklearn\base.py:493: UserWarning: X does not have valid feature names, but RandomForestClassifier was fitted with feature names
  warnings.warn(

2026-06-19 10:42:25,022:WARNING:c:\Users\Usuario\AppData\Local\Programs\Python\Python310\lib\site-packages\sklearn\base.py:493: UserWarning: X does not have valid feature names, but RandomForestClassifier was fitted with feature names
  warnings.warn(

2026-06-19 10:42:25,044:WARNING:c:\Users\Usuario\AppData\Local\Programs\Python\Python310\lib\site-packages\sklearn\base.py:493: UserWarning: X does not have valid feature names, but RandomForestClassifier was fitted with feature names
  warnings.warn(

2026-06-19 10:42:25,074:WARNING:c:\Users\Usuario\AppData\Local\Programs\Python\Python310\lib\site-packages\sklearn\base.py:493: UserWarning: X does not have valid feature names, but RandomForestClassifier was fitted with feature names
  warnings.warn(

2026-06-19 10:42:25,108:WARNING:c:\Users\Usuario\AppData\Local\Programs\Python\Python310\lib\site-packages\sklearn\base.py:493: UserWarning: X does not have valid feature names, but RandomForestClassifier was fitted with feature names
  warnings.warn(

2026-06-19 10:42:25,140:WARNING:c:\Users\Usuario\AppData\Local\Programs\Python\Python310\lib\site-packages\sklearn\base.py:493: UserWarning: X does not have valid feature names, but RandomForestClassifier was fitted with feature names
  warnings.warn(

2026-06-19 10:42:25,159:WARNING:c:\Users\Usuario\AppData\Local\Programs\Python\Python310\lib\site-packages\sklearn\base.py:493: UserWarning: X does not have valid feature names, but RandomForestClassifier was fitted with feature names
  warnings.warn(

2026-06-19 10:42:25,190:WARNING:c:\Users\Usuario\AppData\Local\Programs\Python\Python310\lib\site-packages\sklearn\base.py:493: UserWarning: X does not have valid feature names, but RandomForestClassifier was fitted with feature names
  warnings.warn(

2026-06-19 10:42:25,207:WARNING:c:\Users\Usuario\AppData\Local\Programs\Python\Python310\lib\site-packages\sklearn\base.py:493: UserWarning: X does not have valid feature names, but RandomForestClassifier was fitted with feature names
  warnings.warn(

2026-06-19 10:42:25,239:WARNING:c:\Users\Usuario\AppData\Local\Programs\Python\Python310\lib\site-packages\sklearn\base.py:493: UserWarning: X does not have valid feature names, but RandomForestClassifier was fitted with feature names
  warnings.warn(

2026-06-19 10:42:25,276:WARNING:c:\Users\Usuario\AppData\Local\Programs\Python\Python310\lib\site-packages\sklearn\base.py:493: UserWarning: X does not have valid feature names, but RandomForestClassifier was fitted with feature names
  warnings.warn(

2026-06-19 10:42:25,304:WARNING:c:\Users\Usuario\AppData\Local\Programs\Python\Python310\lib\site-packages\sklearn\base.py:493: UserWarning: X does not have valid feature names, but RandomForestClassifier was fitted with feature names
  warnings.warn(

2026-06-19 10:42:25,335:WARNING:c:\Users\Usuario\AppData\Local\Programs\Python\Python310\lib\site-packages\sklearn\base.py:493: UserWarning: X does not have valid feature names, but RandomForestClassifier was fitted with feature names
  warnings.warn(

2026-06-19 10:42:25,356:WARNING:c:\Users\Usuario\AppData\Local\Programs\Python\Python310\lib\site-packages\sklearn\base.py:493: UserWarning: X does not have valid feature names, but RandomForestClassifier was fitted with feature names
  warnings.warn(

2026-06-19 10:42:25,391:WARNING:c:\Users\Usuario\AppData\Local\Programs\Python\Python310\lib\site-packages\sklearn\base.py:493: UserWarning: X does not have valid feature names, but RandomForestClassifier was fitted with feature names
  warnings.warn(

2026-06-19 10:42:25,422:WARNING:c:\Users\Usuario\AppData\Local\Programs\Python\Python310\lib\site-packages\sklearn\base.py:493: UserWarning: X does not have valid feature names, but RandomForestClassifier was fitted with feature names
  warnings.warn(

2026-06-19 10:42:25,452:WARNING:c:\Users\Usuario\AppData\Local\Programs\Python\Python310\lib\site-packages\sklearn\base.py:493: UserWarning: X does not have valid feature names, but RandomForestClassifier was fitted with feature names
  warnings.warn(

2026-06-19 10:42:25,481:WARNING:c:\Users\Usuario\AppData\Local\Programs\Python\Python310\lib\site-packages\sklearn\base.py:493: UserWarning: X does not have valid feature names, but RandomForestClassifier was fitted with feature names
  warnings.warn(

2026-06-19 10:42:25,517:WARNING:c:\Users\Usuario\AppData\Local\Programs\Python\Python310\lib\site-packages\sklearn\base.py:493: UserWarning: X does not have valid feature names, but RandomForestClassifier was fitted with feature names
  warnings.warn(

2026-06-19 10:42:25,558:WARNING:c:\Users\Usuario\AppData\Local\Programs\Python\Python310\lib\site-packages\sklearn\base.py:493: UserWarning: X does not have valid feature names, but RandomForestClassifier was fitted with feature names
  warnings.warn(

2026-06-19 10:42:25,597:WARNING:c:\Users\Usuario\AppData\Local\Programs\Python\Python310\lib\site-packages\sklearn\base.py:493: UserWarning: X does not have valid feature names, but RandomForestClassifier was fitted with feature names
  warnings.warn(

2026-06-19 10:42:25,674:WARNING:c:\Users\Usuario\AppData\Local\Programs\Python\Python310\lib\site-packages\sklearn\base.py:493: UserWarning: X does not have valid feature names, but RandomForestClassifier was fitted with feature names
  warnings.warn(

2026-06-19 10:42:25,736:WARNING:c:\Users\Usuario\AppData\Local\Programs\Python\Python310\lib\site-packages\sklearn\base.py:493: UserWarning: X does not have valid feature names, but RandomForestClassifier was fitted with feature names
  warnings.warn(

2026-06-19 10:42:25,775:WARNING:c:\Users\Usuario\AppData\Local\Programs\Python\Python310\lib\site-packages\sklearn\base.py:493: UserWarning: X does not have valid feature names, but RandomForestClassifier was fitted with feature names
  warnings.warn(

2026-06-19 10:42:25,810:WARNING:c:\Users\Usuario\AppData\Local\Programs\Python\Python310\lib\site-packages\sklearn\base.py:493: UserWarning: X does not have valid feature names, but RandomForestClassifier was fitted with feature names
  warnings.warn(

2026-06-19 10:42:25,840:WARNING:c:\Users\Usuario\AppData\Local\Programs\Python\Python310\lib\site-packages\sklearn\base.py:493: UserWarning: X does not have valid feature names, but RandomForestClassifier was fitted with feature names
  warnings.warn(

2026-06-19 10:42:25,883:WARNING:c:\Users\Usuario\AppData\Local\Programs\Python\Python310\lib\site-packages\sklearn\base.py:493: UserWarning: X does not have valid feature names, but RandomForestClassifier was fitted with feature names
  warnings.warn(

2026-06-19 10:42:25,911:WARNING:c:\Users\Usuario\AppData\Local\Programs\Python\Python310\lib\site-packages\sklearn\base.py:493: UserWarning: X does not have valid feature names, but RandomForestClassifier was fitted with feature names
  warnings.warn(

2026-06-19 10:42:25,944:WARNING:c:\Users\Usuario\AppData\Local\Programs\Python\Python310\lib\site-packages\sklearn\base.py:493: UserWarning: X does not have valid feature names, but RandomForestClassifier was fitted with feature names
  warnings.warn(

2026-06-19 10:42:25,974:WARNING:c:\Users\Usuario\AppData\Local\Programs\Python\Python310\lib\site-packages\sklearn\base.py:493: UserWarning: X does not have valid feature names, but RandomForestClassifier was fitted with feature names
  warnings.warn(

2026-06-19 10:42:25,993:WARNING:c:\Users\Usuario\AppData\Local\Programs\Python\Python310\lib\site-packages\sklearn\base.py:493: UserWarning: X does not have valid feature names, but RandomForestClassifier was fitted with feature names
  warnings.warn(

2026-06-19 10:42:26,024:WARNING:c:\Users\Usuario\AppData\Local\Programs\Python\Python310\lib\site-packages\sklearn\base.py:493: UserWarning: X does not have valid feature names, but RandomForestClassifier was fitted with feature names
  warnings.warn(

2026-06-19 10:42:26,058:WARNING:c:\Users\Usuario\AppData\Local\Programs\Python\Python310\lib\site-packages\sklearn\base.py:493: UserWarning: X does not have valid feature names, but RandomForestClassifier was fitted with feature names
  warnings.warn(

2026-06-19 10:42:26,092:WARNING:c:\Users\Usuario\AppData\Local\Programs\Python\Python310\lib\site-packages\sklearn\base.py:493: UserWarning: X does not have valid feature names, but RandomForestClassifier was fitted with feature names
  warnings.warn(

2026-06-19 10:42:26,124:WARNING:c:\Users\Usuario\AppData\Local\Programs\Python\Python310\lib\site-packages\sklearn\base.py:493: UserWarning: X does not have valid feature names, but RandomForestClassifier was fitted with feature names
  warnings.warn(

2026-06-19 10:42:26,147:WARNING:c:\Users\Usuario\AppData\Local\Programs\Python\Python310\lib\site-packages\sklearn\base.py:493: UserWarning: X does not have valid feature names, but RandomForestClassifier was fitted with feature names
  warnings.warn(

2026-06-19 10:42:26,172:WARNING:c:\Users\Usuario\AppData\Local\Programs\Python\Python310\lib\site-packages\sklearn\base.py:493: UserWarning: X does not have valid feature names, but RandomForestClassifier was fitted with feature names
  warnings.warn(

2026-06-19 10:42:26,208:WARNING:c:\Users\Usuario\AppData\Local\Programs\Python\Python310\lib\site-packages\sklearn\base.py:493: UserWarning: X does not have valid feature names, but RandomForestClassifier was fitted with feature names
  warnings.warn(

2026-06-19 10:42:26,224:WARNING:c:\Users\Usuario\AppData\Local\Programs\Python\Python310\lib\site-packages\sklearn\base.py:493: UserWarning: X does not have valid feature names, but RandomForestClassifier was fitted with feature names
  warnings.warn(

2026-06-19 10:42:26,256:WARNING:c:\Users\Usuario\AppData\Local\Programs\Python\Python310\lib\site-packages\sklearn\base.py:493: UserWarning: X does not have valid feature names, but RandomForestClassifier was fitted with feature names
  warnings.warn(

2026-06-19 10:42:26,290:WARNING:c:\Users\Usuario\AppData\Local\Programs\Python\Python310\lib\site-packages\sklearn\base.py:493: UserWarning: X does not have valid feature names, but RandomForestClassifier was fitted with feature names
  warnings.warn(

2026-06-19 10:42:26,309:WARNING:c:\Users\Usuario\AppData\Local\Programs\Python\Python310\lib\site-packages\sklearn\base.py:493: UserWarning: X does not have valid feature names, but RandomForestClassifier was fitted with feature names
  warnings.warn(

2026-06-19 10:42:26,325:WARNING:c:\Users\Usuario\AppData\Local\Programs\Python\Python310\lib\site-packages\sklearn\base.py:493: UserWarning: X does not have valid feature names, but RandomForestClassifier was fitted with feature names
  warnings.warn(

2026-06-19 10:42:26,357:WARNING:c:\Users\Usuario\AppData\Local\Programs\Python\Python310\lib\site-packages\sklearn\base.py:493: UserWarning: X does not have valid feature names, but RandomForestClassifier was fitted with feature names
  warnings.warn(

2026-06-19 10:42:26,394:WARNING:c:\Users\Usuario\AppData\Local\Programs\Python\Python310\lib\site-packages\sklearn\base.py:493: UserWarning: X does not have valid feature names, but RandomForestClassifier was fitted with feature names
  warnings.warn(

2026-06-19 10:42:26,426:WARNING:c:\Users\Usuario\AppData\Local\Programs\Python\Python310\lib\site-packages\sklearn\base.py:493: UserWarning: X does not have valid feature names, but RandomForestClassifier was fitted with feature names
  warnings.warn(

2026-06-19 10:42:26,442:WARNING:c:\Users\Usuario\AppData\Local\Programs\Python\Python310\lib\site-packages\sklearn\base.py:493: UserWarning: X does not have valid feature names, but RandomForestClassifier was fitted with feature names
  warnings.warn(

2026-06-19 10:42:26,474:WARNING:c:\Users\Usuario\AppData\Local\Programs\Python\Python310\lib\site-packages\sklearn\base.py:493: UserWarning: X does not have valid feature names, but RandomForestClassifier was fitted with feature names
  warnings.warn(

2026-06-19 10:42:26,508:WARNING:c:\Users\Usuario\AppData\Local\Programs\Python\Python310\lib\site-packages\sklearn\base.py:493: UserWarning: X does not have valid feature names, but RandomForestClassifier was fitted with feature names
  warnings.warn(

2026-06-19 10:42:26,542:WARNING:c:\Users\Usuario\AppData\Local\Programs\Python\Python310\lib\site-packages\sklearn\base.py:493: UserWarning: X does not have valid feature names, but RandomForestClassifier was fitted with feature names
  warnings.warn(

2026-06-19 10:42:26,575:WARNING:c:\Users\Usuario\AppData\Local\Programs\Python\Python310\lib\site-packages\sklearn\base.py:493: UserWarning: X does not have valid feature names, but RandomForestClassifier was fitted with feature names
  warnings.warn(

2026-06-19 10:42:26,608:WARNING:c:\Users\Usuario\AppData\Local\Programs\Python\Python310\lib\site-packages\sklearn\base.py:493: UserWarning: X does not have valid feature names, but RandomForestClassifier was fitted with feature names
  warnings.warn(

2026-06-19 10:42:26,633:WARNING:c:\Users\Usuario\AppData\Local\Programs\Python\Python310\lib\site-packages\sklearn\base.py:493: UserWarning: X does not have valid feature names, but RandomForestClassifier was fitted with feature names
  warnings.warn(

2026-06-19 10:42:26,672:WARNING:c:\Users\Usuario\AppData\Local\Programs\Python\Python310\lib\site-packages\sklearn\base.py:493: UserWarning: X does not have valid feature names, but RandomForestClassifier was fitted with feature names
  warnings.warn(

2026-06-19 10:42:26,705:WARNING:c:\Users\Usuario\AppData\Local\Programs\Python\Python310\lib\site-packages\sklearn\base.py:493: UserWarning: X does not have valid feature names, but RandomForestClassifier was fitted with feature names
  warnings.warn(

2026-06-19 10:42:26,725:WARNING:c:\Users\Usuario\AppData\Local\Programs\Python\Python310\lib\site-packages\sklearn\base.py:493: UserWarning: X does not have valid feature names, but RandomForestClassifier was fitted with feature names
  warnings.warn(

2026-06-19 10:42:26,741:WARNING:c:\Users\Usuario\AppData\Local\Programs\Python\Python310\lib\site-packages\sklearn\base.py:493: UserWarning: X does not have valid feature names, but RandomForestClassifier was fitted with feature names
  warnings.warn(

2026-06-19 10:42:26,756:WARNING:c:\Users\Usuario\AppData\Local\Programs\Python\Python310\lib\site-packages\sklearn\base.py:493: UserWarning: X does not have valid feature names, but RandomForestClassifier was fitted with feature names
  warnings.warn(

2026-06-19 10:42:26,772:WARNING:c:\Users\Usuario\AppData\Local\Programs\Python\Python310\lib\site-packages\sklearn\base.py:493: UserWarning: X does not have valid feature names, but RandomForestClassifier was fitted with feature names
  warnings.warn(

2026-06-19 10:42:26,804:WARNING:c:\Users\Usuario\AppData\Local\Programs\Python\Python310\lib\site-packages\sklearn\base.py:493: UserWarning: X does not have valid feature names, but RandomForestClassifier was fitted with feature names
  warnings.warn(

2026-06-19 10:42:26,825:WARNING:c:\Users\Usuario\AppData\Local\Programs\Python\Python310\lib\site-packages\sklearn\base.py:493: UserWarning: X does not have valid feature names, but RandomForestClassifier was fitted with feature names
  warnings.warn(

2026-06-19 10:42:26,858:WARNING:c:\Users\Usuario\AppData\Local\Programs\Python\Python310\lib\site-packages\sklearn\base.py:493: UserWarning: X does not have valid feature names, but RandomForestClassifier was fitted with feature names
  warnings.warn(

2026-06-19 10:42:26,873:WARNING:c:\Users\Usuario\AppData\Local\Programs\Python\Python310\lib\site-packages\sklearn\base.py:493: UserWarning: X does not have valid feature names, but RandomForestClassifier was fitted with feature names
  warnings.warn(

2026-06-19 10:42:26,889:WARNING:c:\Users\Usuario\AppData\Local\Programs\Python\Python310\lib\site-packages\sklearn\base.py:493: UserWarning: X does not have valid feature names, but RandomForestClassifier was fitted with feature names
  warnings.warn(

2026-06-19 10:42:26,906:WARNING:c:\Users\Usuario\AppData\Local\Programs\Python\Python310\lib\site-packages\sklearn\base.py:493: UserWarning: X does not have valid feature names, but RandomForestClassifier was fitted with feature names
  warnings.warn(

2026-06-19 10:42:26,927:WARNING:c:\Users\Usuario\AppData\Local\Programs\Python\Python310\lib\site-packages\sklearn\base.py:493: UserWarning: X does not have valid feature names, but RandomForestClassifier was fitted with feature names
  warnings.warn(

2026-06-19 10:42:26,956:WARNING:c:\Users\Usuario\AppData\Local\Programs\Python\Python310\lib\site-packages\sklearn\base.py:493: UserWarning: X does not have valid feature names, but RandomForestClassifier was fitted with feature names
  warnings.warn(

2026-06-19 10:42:26,988:WARNING:c:\Users\Usuario\AppData\Local\Programs\Python\Python310\lib\site-packages\sklearn\base.py:493: UserWarning: X does not have valid feature names, but RandomForestClassifier was fitted with feature names
  warnings.warn(

2026-06-19 10:42:27,007:WARNING:c:\Users\Usuario\AppData\Local\Programs\Python\Python310\lib\site-packages\sklearn\base.py:493: UserWarning: X does not have valid feature names, but RandomForestClassifier was fitted with feature names
  warnings.warn(

2026-06-19 10:42:27,039:WARNING:c:\Users\Usuario\AppData\Local\Programs\Python\Python310\lib\site-packages\sklearn\base.py:493: UserWarning: X does not have valid feature names, but RandomForestClassifier was fitted with feature names
  warnings.warn(

2026-06-19 10:42:27,059:WARNING:c:\Users\Usuario\AppData\Local\Programs\Python\Python310\lib\site-packages\sklearn\base.py:493: UserWarning: X does not have valid feature names, but RandomForestClassifier was fitted with feature names
  warnings.warn(

2026-06-19 10:42:27,085:WARNING:c:\Users\Usuario\AppData\Local\Programs\Python\Python310\lib\site-packages\sklearn\base.py:493: UserWarning: X does not have valid feature names, but RandomForestClassifier was fitted with feature names
  warnings.warn(

2026-06-19 10:42:27,107:WARNING:c:\Users\Usuario\AppData\Local\Programs\Python\Python310\lib\site-packages\sklearn\base.py:493: UserWarning: X does not have valid feature names, but RandomForestClassifier was fitted with feature names
  warnings.warn(

2026-06-19 10:42:27,123:WARNING:c:\Users\Usuario\AppData\Local\Programs\Python\Python310\lib\site-packages\sklearn\base.py:493: UserWarning: X does not have valid feature names, but RandomForestClassifier was fitted with feature names
  warnings.warn(

2026-06-19 10:42:27,140:WARNING:c:\Users\Usuario\AppData\Local\Programs\Python\Python310\lib\site-packages\sklearn\base.py:493: UserWarning: X does not have valid feature names, but RandomForestClassifier was fitted with feature names
  warnings.warn(

2026-06-19 10:42:27,156:WARNING:c:\Users\Usuario\AppData\Local\Programs\Python\Python310\lib\site-packages\sklearn\base.py:493: UserWarning: X does not have valid feature names, but RandomForestClassifier was fitted with feature names
  warnings.warn(

2026-06-19 10:42:27,173:WARNING:c:\Users\Usuario\AppData\Local\Programs\Python\Python310\lib\site-packages\sklearn\base.py:493: UserWarning: X does not have valid feature names, but RandomForestClassifier was fitted with feature names
  warnings.warn(

2026-06-19 10:42:27,189:WARNING:c:\Users\Usuario\AppData\Local\Programs\Python\Python310\lib\site-packages\sklearn\base.py:493: UserWarning: X does not have valid feature names, but RandomForestClassifier was fitted with feature names
  warnings.warn(

2026-06-19 10:42:27,206:WARNING:c:\Users\Usuario\AppData\Local\Programs\Python\Python310\lib\site-packages\sklearn\base.py:493: UserWarning: X does not have valid feature names, but RandomForestClassifier was fitted with feature names
  warnings.warn(

2026-06-19 10:42:27,222:WARNING:c:\Users\Usuario\AppData\Local\Programs\Python\Python310\lib\site-packages\sklearn\base.py:493: UserWarning: X does not have valid feature names, but RandomForestClassifier was fitted with feature names
  warnings.warn(

2026-06-19 10:42:27,239:WARNING:c:\Users\Usuario\AppData\Local\Programs\Python\Python310\lib\site-packages\sklearn\base.py:493: UserWarning: X does not have valid feature names, but RandomForestClassifier was fitted with feature names
  warnings.warn(

2026-06-19 10:42:27,255:WARNING:c:\Users\Usuario\AppData\Local\Programs\Python\Python310\lib\site-packages\sklearn\base.py:493: UserWarning: X does not have valid feature names, but RandomForestClassifier was fitted with feature names
  warnings.warn(

2026-06-19 10:42:27,273:WARNING:c:\Users\Usuario\AppData\Local\Programs\Python\Python310\lib\site-packages\sklearn\base.py:493: UserWarning: X does not have valid feature names, but RandomForestClassifier was fitted with feature names
  warnings.warn(

2026-06-19 10:42:27,288:WARNING:c:\Users\Usuario\AppData\Local\Programs\Python\Python310\lib\site-packages\sklearn\base.py:493: UserWarning: X does not have valid feature names, but RandomForestClassifier was fitted with feature names
  warnings.warn(

2026-06-19 10:42:27,306:WARNING:c:\Users\Usuario\AppData\Local\Programs\Python\Python310\lib\site-packages\sklearn\base.py:493: UserWarning: X does not have valid feature names, but RandomForestClassifier was fitted with feature names
  warnings.warn(

2026-06-19 10:42:27,322:WARNING:c:\Users\Usuario\AppData\Local\Programs\Python\Python310\lib\site-packages\sklearn\base.py:493: UserWarning: X does not have valid feature names, but RandomForestClassifier was fitted with feature names
  warnings.warn(

2026-06-19 10:42:27,339:WARNING:c:\Users\Usuario\AppData\Local\Programs\Python\Python310\lib\site-packages\sklearn\base.py:493: UserWarning: X does not have valid feature names, but RandomForestClassifier was fitted with feature names
  warnings.warn(

2026-06-19 10:42:27,355:WARNING:c:\Users\Usuario\AppData\Local\Programs\Python\Python310\lib\site-packages\sklearn\base.py:493: UserWarning: X does not have valid feature names, but RandomForestClassifier was fitted with feature names
  warnings.warn(

2026-06-19 10:42:27,374:WARNING:c:\Users\Usuario\AppData\Local\Programs\Python\Python310\lib\site-packages\sklearn\base.py:493: UserWarning: X does not have valid feature names, but RandomForestClassifier was fitted with feature names
  warnings.warn(

2026-06-19 10:42:27,389:WARNING:c:\Users\Usuario\AppData\Local\Programs\Python\Python310\lib\site-packages\sklearn\base.py:493: UserWarning: X does not have valid feature names, but RandomForestClassifier was fitted with feature names
  warnings.warn(

2026-06-19 10:42:27,406:WARNING:c:\Users\Usuario\AppData\Local\Programs\Python\Python310\lib\site-packages\sklearn\base.py:493: UserWarning: X does not have valid feature names, but RandomForestClassifier was fitted with feature names
  warnings.warn(

2026-06-19 10:42:27,439:WARNING:c:\Users\Usuario\AppData\Local\Programs\Python\Python310\lib\site-packages\sklearn\base.py:493: UserWarning: X does not have valid feature names, but RandomForestClassifier was fitted with feature names
  warnings.warn(

2026-06-19 10:42:27,458:WARNING:c:\Users\Usuario\AppData\Local\Programs\Python\Python310\lib\site-packages\sklearn\base.py:493: UserWarning: X does not have valid feature names, but RandomForestClassifier was fitted with feature names
  warnings.warn(

2026-06-19 10:42:27,472:WARNING:c:\Users\Usuario\AppData\Local\Programs\Python\Python310\lib\site-packages\sklearn\base.py:493: UserWarning: X does not have valid feature names, but RandomForestClassifier was fitted with feature names
  warnings.warn(

2026-06-19 10:42:27,489:WARNING:c:\Users\Usuario\AppData\Local\Programs\Python\Python310\lib\site-packages\sklearn\base.py:493: UserWarning: X does not have valid feature names, but RandomForestClassifier was fitted with feature names
  warnings.warn(

2026-06-19 10:42:27,522:WARNING:c:\Users\Usuario\AppData\Local\Programs\Python\Python310\lib\site-packages\sklearn\base.py:493: UserWarning: X does not have valid feature names, but RandomForestClassifier was fitted with feature names
  warnings.warn(

2026-06-19 10:42:27,539:WARNING:c:\Users\Usuario\AppData\Local\Programs\Python\Python310\lib\site-packages\sklearn\base.py:493: UserWarning: X does not have valid feature names, but RandomForestClassifier was fitted with feature names
  warnings.warn(

2026-06-19 10:42:27,555:WARNING:c:\Users\Usuario\AppData\Local\Programs\Python\Python310\lib\site-packages\sklearn\base.py:493: UserWarning: X does not have valid feature names, but RandomForestClassifier was fitted with feature names
  warnings.warn(

2026-06-19 10:42:27,574:WARNING:c:\Users\Usuario\AppData\Local\Programs\Python\Python310\lib\site-packages\sklearn\base.py:493: UserWarning: X does not have valid feature names, but RandomForestClassifier was fitted with feature names
  warnings.warn(

2026-06-19 10:42:27,589:WARNING:c:\Users\Usuario\AppData\Local\Programs\Python\Python310\lib\site-packages\sklearn\base.py:493: UserWarning: X does not have valid feature names, but RandomForestClassifier was fitted with feature names
  warnings.warn(

2026-06-19 10:42:27,606:WARNING:c:\Users\Usuario\AppData\Local\Programs\Python\Python310\lib\site-packages\sklearn\base.py:493: UserWarning: X does not have valid feature names, but RandomForestClassifier was fitted with feature names
  warnings.warn(

2026-06-19 10:42:27,622:WARNING:c:\Users\Usuario\AppData\Local\Programs\Python\Python310\lib\site-packages\sklearn\base.py:493: UserWarning: X does not have valid feature names, but RandomForestClassifier was fitted with feature names
  warnings.warn(

2026-06-19 10:42:27,639:WARNING:c:\Users\Usuario\AppData\Local\Programs\Python\Python310\lib\site-packages\sklearn\base.py:493: UserWarning: X does not have valid feature names, but RandomForestClassifier was fitted with feature names
  warnings.warn(

2026-06-19 10:42:27,654:WARNING:c:\Users\Usuario\AppData\Local\Programs\Python\Python310\lib\site-packages\sklearn\base.py:493: UserWarning: X does not have valid feature names, but RandomForestClassifier was fitted with feature names
  warnings.warn(

2026-06-19 10:42:27,673:WARNING:c:\Users\Usuario\AppData\Local\Programs\Python\Python310\lib\site-packages\sklearn\base.py:493: UserWarning: X does not have valid feature names, but RandomForestClassifier was fitted with feature names
  warnings.warn(

2026-06-19 10:42:27,689:WARNING:c:\Users\Usuario\AppData\Local\Programs\Python\Python310\lib\site-packages\sklearn\base.py:493: UserWarning: X does not have valid feature names, but RandomForestClassifier was fitted with feature names
  warnings.warn(

2026-06-19 10:42:27,706:WARNING:c:\Users\Usuario\AppData\Local\Programs\Python\Python310\lib\site-packages\sklearn\base.py:493: UserWarning: X does not have valid feature names, but RandomForestClassifier was fitted with feature names
  warnings.warn(

2026-06-19 10:42:27,722:WARNING:c:\Users\Usuario\AppData\Local\Programs\Python\Python310\lib\site-packages\sklearn\base.py:493: UserWarning: X does not have valid feature names, but RandomForestClassifier was fitted with feature names
  warnings.warn(

2026-06-19 10:42:27,743:WARNING:c:\Users\Usuario\AppData\Local\Programs\Python\Python310\lib\site-packages\sklearn\base.py:493: UserWarning: X does not have valid feature names, but RandomForestClassifier was fitted with feature names
  warnings.warn(

2026-06-19 10:42:27,773:WARNING:c:\Users\Usuario\AppData\Local\Programs\Python\Python310\lib\site-packages\sklearn\base.py:493: UserWarning: X does not have valid feature names, but RandomForestClassifier was fitted with feature names
  warnings.warn(

2026-06-19 10:42:27,789:WARNING:c:\Users\Usuario\AppData\Local\Programs\Python\Python310\lib\site-packages\sklearn\base.py:493: UserWarning: X does not have valid feature names, but RandomForestClassifier was fitted with feature names
  warnings.warn(

2026-06-19 10:42:27,822:WARNING:c:\Users\Usuario\AppData\Local\Programs\Python\Python310\lib\site-packages\sklearn\base.py:493: UserWarning: X does not have valid feature names, but RandomForestClassifier was fitted with feature names
  warnings.warn(

2026-06-19 10:42:27,839:WARNING:c:\Users\Usuario\AppData\Local\Programs\Python\Python310\lib\site-packages\sklearn\base.py:493: UserWarning: X does not have valid feature names, but RandomForestClassifier was fitted with feature names
  warnings.warn(

2026-06-19 10:42:27,855:WARNING:c:\Users\Usuario\AppData\Local\Programs\Python\Python310\lib\site-packages\sklearn\base.py:493: UserWarning: X does not have valid feature names, but RandomForestClassifier was fitted with feature names
  warnings.warn(

2026-06-19 10:42:27,873:WARNING:c:\Users\Usuario\AppData\Local\Programs\Python\Python310\lib\site-packages\sklearn\base.py:493: UserWarning: X does not have valid feature names, but RandomForestClassifier was fitted with feature names
  warnings.warn(

2026-06-19 10:42:27,892:WARNING:c:\Users\Usuario\AppData\Local\Programs\Python\Python310\lib\site-packages\sklearn\base.py:493: UserWarning: X does not have valid feature names, but RandomForestClassifier was fitted with feature names
  warnings.warn(

2026-06-19 10:42:27,923:WARNING:c:\Users\Usuario\AppData\Local\Programs\Python\Python310\lib\site-packages\sklearn\base.py:493: UserWarning: X does not have valid feature names, but RandomForestClassifier was fitted with feature names
  warnings.warn(

2026-06-19 10:42:27,938:WARNING:c:\Users\Usuario\AppData\Local\Programs\Python\Python310\lib\site-packages\sklearn\base.py:493: UserWarning: X does not have valid feature names, but RandomForestClassifier was fitted with feature names
  warnings.warn(

2026-06-19 10:42:27,955:WARNING:c:\Users\Usuario\AppData\Local\Programs\Python\Python310\lib\site-packages\sklearn\base.py:493: UserWarning: X does not have valid feature names, but RandomForestClassifier was fitted with feature names
  warnings.warn(

2026-06-19 10:42:27,974:WARNING:c:\Users\Usuario\AppData\Local\Programs\Python\Python310\lib\site-packages\sklearn\base.py:493: UserWarning: X does not have valid feature names, but RandomForestClassifier was fitted with feature names
  warnings.warn(

2026-06-19 10:42:27,991:WARNING:c:\Users\Usuario\AppData\Local\Programs\Python\Python310\lib\site-packages\sklearn\base.py:493: UserWarning: X does not have valid feature names, but RandomForestClassifier was fitted with feature names
  warnings.warn(

2026-06-19 10:42:28,022:WARNING:c:\Users\Usuario\AppData\Local\Programs\Python\Python310\lib\site-packages\sklearn\base.py:493: UserWarning: X does not have valid feature names, but RandomForestClassifier was fitted with feature names
  warnings.warn(

2026-06-19 10:42:28,039:WARNING:c:\Users\Usuario\AppData\Local\Programs\Python\Python310\lib\site-packages\sklearn\base.py:493: UserWarning: X does not have valid feature names, but RandomForestClassifier was fitted with feature names
  warnings.warn(

2026-06-19 10:42:28,071:WARNING:c:\Users\Usuario\AppData\Local\Programs\Python\Python310\lib\site-packages\sklearn\base.py:493: UserWarning: X does not have valid feature names, but RandomForestClassifier was fitted with feature names
  warnings.warn(

2026-06-19 10:42:28,089:WARNING:c:\Users\Usuario\AppData\Local\Programs\Python\Python310\lib\site-packages\sklearn\base.py:493: UserWarning: X does not have valid feature names, but RandomForestClassifier was fitted with feature names
  warnings.warn(

2026-06-19 10:42:28,106:WARNING:c:\Users\Usuario\AppData\Local\Programs\Python\Python310\lib\site-packages\sklearn\base.py:493: UserWarning: X does not have valid feature names, but RandomForestClassifier was fitted with feature names
  warnings.warn(

2026-06-19 10:42:28,122:WARNING:c:\Users\Usuario\AppData\Local\Programs\Python\Python310\lib\site-packages\sklearn\base.py:493: UserWarning: X does not have valid feature names, but RandomForestClassifier was fitted with feature names
  warnings.warn(

2026-06-19 10:42:28,138:WARNING:c:\Users\Usuario\AppData\Local\Programs\Python\Python310\lib\site-packages\sklearn\base.py:493: UserWarning: X does not have valid feature names, but RandomForestClassifier was fitted with feature names
  warnings.warn(

2026-06-19 10:42:28,155:WARNING:c:\Users\Usuario\AppData\Local\Programs\Python\Python310\lib\site-packages\sklearn\base.py:493: UserWarning: X does not have valid feature names, but RandomForestClassifier was fitted with feature names
  warnings.warn(

2026-06-19 10:42:28,171:WARNING:c:\Users\Usuario\AppData\Local\Programs\Python\Python310\lib\site-packages\sklearn\base.py:493: UserWarning: X does not have valid feature names, but RandomForestClassifier was fitted with feature names
  warnings.warn(

2026-06-19 10:42:28,189:WARNING:c:\Users\Usuario\AppData\Local\Programs\Python\Python310\lib\site-packages\sklearn\base.py:493: UserWarning: X does not have valid feature names, but RandomForestClassifier was fitted with feature names
  warnings.warn(

2026-06-19 10:42:28,205:WARNING:c:\Users\Usuario\AppData\Local\Programs\Python\Python310\lib\site-packages\sklearn\base.py:493: UserWarning: X does not have valid feature names, but RandomForestClassifier was fitted with feature names
  warnings.warn(

2026-06-19 10:42:28,222:WARNING:c:\Users\Usuario\AppData\Local\Programs\Python\Python310\lib\site-packages\sklearn\base.py:493: UserWarning: X does not have valid feature names, but RandomForestClassifier was fitted with feature names
  warnings.warn(

2026-06-19 10:42:28,257:WARNING:c:\Users\Usuario\AppData\Local\Programs\Python\Python310\lib\site-packages\sklearn\base.py:493: UserWarning: X does not have valid feature names, but RandomForestClassifier was fitted with feature names
  warnings.warn(

2026-06-19 10:42:28,289:WARNING:c:\Users\Usuario\AppData\Local\Programs\Python\Python310\lib\site-packages\sklearn\base.py:493: UserWarning: X does not have valid feature names, but RandomForestClassifier was fitted with feature names
  warnings.warn(

2026-06-19 10:42:28,304:WARNING:c:\Users\Usuario\AppData\Local\Programs\Python\Python310\lib\site-packages\sklearn\base.py:493: UserWarning: X does not have valid feature names, but RandomForestClassifier was fitted with feature names
  warnings.warn(

2026-06-19 10:42:28,322:WARNING:c:\Users\Usuario\AppData\Local\Programs\Python\Python310\lib\site-packages\sklearn\base.py:493: UserWarning: X does not have valid feature names, but RandomForestClassifier was fitted with feature names
  warnings.warn(

2026-06-19 10:42:28,355:WARNING:c:\Users\Usuario\AppData\Local\Programs\Python\Python310\lib\site-packages\sklearn\base.py:493: UserWarning: X does not have valid feature names, but RandomForestClassifier was fitted with feature names
  warnings.warn(

2026-06-19 10:42:28,373:WARNING:c:\Users\Usuario\AppData\Local\Programs\Python\Python310\lib\site-packages\sklearn\base.py:493: UserWarning: X does not have valid feature names, but RandomForestClassifier was fitted with feature names
  warnings.warn(

2026-06-19 10:42:28,389:WARNING:c:\Users\Usuario\AppData\Local\Programs\Python\Python310\lib\site-packages\sklearn\base.py:493: UserWarning: X does not have valid feature names, but RandomForestClassifier was fitted with feature names
  warnings.warn(

2026-06-19 10:42:28,405:WARNING:c:\Users\Usuario\AppData\Local\Programs\Python\Python310\lib\site-packages\sklearn\base.py:493: UserWarning: X does not have valid feature names, but RandomForestClassifier was fitted with feature names
  warnings.warn(

2026-06-19 10:42:28,420:WARNING:c:\Users\Usuario\AppData\Local\Programs\Python\Python310\lib\site-packages\sklearn\base.py:493: UserWarning: X does not have valid feature names, but RandomForestClassifier was fitted with feature names
  warnings.warn(

2026-06-19 10:42:28,439:WARNING:c:\Users\Usuario\AppData\Local\Programs\Python\Python310\lib\site-packages\sklearn\base.py:493: UserWarning: X does not have valid feature names, but RandomForestClassifier was fitted with feature names
  warnings.warn(

2026-06-19 10:42:28,454:WARNING:c:\Users\Usuario\AppData\Local\Programs\Python\Python310\lib\site-packages\sklearn\base.py:493: UserWarning: X does not have valid feature names, but RandomForestClassifier was fitted with feature names
  warnings.warn(

2026-06-19 10:42:28,472:WARNING:c:\Users\Usuario\AppData\Local\Programs\Python\Python310\lib\site-packages\sklearn\base.py:493: UserWarning: X does not have valid feature names, but RandomForestClassifier was fitted with feature names
  warnings.warn(

2026-06-19 10:42:28,497:WARNING:c:\Users\Usuario\AppData\Local\Programs\Python\Python310\lib\site-packages\sklearn\base.py:493: UserWarning: X does not have valid feature names, but RandomForestClassifier was fitted with feature names
  warnings.warn(

2026-06-19 10:42:28,525:WARNING:c:\Users\Usuario\AppData\Local\Programs\Python\Python310\lib\site-packages\sklearn\base.py:493: UserWarning: X does not have valid feature names, but RandomForestClassifier was fitted with feature names
  warnings.warn(

2026-06-19 10:42:28,538:WARNING:c:\Users\Usuario\AppData\Local\Programs\Python\Python310\lib\site-packages\sklearn\base.py:493: UserWarning: X does not have valid feature names, but RandomForestClassifier was fitted with feature names
  warnings.warn(

2026-06-19 10:42:28,555:WARNING:c:\Users\Usuario\AppData\Local\Programs\Python\Python310\lib\site-packages\sklearn\base.py:493: UserWarning: X does not have valid feature names, but RandomForestClassifier was fitted with feature names
  warnings.warn(

2026-06-19 10:42:28,570:WARNING:c:\Users\Usuario\AppData\Local\Programs\Python\Python310\lib\site-packages\sklearn\base.py:493: UserWarning: X does not have valid feature names, but RandomForestClassifier was fitted with feature names
  warnings.warn(

2026-06-19 10:42:28,588:WARNING:c:\Users\Usuario\AppData\Local\Programs\Python\Python310\lib\site-packages\sklearn\base.py:493: UserWarning: X does not have valid feature names, but RandomForestClassifier was fitted with feature names
  warnings.warn(

2026-06-19 10:42:28,604:WARNING:c:\Users\Usuario\AppData\Local\Programs\Python\Python310\lib\site-packages\sklearn\base.py:493: UserWarning: X does not have valid feature names, but RandomForestClassifier was fitted with feature names
  warnings.warn(

2026-06-19 10:42:28,623:WARNING:c:\Users\Usuario\AppData\Local\Programs\Python\Python310\lib\site-packages\sklearn\base.py:493: UserWarning: X does not have valid feature names, but RandomForestClassifier was fitted with feature names
  warnings.warn(

2026-06-19 10:42:28,639:WARNING:c:\Users\Usuario\AppData\Local\Programs\Python\Python310\lib\site-packages\sklearn\base.py:493: UserWarning: X does not have valid feature names, but RandomForestClassifier was fitted with feature names
  warnings.warn(

2026-06-19 10:42:28,655:WARNING:c:\Users\Usuario\AppData\Local\Programs\Python\Python310\lib\site-packages\sklearn\base.py:493: UserWarning: X does not have valid feature names, but RandomForestClassifier was fitted with feature names
  warnings.warn(

2026-06-19 10:42:28,671:WARNING:c:\Users\Usuario\AppData\Local\Programs\Python\Python310\lib\site-packages\sklearn\base.py:493: UserWarning: X does not have valid feature names, but RandomForestClassifier was fitted with feature names
  warnings.warn(

2026-06-19 10:42:28,689:WARNING:c:\Users\Usuario\AppData\Local\Programs\Python\Python310\lib\site-packages\sklearn\base.py:493: UserWarning: X does not have valid feature names, but RandomForestClassifier was fitted with feature names
  warnings.warn(

2026-06-19 10:42:28,705:WARNING:c:\Users\Usuario\AppData\Local\Programs\Python\Python310\lib\site-packages\sklearn\base.py:493: UserWarning: X does not have valid feature names, but RandomForestClassifier was fitted with feature names
  warnings.warn(

2026-06-19 10:42:28,722:WARNING:c:\Users\Usuario\AppData\Local\Programs\Python\Python310\lib\site-packages\sklearn\base.py:493: UserWarning: X does not have valid feature names, but RandomForestClassifier was fitted with feature names
  warnings.warn(

2026-06-19 10:42:28,737:WARNING:c:\Users\Usuario\AppData\Local\Programs\Python\Python310\lib\site-packages\sklearn\base.py:493: UserWarning: X does not have valid feature names, but RandomForestClassifier was fitted with feature names
  warnings.warn(

2026-06-19 10:42:28,755:WARNING:c:\Users\Usuario\AppData\Local\Programs\Python\Python310\lib\site-packages\sklearn\base.py:493: UserWarning: X does not have valid feature names, but RandomForestClassifier was fitted with feature names
  warnings.warn(

2026-06-19 10:42:28,772:WARNING:c:\Users\Usuario\AppData\Local\Programs\Python\Python310\lib\site-packages\sklearn\base.py:493: UserWarning: X does not have valid feature names, but RandomForestClassifier was fitted with feature names
  warnings.warn(

2026-06-19 10:42:28,788:WARNING:c:\Users\Usuario\AppData\Local\Programs\Python\Python310\lib\site-packages\sklearn\base.py:493: UserWarning: X does not have valid feature names, but RandomForestClassifier was fitted with feature names
  warnings.warn(

2026-06-19 10:42:28,803:WARNING:c:\Users\Usuario\AppData\Local\Programs\Python\Python310\lib\site-packages\sklearn\base.py:493: UserWarning: X does not have valid feature names, but RandomForestClassifier was fitted with feature names
  warnings.warn(

2026-06-19 10:42:28,822:WARNING:c:\Users\Usuario\AppData\Local\Programs\Python\Python310\lib\site-packages\sklearn\base.py:493: UserWarning: X does not have valid feature names, but RandomForestClassifier was fitted with feature names
  warnings.warn(

2026-06-19 10:42:28,838:WARNING:c:\Users\Usuario\AppData\Local\Programs\Python\Python310\lib\site-packages\sklearn\base.py:493: UserWarning: X does not have valid feature names, but RandomForestClassifier was fitted with feature names
  warnings.warn(

2026-06-19 10:42:28,864:WARNING:c:\Users\Usuario\AppData\Local\Programs\Python\Python310\lib\site-packages\sklearn\base.py:493: UserWarning: X does not have valid feature names, but RandomForestClassifier was fitted with feature names
  warnings.warn(

2026-06-19 10:42:28,889:WARNING:c:\Users\Usuario\AppData\Local\Programs\Python\Python310\lib\site-packages\sklearn\base.py:493: UserWarning: X does not have valid feature names, but RandomForestClassifier was fitted with feature names
  warnings.warn(

2026-06-19 10:42:28,905:WARNING:c:\Users\Usuario\AppData\Local\Programs\Python\Python310\lib\site-packages\sklearn\base.py:493: UserWarning: X does not have valid feature names, but RandomForestClassifier was fitted with feature names
  warnings.warn(

2026-06-19 10:42:28,920:WARNING:c:\Users\Usuario\AppData\Local\Programs\Python\Python310\lib\site-packages\sklearn\base.py:493: UserWarning: X does not have valid feature names, but RandomForestClassifier was fitted with feature names
  warnings.warn(

2026-06-19 10:42:28,939:WARNING:c:\Users\Usuario\AppData\Local\Programs\Python\Python310\lib\site-packages\sklearn\base.py:493: UserWarning: X does not have valid feature names, but RandomForestClassifier was fitted with feature names
  warnings.warn(

2026-06-19 10:42:28,955:WARNING:c:\Users\Usuario\AppData\Local\Programs\Python\Python310\lib\site-packages\sklearn\base.py:493: UserWarning: X does not have valid feature names, but RandomForestClassifier was fitted with feature names
  warnings.warn(

2026-06-19 10:42:28,973:WARNING:c:\Users\Usuario\AppData\Local\Programs\Python\Python310\lib\site-packages\sklearn\base.py:493: UserWarning: X does not have valid feature names, but RandomForestClassifier was fitted with feature names
  warnings.warn(

2026-06-19 10:42:28,988:WARNING:c:\Users\Usuario\AppData\Local\Programs\Python\Python310\lib\site-packages\sklearn\base.py:493: UserWarning: X does not have valid feature names, but RandomForestClassifier was fitted with feature names
  warnings.warn(

2026-06-19 10:42:29,005:WARNING:c:\Users\Usuario\AppData\Local\Programs\Python\Python310\lib\site-packages\sklearn\base.py:493: UserWarning: X does not have valid feature names, but RandomForestClassifier was fitted with feature names
  warnings.warn(

2026-06-19 10:42:29,021:WARNING:c:\Users\Usuario\AppData\Local\Programs\Python\Python310\lib\site-packages\sklearn\base.py:493: UserWarning: X does not have valid feature names, but RandomForestClassifier was fitted with feature names
  warnings.warn(

2026-06-19 10:42:29,038:WARNING:c:\Users\Usuario\AppData\Local\Programs\Python\Python310\lib\site-packages\sklearn\base.py:493: UserWarning: X does not have valid feature names, but RandomForestClassifier was fitted with feature names
  warnings.warn(

2026-06-19 10:42:29,055:WARNING:c:\Users\Usuario\AppData\Local\Programs\Python\Python310\lib\site-packages\sklearn\base.py:493: UserWarning: X does not have valid feature names, but RandomForestClassifier was fitted with feature names
  warnings.warn(

2026-06-19 10:42:29,073:WARNING:c:\Users\Usuario\AppData\Local\Programs\Python\Python310\lib\site-packages\sklearn\base.py:493: UserWarning: X does not have valid feature names, but RandomForestClassifier was fitted with feature names
  warnings.warn(

2026-06-19 10:42:29,088:WARNING:c:\Users\Usuario\AppData\Local\Programs\Python\Python310\lib\site-packages\sklearn\base.py:493: UserWarning: X does not have valid feature names, but RandomForestClassifier was fitted with feature names
  warnings.warn(

2026-06-19 10:42:29,105:WARNING:c:\Users\Usuario\AppData\Local\Programs\Python\Python310\lib\site-packages\sklearn\base.py:493: UserWarning: X does not have valid feature names, but RandomForestClassifier was fitted with feature names
  warnings.warn(

2026-06-19 10:42:29,120:WARNING:c:\Users\Usuario\AppData\Local\Programs\Python\Python310\lib\site-packages\sklearn\base.py:493: UserWarning: X does not have valid feature names, but RandomForestClassifier was fitted with feature names
  warnings.warn(

2026-06-19 10:42:29,138:WARNING:c:\Users\Usuario\AppData\Local\Programs\Python\Python310\lib\site-packages\sklearn\base.py:493: UserWarning: X does not have valid feature names, but RandomForestClassifier was fitted with feature names
  warnings.warn(

2026-06-19 10:42:29,153:WARNING:c:\Users\Usuario\AppData\Local\Programs\Python\Python310\lib\site-packages\sklearn\base.py:493: UserWarning: X does not have valid feature names, but RandomForestClassifier was fitted with feature names
  warnings.warn(

2026-06-19 10:42:29,173:WARNING:c:\Users\Usuario\AppData\Local\Programs\Python\Python310\lib\site-packages\sklearn\base.py:493: UserWarning: X does not have valid feature names, but RandomForestClassifier was fitted with feature names
  warnings.warn(

2026-06-19 10:42:29,192:WARNING:c:\Users\Usuario\AppData\Local\Programs\Python\Python310\lib\site-packages\sklearn\base.py:493: UserWarning: X does not have valid feature names, but RandomForestClassifier was fitted with feature names
  warnings.warn(

2026-06-19 10:42:29,223:WARNING:c:\Users\Usuario\AppData\Local\Programs\Python\Python310\lib\site-packages\sklearn\base.py:493: UserWarning: X does not have valid feature names, but RandomForestClassifier was fitted with feature names
  warnings.warn(

2026-06-19 10:42:29,238:WARNING:c:\Users\Usuario\AppData\Local\Programs\Python\Python310\lib\site-packages\sklearn\base.py:493: UserWarning: X does not have valid feature names, but RandomForestClassifier was fitted with feature names
  warnings.warn(

2026-06-19 10:42:29,257:WARNING:c:\Users\Usuario\AppData\Local\Programs\Python\Python310\lib\site-packages\sklearn\base.py:493: UserWarning: X does not have valid feature names, but RandomForestClassifier was fitted with feature names
  warnings.warn(

2026-06-19 10:42:29,272:WARNING:c:\Users\Usuario\AppData\Local\Programs\Python\Python310\lib\site-packages\sklearn\base.py:493: UserWarning: X does not have valid feature names, but RandomForestClassifier was fitted with feature names
  warnings.warn(

2026-06-19 10:42:29,288:WARNING:c:\Users\Usuario\AppData\Local\Programs\Python\Python310\lib\site-packages\sklearn\base.py:493: UserWarning: X does not have valid feature names, but RandomForestClassifier was fitted with feature names
  warnings.warn(

2026-06-19 10:42:29,304:WARNING:c:\Users\Usuario\AppData\Local\Programs\Python\Python310\lib\site-packages\sklearn\base.py:493: UserWarning: X does not have valid feature names, but RandomForestClassifier was fitted with feature names
  warnings.warn(

2026-06-19 10:42:29,322:WARNING:c:\Users\Usuario\AppData\Local\Programs\Python\Python310\lib\site-packages\sklearn\base.py:493: UserWarning: X does not have valid feature names, but RandomForestClassifier was fitted with feature names
  warnings.warn(

2026-06-19 10:42:29,338:WARNING:c:\Users\Usuario\AppData\Local\Programs\Python\Python310\lib\site-packages\sklearn\base.py:493: UserWarning: X does not have valid feature names, but RandomForestClassifier was fitted with feature names
  warnings.warn(

2026-06-19 10:42:29,355:WARNING:c:\Users\Usuario\AppData\Local\Programs\Python\Python310\lib\site-packages\sklearn\base.py:493: UserWarning: X does not have valid feature names, but RandomForestClassifier was fitted with feature names
  warnings.warn(

2026-06-19 10:42:29,371:WARNING:c:\Users\Usuario\AppData\Local\Programs\Python\Python310\lib\site-packages\sklearn\base.py:493: UserWarning: X does not have valid feature names, but RandomForestClassifier was fitted with feature names
  warnings.warn(

2026-06-19 10:42:29,388:WARNING:c:\Users\Usuario\AppData\Local\Programs\Python\Python310\lib\site-packages\sklearn\base.py:493: UserWarning: X does not have valid feature names, but RandomForestClassifier was fitted with feature names
  warnings.warn(

2026-06-19 10:42:29,405:WARNING:c:\Users\Usuario\AppData\Local\Programs\Python\Python310\lib\site-packages\sklearn\base.py:493: UserWarning: X does not have valid feature names, but RandomForestClassifier was fitted with feature names
  warnings.warn(

2026-06-19 10:42:29,422:WARNING:c:\Users\Usuario\AppData\Local\Programs\Python\Python310\lib\site-packages\sklearn\base.py:493: UserWarning: X does not have valid feature names, but RandomForestClassifier was fitted with feature names
  warnings.warn(

2026-06-19 10:42:29,437:WARNING:c:\Users\Usuario\AppData\Local\Programs\Python\Python310\lib\site-packages\sklearn\base.py:493: UserWarning: X does not have valid feature names, but RandomForestClassifier was fitted with feature names
  warnings.warn(

2026-06-19 10:42:29,455:WARNING:c:\Users\Usuario\AppData\Local\Programs\Python\Python310\lib\site-packages\sklearn\base.py:493: UserWarning: X does not have valid feature names, but RandomForestClassifier was fitted with feature names
  warnings.warn(

2026-06-19 10:42:29,470:WARNING:c:\Users\Usuario\AppData\Local\Programs\Python\Python310\lib\site-packages\sklearn\base.py:493: UserWarning: X does not have valid feature names, but RandomForestClassifier was fitted with feature names
  warnings.warn(

2026-06-19 10:42:29,488:WARNING:c:\Users\Usuario\AppData\Local\Programs\Python\Python310\lib\site-packages\sklearn\base.py:493: UserWarning: X does not have valid feature names, but RandomForestClassifier was fitted with feature names
  warnings.warn(

2026-06-19 10:42:29,504:WARNING:c:\Users\Usuario\AppData\Local\Programs\Python\Python310\lib\site-packages\sklearn\base.py:493: UserWarning: X does not have valid feature names, but RandomForestClassifier was fitted with feature names
  warnings.warn(

2026-06-19 10:42:29,522:WARNING:c:\Users\Usuario\AppData\Local\Programs\Python\Python310\lib\site-packages\sklearn\base.py:493: UserWarning: X does not have valid feature names, but RandomForestClassifier was fitted with feature names
  warnings.warn(

2026-06-19 10:42:29,556:WARNING:c:\Users\Usuario\AppData\Local\Programs\Python\Python310\lib\site-packages\sklearn\base.py:493: UserWarning: X does not have valid feature names, but RandomForestClassifier was fitted with feature names
  warnings.warn(

2026-06-19 17:07:55,324:WARNING:
'cuml' is a soft dependency and not included in the pycaret installation. Please run: `pip install cuml` to install.
2026-06-19 17:07:55,327:WARNING:
'cuml' is a soft dependency and not included in the pycaret installation. Please run: `pip install cuml` to install.
2026-06-19 17:07:55,327:WARNING:
'cuml' is a soft dependency and not included in the pycaret installation. Please run: `pip install cuml` to install.
2026-06-19 17:07:55,327:WARNING:
'cuml' is a soft dependency and not included in the pycaret installation. Please run: `pip install cuml` to install.
2026-06-19 17:33:39,145:WARNING:c:\Users\Usuario\AppData\Local\Programs\Python\Python310\lib\site-packages\shap\explainers\_linear.py:95: FutureWarning: The feature_perturbation option is now deprecated in favor of using the appropriate masker (maskers.Independent, maskers.Partition or maskers.Impute).
  warnings.warn(wmsg, FutureWarning)

2026-06-19 17:34:05,037:INFO:PyCaret ClassificationExperiment
2026-06-19 17:34:05,037:INFO:Logging name: clf-default-name
2026-06-19 17:34:05,038:INFO:ML Usecase: MLUsecase.CLASSIFICATION
2026-06-19 17:34:05,038:INFO:version 3.3.2
2026-06-19 17:34:05,038:INFO:Initializing setup()
2026-06-19 17:34:05,038:INFO:self.USI: 94ff
2026-06-19 17:34:05,038:INFO:self._variable_keys: {'gpu_n_jobs_param', 'y', 'fix_imbalance', 'exp_id', 'data', 'n_jobs_param', 'fold_shuffle_param', 'X', 'target_param', 'X_train', 'memory', 'fold_generator', 'exp_name_log', 'html_param', 'log_plots_param', 'gpu_param', '_available_plots', 'USI', 'y_test', 'is_multiclass', 'fold_groups_param', 'X_test', 'seed', 'pipeline', 'logging_param', 'y_train', 'idx', '_ml_usecase'}
2026-06-19 17:34:05,038:INFO:Checking environment
2026-06-19 17:34:05,039:INFO:python_version: 3.10.10
2026-06-19 17:34:05,039:INFO:python_build: ('tags/v3.10.10:aad5f6a', 'Feb  7 2023 17:20:36')
2026-06-19 17:34:05,039:INFO:machine: AMD64
2026-06-19 17:34:05,039:INFO:platform: Windows-10-10.0.26200-SP0
2026-06-19 17:34:05,041:INFO:Memory: svmem(total=16910159872, available=5206093824, percent=69.2, used=11704066048, free=5206093824)
2026-06-19 17:34:05,041:INFO:Physical Core: 4
2026-06-19 17:34:05,041:INFO:Logical Core: 8
2026-06-19 17:34:05,041:INFO:Checking libraries
2026-06-19 17:34:05,042:INFO:System:
2026-06-19 17:34:05,042:INFO:    python: 3.10.10 (tags/v3.10.10:aad5f6a, Feb  7 2023, 17:20:36) [MSC v.1929 64 bit (AMD64)]
2026-06-19 17:34:05,042:INFO:executable: c:\Users\Usuario\AppData\Local\Programs\Python\Python310\python.exe
2026-06-19 17:34:05,042:INFO:   machine: Windows-10-10.0.26200-SP0
2026-06-19 17:34:05,042:INFO:PyCaret required dependencies:
2026-06-19 17:34:05,415:INFO:                 pip: 22.3.1
2026-06-19 17:34:05,415:INFO:          setuptools: 65.5.0
2026-06-19 17:34:05,415:INFO:             pycaret: 3.3.2
2026-06-19 17:34:05,415:INFO:             IPython: 8.39.0
2026-06-19 17:34:05,417:INFO:          ipywidgets: 8.1.8
2026-06-19 17:34:05,417:INFO:                tqdm: 4.68.3
2026-06-19 17:34:05,417:INFO:               numpy: 1.26.4
2026-06-19 17:34:05,417:INFO:              pandas: 2.1.4
2026-06-19 17:34:05,417:INFO:              jinja2: 3.1.6
2026-06-19 17:34:05,417:INFO:               scipy: 1.11.4
2026-06-19 17:34:05,417:INFO:              joblib: 1.3.2
2026-06-19 17:34:05,417:INFO:             sklearn: 1.4.2
2026-06-19 17:34:05,417:INFO:                pyod: 3.4.0
2026-06-19 17:34:05,417:INFO:            imblearn: 0.14.2
2026-06-19 17:34:05,417:INFO:   category_encoders: 2.7.0
2026-06-19 17:34:05,418:INFO:            lightgbm: 4.6.0
2026-06-19 17:34:05,418:INFO:               numba: 0.65.1
2026-06-19 17:34:05,418:INFO:            requests: 2.34.2
2026-06-19 17:34:05,418:INFO:          matplotlib: 3.7.5
2026-06-19 17:34:05,419:INFO:          scikitplot: 0.3.7
2026-06-19 17:34:05,419:INFO:         yellowbrick: 1.5
2026-06-19 17:34:05,419:INFO:              plotly: 6.8.0
2026-06-19 17:34:05,419:INFO:    plotly-resampler: Not installed
2026-06-19 17:34:05,419:INFO:             kaleido: 1.3.0
2026-06-19 17:34:05,419:INFO:           schemdraw: 0.15
2026-06-19 17:34:05,419:INFO:         statsmodels: 0.14.6
2026-06-19 17:34:05,419:INFO:              sktime: 0.26.0
2026-06-19 17:34:05,419:INFO:               tbats: 1.1.3
2026-06-19 17:34:05,419:INFO:            pmdarima: 2.0.4
2026-06-19 17:34:05,419:INFO:              psutil: 7.2.2
2026-06-19 17:34:05,420:INFO:          markupsafe: 3.0.3
2026-06-19 17:34:05,420:INFO:             pickle5: Not installed
2026-06-19 17:34:05,421:INFO:         cloudpickle: 3.1.2
2026-06-19 17:34:05,421:INFO:         deprecation: 2.1.0
2026-06-19 17:34:05,421:INFO:              xxhash: 3.7.0
2026-06-19 17:34:05,421:INFO:           wurlitzer: Not installed
2026-06-19 17:34:05,421:INFO:PyCaret optional dependencies:
2026-06-19 17:34:05,456:INFO:                shap: 0.45.1
2026-06-19 17:34:05,456:INFO:           interpret: Not installed
2026-06-19 17:34:05,456:INFO:                umap: Not installed
2026-06-19 17:34:05,456:INFO:     ydata_profiling: Not installed
2026-06-19 17:34:05,456:INFO:  explainerdashboard: Not installed
2026-06-19 17:34:05,456:INFO:             autoviz: Not installed
2026-06-19 17:34:05,457:INFO:           fairlearn: Not installed
2026-06-19 17:34:05,457:INFO:          deepchecks: Not installed
2026-06-19 17:34:05,457:INFO:             xgboost: Not installed
2026-06-19 17:34:05,457:INFO:            catboost: Not installed
2026-06-19 17:34:05,457:INFO:              kmodes: Not installed
2026-06-19 17:34:05,457:INFO:             mlxtend: Not installed
2026-06-19 17:34:05,457:INFO:       statsforecast: Not installed
2026-06-19 17:34:05,457:INFO:        tune_sklearn: Not installed
2026-06-19 17:34:05,457:INFO:                 ray: Not installed
2026-06-19 17:34:05,457:INFO:            hyperopt: Not installed
2026-06-19 17:34:05,457:INFO:              optuna: 4.9.0
2026-06-19 17:34:05,457:INFO:               skopt: Not installed
2026-06-19 17:34:05,457:INFO:              mlflow: Not installed
2026-06-19 17:34:05,457:INFO:              gradio: Not installed
2026-06-19 17:34:05,458:INFO:             fastapi: Not installed
2026-06-19 17:34:05,458:INFO:             uvicorn: Not installed
2026-06-19 17:34:05,458:INFO:              m2cgen: Not installed
2026-06-19 17:34:05,458:INFO:           evidently: Not installed
2026-06-19 17:34:05,458:INFO:               fugue: Not installed
2026-06-19 17:34:05,458:INFO:           streamlit: Not installed
2026-06-19 17:34:05,458:INFO:             prophet: Not installed
2026-06-19 17:34:05,458:INFO:None
2026-06-19 17:34:05,458:INFO:Set up data.
2026-06-19 17:34:05,753:INFO:Set up folding strategy.
2026-06-19 17:34:05,754:INFO:Set up train/test split.
2026-06-19 17:34:06,182:INFO:Set up index.
2026-06-19 17:34:06,272:INFO:Assigning column types.
2026-06-19 17:34:06,696:INFO:Engine successfully changes for model 'lr' to 'sklearn'.
2026-06-19 17:34:06,884:INFO:Engine for model 'knn' has not been set explicitly, hence returning None.
2026-06-19 17:34:06,902:INFO:Engine for model 'rbfsvm' has not been set explicitly, hence returning None.
2026-06-19 17:34:07,041:WARNING:
'xgboost' is a soft dependency and not included in the pycaret installation. Please run: `pip install xgboost` to install.
Alternately, you can install this by running `pip install pycaret[models]`
2026-06-19 17:34:07,041:WARNING:
'catboost' is a soft dependency and not included in the pycaret installation. Please run: `pip install catboost` to install.
Alternately, you can install this by running `pip install pycaret[models]`
2026-06-19 17:34:07,214:INFO:Engine for model 'knn' has not been set explicitly, hence returning None.
2026-06-19 17:34:07,220:INFO:Engine for model 'rbfsvm' has not been set explicitly, hence returning None.
2026-06-19 17:34:07,321:WARNING:
'xgboost' is a soft dependency and not included in the pycaret installation. Please run: `pip install xgboost` to install.
Alternately, you can install this by running `pip install pycaret[models]`
2026-06-19 17:34:07,322:WARNING:
'catboost' is a soft dependency and not included in the pycaret installation. Please run: `pip install catboost` to install.
Alternately, you can install this by running `pip install pycaret[models]`
2026-06-19 17:34:07,323:INFO:Engine successfully changes for model 'knn' to 'sklearn'.
2026-06-19 17:34:07,502:INFO:Engine for model 'rbfsvm' has not been set explicitly, hence returning None.
2026-06-19 17:34:07,607:WARNING:
'xgboost' is a soft dependency and not included in the pycaret installation. Please run: `pip install xgboost` to install.
Alternately, you can install this by running `pip install pycaret[models]`
2026-06-19 17:34:07,608:WARNING:
'catboost' is a soft dependency and not included in the pycaret installation. Please run: `pip install catboost` to install.
Alternately, you can install this by running `pip install pycaret[models]`
2026-06-19 17:34:07,768:INFO:Engine for model 'rbfsvm' has not been set explicitly, hence returning None.
2026-06-19 17:34:07,885:WARNING:
'xgboost' is a soft dependency and not included in the pycaret installation. Please run: `pip install xgboost` to install.
Alternately, you can install this by running `pip install pycaret[models]`
2026-06-19 17:34:07,889:WARNING:
'catboost' is a soft dependency and not included in the pycaret installation. Please run: `pip install catboost` to install.
Alternately, you can install this by running `pip install pycaret[models]`
2026-06-19 17:34:07,890:INFO:Engine successfully changes for model 'rbfsvm' to 'sklearn'.
2026-06-19 17:34:08,157:WARNING:
'xgboost' is a soft dependency and not included in the pycaret installation. Please run: `pip install xgboost` to install.
Alternately, you can install this by running `pip install pycaret[models]`
2026-06-19 17:34:08,158:WARNING:
'catboost' is a soft dependency and not included in the pycaret installation. Please run: `pip install catboost` to install.
Alternately, you can install this by running `pip install pycaret[models]`
2026-06-19 17:34:08,432:WARNING:
'xgboost' is a soft dependency and not included in the pycaret installation. Please run: `pip install xgboost` to install.
Alternately, you can install this by running `pip install pycaret[models]`
2026-06-19 17:34:08,434:WARNING:
'catboost' is a soft dependency and not included in the pycaret installation. Please run: `pip install catboost` to install.
Alternately, you can install this by running `pip install pycaret[models]`
2026-06-19 17:34:08,490:INFO:Preparing preprocessing pipeline...
2026-06-19 17:34:08,555:INFO:Set up simple imputation.
2026-06-19 17:34:08,555:INFO:Set up imbalanced handling.
2026-06-19 17:34:08,556:INFO:Set up feature normalization.
2026-06-19 17:34:09,620:INFO:Finished creating preprocessing pipeline.
2026-06-19 17:34:09,643:INFO:Pipeline: Pipeline(memory=FastMemory(location=C:\Users\Usuario\AppData\Local\Temp\joblib),
         steps=[('numerical_imputer',
                 TransformerWrapper(exclude=None,
                                    include=['MinTemp', 'MaxTemp', 'Rainfall',
                                             'Evaporation', 'Sunshine',
                                             'WindGustSpeed', 'WindSpeed9am',
                                             'WindSpeed3pm', 'Humidity9am',
                                             'Humidity3pm', 'Pressure9am',
                                             'Pressure3pm', 'Cloud9am',
                                             'Cloud3pm', 'Temp9am', 'Temp3pm',
                                             '...
                                                              keep_empty_features=False,
                                                              missing_values=nan,
                                                              strategy='most_frequent'))),
                ('balance',
                 TransformerWrapper(exclude=None, include=None,
                                    transformer=FixImbalancer(estimator=SMOTE(k_neighbors=5,
                                                                              random_state=42,
                                                                              sampling_strategy='auto')))),
                ('normalize',
                 TransformerWrapper(exclude=None, include=None,
                                    transformer=StandardScaler(copy=True,
                                                               with_mean=True,
                                                               with_std=True)))],
         verbose=False)
2026-06-19 17:34:09,644:INFO:Creating final display dataframe.
2026-06-19 17:34:11,240:INFO:Setup _display_container:                     Description             Value
0                    Session id                42
1                        Target      RainTomorrow
2                   Target type            Binary
3           Original data shape      (113647, 27)
4        Transformed data shape      (157555, 27)
5   Transformed train set shape      (123460, 27)
6    Transformed test set shape       (34095, 27)
7              Numeric features                23
8                    Preprocess              True
9               Imputation type            simple
10           Numeric imputation              mean
11       Categorical imputation              mode
12                Fix imbalance              True
13         Fix imbalance method             SMOTE
14                    Normalize              True
15             Normalize method            zscore
16               Fold Generator   StratifiedKFold
17                  Fold Number                 5
18                     CPU Jobs                -1
19                      Use GPU             False
20               Log Experiment             False
21              Experiment Name  clf-default-name
22                          USI              94ff
2026-06-19 17:34:11,532:WARNING:
'xgboost' is a soft dependency and not included in the pycaret installation. Please run: `pip install xgboost` to install.
Alternately, you can install this by running `pip install pycaret[models]`
2026-06-19 17:34:11,533:WARNING:
'catboost' is a soft dependency and not included in the pycaret installation. Please run: `pip install catboost` to install.
Alternately, you can install this by running `pip install pycaret[models]`
2026-06-19 17:34:11,864:WARNING:
'xgboost' is a soft dependency and not included in the pycaret installation. Please run: `pip install xgboost` to install.
Alternately, you can install this by running `pip install pycaret[models]`
2026-06-19 17:34:11,865:WARNING:
'catboost' is a soft dependency and not included in the pycaret installation. Please run: `pip install catboost` to install.
Alternately, you can install this by running `pip install pycaret[models]`
2026-06-19 17:34:11,870:INFO:setup() successfully completed in 6.87s...............
2026-06-19 17:34:11,947:INFO:Initializing compare_models()
2026-06-19 17:34:11,947:INFO:compare_models(self=<pycaret.classification.oop.ClassificationExperiment object at 0x00000186017DCD90>, include=None, fold=None, round=4, cross_validation=True, sort=F1, n_select=3, budget_time=None, turbo=True, errors=ignore, fit_kwargs=None, groups=None, experiment_custom_tags=None, probability_threshold=None, verbose=True, parallel=None, caller_params={'self': <pycaret.classification.oop.ClassificationExperiment object at 0x00000186017DCD90>, 'include': None, 'exclude': None, 'fold': None, 'round': 4, 'cross_validation': True, 'sort': 'F1', 'n_select': 3, 'budget_time': None, 'turbo': True, 'errors': 'ignore', 'fit_kwargs': None, 'groups': None, 'experiment_custom_tags': None, 'probability_threshold': None, 'engine': None, 'verbose': True, 'parallel': None, '__class__': <class 'pycaret.classification.oop.ClassificationExperiment'>}, exclude=None)
2026-06-19 17:34:11,948:INFO:Checking exceptions
2026-06-19 17:34:12,204:INFO:Preparing display monitor
2026-06-19 17:34:12,330:INFO:Initializing Logistic Regression
2026-06-19 17:34:12,331:INFO:Total runtime is 1.66932741800944e-05 minutes
2026-06-19 17:34:12,350:INFO:SubProcess create_model() called ==================================
2026-06-19 17:34:12,350:INFO:Initializing create_model()
2026-06-19 17:34:12,351:INFO:create_model(self=<pycaret.classification.oop.ClassificationExperiment object at 0x00000186017DCD90>, estimator=lr, fold=StratifiedKFold(n_splits=5, random_state=None, shuffle=False), round=4, cross_validation=True, predict=True, fit_kwargs={}, groups=None, refit=False, probability_threshold=None, experiment_custom_tags=None, verbose=False, system=False, add_to_model_list=True, metrics=None, display=<pycaret.internal.display.display.CommonDisplay object at 0x0000018610F8BE50>, model_only=True, return_train_score=False, error_score=0.0, kwargs={})
2026-06-19 17:34:12,352:INFO:Checking exceptions
2026-06-19 17:34:12,353:INFO:Importing libraries
2026-06-19 17:34:12,353:INFO:Copying training dataset
2026-06-19 17:34:12,750:INFO:Defining folds
2026-06-19 17:34:12,751:INFO:Declaring metric variables
2026-06-19 17:34:12,772:INFO:Importing untrained model
2026-06-19 17:34:12,790:INFO:Logistic Regression Imported successfully
2026-06-19 17:34:12,822:INFO:Starting cross validation
2026-06-19 17:34:12,828:INFO:Cross validating with StratifiedKFold(n_splits=5, random_state=None, shuffle=False), n_jobs=-1
2026-06-19 17:34:43,013:INFO:Calculating mean and std
2026-06-19 17:34:43,027:INFO:Creating metrics dataframe
2026-06-19 17:34:43,034:INFO:Uploading results into container
2026-06-19 17:34:43,036:INFO:Uploading model into container now
2026-06-19 17:34:43,038:INFO:_master_model_container: 1
2026-06-19 17:34:43,039:INFO:_display_container: 2
2026-06-19 17:34:43,040:INFO:LogisticRegression(C=1.0, class_weight=None, dual=False, fit_intercept=True,
                   intercept_scaling=1, l1_ratio=None, max_iter=1000,
                   multi_class='auto', n_jobs=None, penalty='l2',
                   random_state=42, solver='lbfgs', tol=0.0001, verbose=0,
                   warm_start=False)
2026-06-19 17:34:43,040:INFO:create_model() successfully completed......................................
2026-06-19 17:34:43,962:INFO:SubProcess create_model() end ==================================
2026-06-19 17:34:43,962:INFO:Creating metrics dataframe
2026-06-19 17:34:43,985:INFO:Initializing K Neighbors Classifier
2026-06-19 17:34:43,986:INFO:Total runtime is 0.5276013215382894 minutes
2026-06-19 17:34:43,997:INFO:SubProcess create_model() called ==================================
2026-06-19 17:34:43,997:INFO:Initializing create_model()
2026-06-19 17:34:43,998:INFO:create_model(self=<pycaret.classification.oop.ClassificationExperiment object at 0x00000186017DCD90>, estimator=knn, fold=StratifiedKFold(n_splits=5, random_state=None, shuffle=False), round=4, cross_validation=True, predict=True, fit_kwargs={}, groups=None, refit=False, probability_threshold=None, experiment_custom_tags=None, verbose=False, system=False, add_to_model_list=True, metrics=None, display=<pycaret.internal.display.display.CommonDisplay object at 0x0000018610F8BE50>, model_only=True, return_train_score=False, error_score=0.0, kwargs={})
2026-06-19 17:34:43,998:INFO:Checking exceptions
2026-06-19 17:34:43,998:INFO:Importing libraries
2026-06-19 17:34:43,998:INFO:Copying training dataset
2026-06-19 17:34:44,280:INFO:Defining folds
2026-06-19 17:34:44,281:INFO:Declaring metric variables
2026-06-19 17:34:44,297:INFO:Importing untrained model
2026-06-19 17:34:44,309:INFO:K Neighbors Classifier Imported successfully
2026-06-19 17:34:44,331:INFO:Starting cross validation
2026-06-19 17:34:44,335:INFO:Cross validating with StratifiedKFold(n_splits=5, random_state=None, shuffle=False), n_jobs=-1
2026-06-19 17:36:17,682:INFO:Calculating mean and std
2026-06-19 17:36:17,684:INFO:Creating metrics dataframe
2026-06-19 17:36:17,687:INFO:Uploading results into container
2026-06-19 17:36:17,687:INFO:Uploading model into container now
2026-06-19 17:36:17,688:INFO:_master_model_container: 2
2026-06-19 17:36:17,688:INFO:_display_container: 2
2026-06-19 17:36:17,689:INFO:KNeighborsClassifier(algorithm='auto', leaf_size=30, metric='minkowski',
                     metric_params=None, n_jobs=-1, n_neighbors=5, p=2,
                     weights='uniform')
2026-06-19 17:36:17,689:INFO:create_model() successfully completed......................................
2026-06-19 17:36:17,922:INFO:SubProcess create_model() end ==================================
2026-06-19 17:36:17,922:INFO:Creating metrics dataframe
2026-06-19 17:36:17,933:INFO:Initializing Naive Bayes
2026-06-19 17:36:17,933:INFO:Total runtime is 2.093385950724284 minutes
2026-06-19 17:36:17,937:INFO:SubProcess create_model() called ==================================
2026-06-19 17:36:17,938:INFO:Initializing create_model()
2026-06-19 17:36:17,938:INFO:create_model(self=<pycaret.classification.oop.ClassificationExperiment object at 0x00000186017DCD90>, estimator=nb, fold=StratifiedKFold(n_splits=5, random_state=None, shuffle=False), round=4, cross_validation=True, predict=True, fit_kwargs={}, groups=None, refit=False, probability_threshold=None, experiment_custom_tags=None, verbose=False, system=False, add_to_model_list=True, metrics=None, display=<pycaret.internal.display.display.CommonDisplay object at 0x0000018610F8BE50>, model_only=True, return_train_score=False, error_score=0.0, kwargs={})
2026-06-19 17:36:17,938:INFO:Checking exceptions
2026-06-19 17:36:17,938:INFO:Importing libraries
2026-06-19 17:36:17,938:INFO:Copying training dataset
2026-06-19 17:36:18,095:INFO:Defining folds
2026-06-19 17:36:18,095:INFO:Declaring metric variables
2026-06-19 17:36:18,107:INFO:Importing untrained model
2026-06-19 17:36:18,114:INFO:Naive Bayes Imported successfully
2026-06-19 17:36:18,126:INFO:Starting cross validation
2026-06-19 17:36:18,128:INFO:Cross validating with StratifiedKFold(n_splits=5, random_state=None, shuffle=False), n_jobs=-1
2026-06-19 17:36:22,700:INFO:Calculating mean and std
2026-06-19 17:36:22,702:INFO:Creating metrics dataframe
2026-06-19 17:36:22,709:INFO:Uploading results into container
2026-06-19 17:36:22,714:INFO:Uploading model into container now
2026-06-19 17:36:22,715:INFO:_master_model_container: 3
2026-06-19 17:36:22,715:INFO:_display_container: 2
2026-06-19 17:36:22,715:INFO:GaussianNB(priors=None, var_smoothing=1e-09)
2026-06-19 17:36:22,715:INFO:create_model() successfully completed......................................
2026-06-19 17:36:23,044:INFO:SubProcess create_model() end ==================================
2026-06-19 17:36:23,045:INFO:Creating metrics dataframe
2026-06-19 17:36:23,064:INFO:Initializing Decision Tree Classifier
2026-06-19 17:36:23,065:INFO:Total runtime is 2.178901767730713 minutes
2026-06-19 17:36:23,073:INFO:SubProcess create_model() called ==================================
2026-06-19 17:36:23,074:INFO:Initializing create_model()
2026-06-19 17:36:23,074:INFO:create_model(self=<pycaret.classification.oop.ClassificationExperiment object at 0x00000186017DCD90>, estimator=dt, fold=StratifiedKFold(n_splits=5, random_state=None, shuffle=False), round=4, cross_validation=True, predict=True, fit_kwargs={}, groups=None, refit=False, probability_threshold=None, experiment_custom_tags=None, verbose=False, system=False, add_to_model_list=True, metrics=None, display=<pycaret.internal.display.display.CommonDisplay object at 0x0000018610F8BE50>, model_only=True, return_train_score=False, error_score=0.0, kwargs={})
2026-06-19 17:36:23,074:INFO:Checking exceptions
2026-06-19 17:36:23,074:INFO:Importing libraries
2026-06-19 17:36:23,075:INFO:Copying training dataset
2026-06-19 17:36:23,242:INFO:Defining folds
2026-06-19 17:36:23,243:INFO:Declaring metric variables
2026-06-19 17:36:23,250:INFO:Importing untrained model
2026-06-19 17:36:23,256:INFO:Decision Tree Classifier Imported successfully
2026-06-19 17:36:23,276:INFO:Starting cross validation
2026-06-19 17:36:23,278:INFO:Cross validating with StratifiedKFold(n_splits=5, random_state=None, shuffle=False), n_jobs=-1
2026-06-19 17:36:35,995:INFO:Calculating mean and std
2026-06-19 17:36:35,997:INFO:Creating metrics dataframe
2026-06-19 17:36:36,000:INFO:Uploading results into container
2026-06-19 17:36:36,001:INFO:Uploading model into container now
2026-06-19 17:36:36,002:INFO:_master_model_container: 4
2026-06-19 17:36:36,002:INFO:_display_container: 2
2026-06-19 17:36:36,003:INFO:DecisionTreeClassifier(ccp_alpha=0.0, class_weight=None, criterion='gini',
                       max_depth=None, max_features=None, max_leaf_nodes=None,
                       min_impurity_decrease=0.0, min_samples_leaf=1,
                       min_samples_split=2, min_weight_fraction_leaf=0.0,
                       monotonic_cst=None, random_state=42, splitter='best')
2026-06-19 17:36:36,003:INFO:create_model() successfully completed......................................
2026-06-19 17:36:36,236:INFO:SubProcess create_model() end ==================================
2026-06-19 17:36:36,236:INFO:Creating metrics dataframe
2026-06-19 17:36:36,246:INFO:Initializing SVM - Linear Kernel
2026-06-19 17:36:36,246:INFO:Total runtime is 2.3986041506131492 minutes
2026-06-19 17:36:36,251:INFO:SubProcess create_model() called ==================================
2026-06-19 17:36:36,252:INFO:Initializing create_model()
2026-06-19 17:36:36,252:INFO:create_model(self=<pycaret.classification.oop.ClassificationExperiment object at 0x00000186017DCD90>, estimator=svm, fold=StratifiedKFold(n_splits=5, random_state=None, shuffle=False), round=4, cross_validation=True, predict=True, fit_kwargs={}, groups=None, refit=False, probability_threshold=None, experiment_custom_tags=None, verbose=False, system=False, add_to_model_list=True, metrics=None, display=<pycaret.internal.display.display.CommonDisplay object at 0x0000018610F8BE50>, model_only=True, return_train_score=False, error_score=0.0, kwargs={})
2026-06-19 17:36:36,252:INFO:Checking exceptions
2026-06-19 17:36:36,252:INFO:Importing libraries
2026-06-19 17:36:36,252:INFO:Copying training dataset
2026-06-19 17:36:36,395:INFO:Defining folds
2026-06-19 17:36:36,396:INFO:Declaring metric variables
2026-06-19 17:36:36,404:INFO:Importing untrained model
2026-06-19 17:36:36,412:INFO:SVM - Linear Kernel Imported successfully
2026-06-19 17:36:36,422:INFO:Starting cross validation
2026-06-19 17:36:36,423:INFO:Cross validating with StratifiedKFold(n_splits=5, random_state=None, shuffle=False), n_jobs=-1
2026-06-19 17:36:42,285:INFO:Calculating mean and std
2026-06-19 17:36:42,286:INFO:Creating metrics dataframe
2026-06-19 17:36:42,288:INFO:Uploading results into container
2026-06-19 17:36:42,289:INFO:Uploading model into container now
2026-06-19 17:36:42,290:INFO:_master_model_container: 5
2026-06-19 17:36:42,290:INFO:_display_container: 2
2026-06-19 17:36:42,291:INFO:SGDClassifier(alpha=0.0001, average=False, class_weight=None,
              early_stopping=False, epsilon=0.1, eta0=0.001, fit_intercept=True,
              l1_ratio=0.15, learning_rate='optimal', loss='hinge',
              max_iter=1000, n_iter_no_change=5, n_jobs=-1, penalty='l2',
              power_t=0.5, random_state=42, shuffle=True, tol=0.001,
              validation_fraction=0.1, verbose=0, warm_start=False)
2026-06-19 17:36:42,292:INFO:create_model() successfully completed......................................
2026-06-19 17:36:42,561:INFO:SubProcess create_model() end ==================================
2026-06-19 17:36:42,561:INFO:Creating metrics dataframe
2026-06-19 17:36:42,580:INFO:Initializing Ridge Classifier
2026-06-19 17:36:42,580:INFO:Total runtime is 2.5041660070419316 minutes
2026-06-19 17:36:42,588:INFO:SubProcess create_model() called ==================================
2026-06-19 17:36:42,588:INFO:Initializing create_model()
2026-06-19 17:36:42,588:INFO:create_model(self=<pycaret.classification.oop.ClassificationExperiment object at 0x00000186017DCD90>, estimator=ridge, fold=StratifiedKFold(n_splits=5, random_state=None, shuffle=False), round=4, cross_validation=True, predict=True, fit_kwargs={}, groups=None, refit=False, probability_threshold=None, experiment_custom_tags=None, verbose=False, system=False, add_to_model_list=True, metrics=None, display=<pycaret.internal.display.display.CommonDisplay object at 0x0000018610F8BE50>, model_only=True, return_train_score=False, error_score=0.0, kwargs={})
2026-06-19 17:36:42,588:INFO:Checking exceptions
2026-06-19 17:36:42,589:INFO:Importing libraries
2026-06-19 17:36:42,589:INFO:Copying training dataset
2026-06-19 17:36:42,751:INFO:Defining folds
2026-06-19 17:36:42,751:INFO:Declaring metric variables
2026-06-19 17:36:42,761:INFO:Importing untrained model
2026-06-19 17:36:42,771:INFO:Ridge Classifier Imported successfully
2026-06-19 17:36:42,789:INFO:Starting cross validation
2026-06-19 17:36:42,792:INFO:Cross validating with StratifiedKFold(n_splits=5, random_state=None, shuffle=False), n_jobs=-1
2026-06-19 17:36:47,491:INFO:Calculating mean and std
2026-06-19 17:36:47,493:INFO:Creating metrics dataframe
2026-06-19 17:36:47,496:INFO:Uploading results into container
2026-06-19 17:36:47,498:INFO:Uploading model into container now
2026-06-19 17:36:47,499:INFO:_master_model_container: 6
2026-06-19 17:36:47,499:INFO:_display_container: 2
2026-06-19 17:36:47,500:INFO:RidgeClassifier(alpha=1.0, class_weight=None, copy_X=True, fit_intercept=True,
                max_iter=None, positive=False, random_state=42, solver='auto',
                tol=0.0001)
2026-06-19 17:36:47,500:INFO:create_model() successfully completed......................................
2026-06-19 17:36:47,753:INFO:SubProcess create_model() end ==================================
2026-06-19 17:36:47,753:INFO:Creating metrics dataframe
2026-06-19 17:36:47,768:INFO:Initializing Random Forest Classifier
2026-06-19 17:36:47,768:INFO:Total runtime is 2.590629680951437 minutes
2026-06-19 17:36:47,773:INFO:SubProcess create_model() called ==================================
2026-06-19 17:36:47,775:INFO:Initializing create_model()
2026-06-19 17:36:47,775:INFO:create_model(self=<pycaret.classification.oop.ClassificationExperiment object at 0x00000186017DCD90>, estimator=rf, fold=StratifiedKFold(n_splits=5, random_state=None, shuffle=False), round=4, cross_validation=True, predict=True, fit_kwargs={}, groups=None, refit=False, probability_threshold=None, experiment_custom_tags=None, verbose=False, system=False, add_to_model_list=True, metrics=None, display=<pycaret.internal.display.display.CommonDisplay object at 0x0000018610F8BE50>, model_only=True, return_train_score=False, error_score=0.0, kwargs={})
2026-06-19 17:36:47,775:INFO:Checking exceptions
2026-06-19 17:36:47,775:INFO:Importing libraries
2026-06-19 17:36:47,775:INFO:Copying training dataset
2026-06-19 17:36:47,912:INFO:Defining folds
2026-06-19 17:36:47,913:INFO:Declaring metric variables
2026-06-19 17:36:47,919:INFO:Importing untrained model
2026-06-19 17:36:47,929:INFO:Random Forest Classifier Imported successfully
2026-06-19 17:36:47,942:INFO:Starting cross validation
2026-06-19 17:36:47,943:INFO:Cross validating with StratifiedKFold(n_splits=5, random_state=None, shuffle=False), n_jobs=-1
2026-06-19 17:38:06,343:INFO:Calculating mean and std
2026-06-19 17:38:06,359:INFO:Creating metrics dataframe
2026-06-19 17:38:06,379:INFO:Uploading results into container
2026-06-19 17:38:06,382:INFO:Uploading model into container now
2026-06-19 17:38:06,388:INFO:_master_model_container: 7
2026-06-19 17:38:06,388:INFO:_display_container: 2
2026-06-19 17:38:06,391:INFO:RandomForestClassifier(bootstrap=True, ccp_alpha=0.0, class_weight=None,
                       criterion='gini', max_depth=None, max_features='sqrt',
                       max_leaf_nodes=None, max_samples=None,
                       min_impurity_decrease=0.0, min_samples_leaf=1,
                       min_samples_split=2, min_weight_fraction_leaf=0.0,
                       monotonic_cst=None, n_estimators=100, n_jobs=-1,
                       oob_score=False, random_state=42, verbose=0,
                       warm_start=False)
2026-06-19 17:38:06,391:INFO:create_model() successfully completed......................................
2026-06-19 17:38:06,925:INFO:SubProcess create_model() end ==================================
2026-06-19 17:38:06,925:INFO:Creating metrics dataframe
2026-06-19 17:38:06,951:INFO:Initializing Quadratic Discriminant Analysis
2026-06-19 17:38:06,951:INFO:Total runtime is 3.910346134503683 minutes
2026-06-19 17:38:06,969:INFO:SubProcess create_model() called ==================================
2026-06-19 17:38:06,971:INFO:Initializing create_model()
2026-06-19 17:38:06,971:INFO:create_model(self=<pycaret.classification.oop.ClassificationExperiment object at 0x00000186017DCD90>, estimator=qda, fold=StratifiedKFold(n_splits=5, random_state=None, shuffle=False), round=4, cross_validation=True, predict=True, fit_kwargs={}, groups=None, refit=False, probability_threshold=None, experiment_custom_tags=None, verbose=False, system=False, add_to_model_list=True, metrics=None, display=<pycaret.internal.display.display.CommonDisplay object at 0x0000018610F8BE50>, model_only=True, return_train_score=False, error_score=0.0, kwargs={})
2026-06-19 17:38:06,971:INFO:Checking exceptions
2026-06-19 17:38:06,971:INFO:Importing libraries
2026-06-19 17:38:06,972:INFO:Copying training dataset
2026-06-19 17:38:07,260:INFO:Defining folds
2026-06-19 17:38:07,260:INFO:Declaring metric variables
2026-06-19 17:38:07,283:INFO:Importing untrained model
2026-06-19 17:38:07,294:INFO:Quadratic Discriminant Analysis Imported successfully
2026-06-19 17:38:07,326:INFO:Starting cross validation
2026-06-19 17:38:07,332:INFO:Cross validating with StratifiedKFold(n_splits=5, random_state=None, shuffle=False), n_jobs=-1
2026-06-19 17:38:15,593:INFO:Calculating mean and std
2026-06-19 17:38:15,600:INFO:Creating metrics dataframe
2026-06-19 17:38:15,606:INFO:Uploading results into container
2026-06-19 17:38:15,609:INFO:Uploading model into container now
2026-06-19 17:38:15,617:INFO:_master_model_container: 8
2026-06-19 17:38:15,618:INFO:_display_container: 2
2026-06-19 17:38:15,619:INFO:QuadraticDiscriminantAnalysis(priors=None, reg_param=0.0,
                              store_covariance=False, tol=0.0001)
2026-06-19 17:38:15,619:INFO:create_model() successfully completed......................................
2026-06-19 17:38:16,060:INFO:SubProcess create_model() end ==================================
2026-06-19 17:38:16,061:INFO:Creating metrics dataframe
2026-06-19 17:38:16,087:INFO:Initializing Ada Boost Classifier
2026-06-19 17:38:16,087:INFO:Total runtime is 4.062621096769969 minutes
2026-06-19 17:38:16,101:INFO:SubProcess create_model() called ==================================
2026-06-19 17:38:16,101:INFO:Initializing create_model()
2026-06-19 17:38:16,102:INFO:create_model(self=<pycaret.classification.oop.ClassificationExperiment object at 0x00000186017DCD90>, estimator=ada, fold=StratifiedKFold(n_splits=5, random_state=None, shuffle=False), round=4, cross_validation=True, predict=True, fit_kwargs={}, groups=None, refit=False, probability_threshold=None, experiment_custom_tags=None, verbose=False, system=False, add_to_model_list=True, metrics=None, display=<pycaret.internal.display.display.CommonDisplay object at 0x0000018610F8BE50>, model_only=True, return_train_score=False, error_score=0.0, kwargs={})
2026-06-19 17:38:16,102:INFO:Checking exceptions
2026-06-19 17:38:16,102:INFO:Importing libraries
2026-06-19 17:38:16,102:INFO:Copying training dataset
2026-06-19 17:38:16,420:INFO:Defining folds
2026-06-19 17:38:16,421:INFO:Declaring metric variables
2026-06-19 17:38:16,441:INFO:Importing untrained model
2026-06-19 17:38:16,459:INFO:Ada Boost Classifier Imported successfully
2026-06-19 17:38:16,515:INFO:Starting cross validation
2026-06-19 17:38:16,520:INFO:Cross validating with StratifiedKFold(n_splits=5, random_state=None, shuffle=False), n_jobs=-1
2026-06-19 17:38:22,168:WARNING:c:\Users\Usuario\AppData\Local\Programs\Python\Python310\lib\site-packages\sklearn\ensemble\_weight_boosting.py:519: FutureWarning: The SAMME.R algorithm (the default) is deprecated and will be removed in 1.6. Use the SAMME algorithm to circumvent this warning.
  warnings.warn(

2026-06-19 17:38:22,287:WARNING:c:\Users\Usuario\AppData\Local\Programs\Python\Python310\lib\site-packages\sklearn\ensemble\_weight_boosting.py:519: FutureWarning: The SAMME.R algorithm (the default) is deprecated and will be removed in 1.6. Use the SAMME algorithm to circumvent this warning.
  warnings.warn(

2026-06-19 17:38:22,564:WARNING:c:\Users\Usuario\AppData\Local\Programs\Python\Python310\lib\site-packages\sklearn\ensemble\_weight_boosting.py:519: FutureWarning: The SAMME.R algorithm (the default) is deprecated and will be removed in 1.6. Use the SAMME algorithm to circumvent this warning.
  warnings.warn(

2026-06-19 17:38:22,595:WARNING:c:\Users\Usuario\AppData\Local\Programs\Python\Python310\lib\site-packages\sklearn\ensemble\_weight_boosting.py:519: FutureWarning: The SAMME.R algorithm (the default) is deprecated and will be removed in 1.6. Use the SAMME algorithm to circumvent this warning.
  warnings.warn(

2026-06-19 17:38:22,758:WARNING:c:\Users\Usuario\AppData\Local\Programs\Python\Python310\lib\site-packages\sklearn\ensemble\_weight_boosting.py:519: FutureWarning: The SAMME.R algorithm (the default) is deprecated and will be removed in 1.6. Use the SAMME algorithm to circumvent this warning.
  warnings.warn(

2026-06-19 17:38:55,838:INFO:Calculating mean and std
2026-06-19 17:38:55,843:INFO:Creating metrics dataframe
2026-06-19 17:38:55,849:INFO:Uploading results into container
2026-06-19 17:38:55,851:INFO:Uploading model into container now
2026-06-19 17:38:55,852:INFO:_master_model_container: 9
2026-06-19 17:38:55,854:INFO:_display_container: 2
2026-06-19 17:38:55,855:INFO:AdaBoostClassifier(algorithm='SAMME.R', estimator=None, learning_rate=1.0,
                   n_estimators=50, random_state=42)
2026-06-19 17:38:55,855:INFO:create_model() successfully completed......................................
2026-06-19 17:38:56,168:INFO:SubProcess create_model() end ==================================
2026-06-19 17:38:56,168:INFO:Creating metrics dataframe
2026-06-19 17:38:56,181:INFO:Initializing Gradient Boosting Classifier
2026-06-19 17:38:56,181:INFO:Total runtime is 4.730852707227071 minutes
2026-06-19 17:38:56,188:INFO:SubProcess create_model() called ==================================
2026-06-19 17:38:56,189:INFO:Initializing create_model()
2026-06-19 17:38:56,189:INFO:create_model(self=<pycaret.classification.oop.ClassificationExperiment object at 0x00000186017DCD90>, estimator=gbc, fold=StratifiedKFold(n_splits=5, random_state=None, shuffle=False), round=4, cross_validation=True, predict=True, fit_kwargs={}, groups=None, refit=False, probability_threshold=None, experiment_custom_tags=None, verbose=False, system=False, add_to_model_list=True, metrics=None, display=<pycaret.internal.display.display.CommonDisplay object at 0x0000018610F8BE50>, model_only=True, return_train_score=False, error_score=0.0, kwargs={})
2026-06-19 17:38:56,189:INFO:Checking exceptions
2026-06-19 17:38:56,189:INFO:Importing libraries
2026-06-19 17:38:56,189:INFO:Copying training dataset
2026-06-19 17:38:56,421:INFO:Defining folds
2026-06-19 17:38:56,422:INFO:Declaring metric variables
2026-06-19 17:38:56,430:INFO:Importing untrained model
2026-06-19 17:38:56,441:INFO:Gradient Boosting Classifier Imported successfully
2026-06-19 17:38:56,457:INFO:Starting cross validation
2026-06-19 17:38:56,460:INFO:Cross validating with StratifiedKFold(n_splits=5, random_state=None, shuffle=False), n_jobs=-1
2026-06-19 17:41:04,369:INFO:Calculating mean and std
2026-06-19 17:41:04,371:INFO:Creating metrics dataframe
2026-06-19 17:41:04,376:INFO:Uploading results into container
2026-06-19 17:41:04,377:INFO:Uploading model into container now
2026-06-19 17:41:04,377:INFO:_master_model_container: 10
2026-06-19 17:41:04,378:INFO:_display_container: 2
2026-06-19 17:41:04,378:INFO:GradientBoostingClassifier(ccp_alpha=0.0, criterion='friedman_mse', init=None,
                           learning_rate=0.1, loss='log_loss', max_depth=3,
                           max_features=None, max_leaf_nodes=None,
                           min_impurity_decrease=0.0, min_samples_leaf=1,
                           min_samples_split=2, min_weight_fraction_leaf=0.0,
                           n_estimators=100, n_iter_no_change=None,
                           random_state=42, subsample=1.0, tol=0.0001,
                           validation_fraction=0.1, verbose=0,
                           warm_start=False)
2026-06-19 17:41:04,378:INFO:create_model() successfully completed......................................
2026-06-19 17:41:04,624:INFO:SubProcess create_model() end ==================================
2026-06-19 17:41:04,625:INFO:Creating metrics dataframe
2026-06-19 17:41:04,637:INFO:Initializing Linear Discriminant Analysis
2026-06-19 17:41:04,638:INFO:Total runtime is 6.871797227859497 minutes
2026-06-19 17:41:04,645:INFO:SubProcess create_model() called ==================================
2026-06-19 17:41:04,645:INFO:Initializing create_model()
2026-06-19 17:41:04,645:INFO:create_model(self=<pycaret.classification.oop.ClassificationExperiment object at 0x00000186017DCD90>, estimator=lda, fold=StratifiedKFold(n_splits=5, random_state=None, shuffle=False), round=4, cross_validation=True, predict=True, fit_kwargs={}, groups=None, refit=False, probability_threshold=None, experiment_custom_tags=None, verbose=False, system=False, add_to_model_list=True, metrics=None, display=<pycaret.internal.display.display.CommonDisplay object at 0x0000018610F8BE50>, model_only=True, return_train_score=False, error_score=0.0, kwargs={})
2026-06-19 17:41:04,645:INFO:Checking exceptions
2026-06-19 17:41:04,646:INFO:Importing libraries
2026-06-19 17:41:04,646:INFO:Copying training dataset
2026-06-19 17:41:04,756:INFO:Defining folds
2026-06-19 17:41:04,757:INFO:Declaring metric variables
2026-06-19 17:41:04,762:INFO:Importing untrained model
2026-06-19 17:41:04,768:INFO:Linear Discriminant Analysis Imported successfully
2026-06-19 17:41:04,778:INFO:Starting cross validation
2026-06-19 17:41:04,780:INFO:Cross validating with StratifiedKFold(n_splits=5, random_state=None, shuffle=False), n_jobs=-1
2026-06-19 17:41:09,836:INFO:Calculating mean and std
2026-06-19 17:41:09,837:INFO:Creating metrics dataframe
2026-06-19 17:41:09,842:INFO:Uploading results into container
2026-06-19 17:41:09,844:INFO:Uploading model into container now
2026-06-19 17:41:09,844:INFO:_master_model_container: 11
2026-06-19 17:41:09,845:INFO:_display_container: 2
2026-06-19 17:41:09,845:INFO:LinearDiscriminantAnalysis(covariance_estimator=None, n_components=None,
                           priors=None, shrinkage=None, solver='svd',
                           store_covariance=False, tol=0.0001)
2026-06-19 17:41:09,845:INFO:create_model() successfully completed......................................
2026-06-19 17:41:10,086:INFO:SubProcess create_model() end ==================================
2026-06-19 17:41:10,086:INFO:Creating metrics dataframe
2026-06-19 17:41:10,097:INFO:Initializing Extra Trees Classifier
2026-06-19 17:41:10,097:INFO:Total runtime is 6.962773700555166 minutes
2026-06-19 17:41:10,105:INFO:SubProcess create_model() called ==================================
2026-06-19 17:41:10,106:INFO:Initializing create_model()
2026-06-19 17:41:10,107:INFO:create_model(self=<pycaret.classification.oop.ClassificationExperiment object at 0x00000186017DCD90>, estimator=et, fold=StratifiedKFold(n_splits=5, random_state=None, shuffle=False), round=4, cross_validation=True, predict=True, fit_kwargs={}, groups=None, refit=False, probability_threshold=None, experiment_custom_tags=None, verbose=False, system=False, add_to_model_list=True, metrics=None, display=<pycaret.internal.display.display.CommonDisplay object at 0x0000018610F8BE50>, model_only=True, return_train_score=False, error_score=0.0, kwargs={})
2026-06-19 17:41:10,107:INFO:Checking exceptions
2026-06-19 17:41:10,107:INFO:Importing libraries
2026-06-19 17:41:10,107:INFO:Copying training dataset
2026-06-19 17:41:10,219:INFO:Defining folds
2026-06-19 17:41:10,219:INFO:Declaring metric variables
2026-06-19 17:41:10,225:INFO:Importing untrained model
2026-06-19 17:41:10,231:INFO:Extra Trees Classifier Imported successfully
2026-06-19 17:41:10,243:INFO:Starting cross validation
2026-06-19 17:41:10,245:INFO:Cross validating with StratifiedKFold(n_splits=5, random_state=None, shuffle=False), n_jobs=-1
2026-06-19 17:41:45,020:INFO:Calculating mean and std
2026-06-19 17:41:45,024:INFO:Creating metrics dataframe
2026-06-19 17:41:45,028:INFO:Uploading results into container
2026-06-19 17:41:45,028:INFO:Uploading model into container now
2026-06-19 17:41:45,029:INFO:_master_model_container: 12
2026-06-19 17:41:45,029:INFO:_display_container: 2
2026-06-19 17:41:45,030:INFO:ExtraTreesClassifier(bootstrap=False, ccp_alpha=0.0, class_weight=None,
                     criterion='gini', max_depth=None, max_features='sqrt',
                     max_leaf_nodes=None, max_samples=None,
                     min_impurity_decrease=0.0, min_samples_leaf=1,
                     min_samples_split=2, min_weight_fraction_leaf=0.0,
                     monotonic_cst=None, n_estimators=100, n_jobs=-1,
                     oob_score=False, random_state=42, verbose=0,
                     warm_start=False)
2026-06-19 17:41:45,030:INFO:create_model() successfully completed......................................
2026-06-19 17:41:45,367:INFO:SubProcess create_model() end ==================================
2026-06-19 17:41:45,367:INFO:Creating metrics dataframe
2026-06-19 17:41:45,389:INFO:Initializing Light Gradient Boosting Machine
2026-06-19 17:41:45,390:INFO:Total runtime is 7.550991932551066 minutes
2026-06-19 17:41:45,395:INFO:SubProcess create_model() called ==================================
2026-06-19 17:41:45,396:INFO:Initializing create_model()
2026-06-19 17:41:45,396:INFO:create_model(self=<pycaret.classification.oop.ClassificationExperiment object at 0x00000186017DCD90>, estimator=lightgbm, fold=StratifiedKFold(n_splits=5, random_state=None, shuffle=False), round=4, cross_validation=True, predict=True, fit_kwargs={}, groups=None, refit=False, probability_threshold=None, experiment_custom_tags=None, verbose=False, system=False, add_to_model_list=True, metrics=None, display=<pycaret.internal.display.display.CommonDisplay object at 0x0000018610F8BE50>, model_only=True, return_train_score=False, error_score=0.0, kwargs={})
2026-06-19 17:41:45,396:INFO:Checking exceptions
2026-06-19 17:41:45,396:INFO:Importing libraries
2026-06-19 17:41:45,396:INFO:Copying training dataset
2026-06-19 17:41:45,541:INFO:Defining folds
2026-06-19 17:41:45,542:INFO:Declaring metric variables
2026-06-19 17:41:45,548:INFO:Importing untrained model
2026-06-19 17:41:45,560:INFO:Light Gradient Boosting Machine Imported successfully
2026-06-19 17:41:45,578:INFO:Starting cross validation
2026-06-19 17:41:45,580:INFO:Cross validating with StratifiedKFold(n_splits=5, random_state=None, shuffle=False), n_jobs=-1
2026-06-19 17:41:58,642:INFO:Calculating mean and std
2026-06-19 17:41:58,646:INFO:Creating metrics dataframe
2026-06-19 17:41:58,656:INFO:Uploading results into container
2026-06-19 17:41:58,660:INFO:Uploading model into container now
2026-06-19 17:41:58,662:INFO:_master_model_container: 13
2026-06-19 17:41:58,662:INFO:_display_container: 2
2026-06-19 17:41:58,664:INFO:LGBMClassifier(boosting_type='gbdt', class_weight=None, colsample_bytree=1.0,
               importance_type='split', learning_rate=0.1, max_depth=-1,
               min_child_samples=20, min_child_weight=0.001, min_split_gain=0.0,
               n_estimators=100, n_jobs=-1, num_leaves=31, objective=None,
               random_state=42, reg_alpha=0.0, reg_lambda=0.0, subsample=1.0,
               subsample_for_bin=200000, subsample_freq=0)
2026-06-19 17:41:58,664:INFO:create_model() successfully completed......................................
2026-06-19 17:41:59,019:INFO:SubProcess create_model() end ==================================
2026-06-19 17:41:59,019:INFO:Creating metrics dataframe
2026-06-19 17:41:59,030:INFO:Initializing Dummy Classifier
2026-06-19 17:41:59,030:INFO:Total runtime is 7.778333334128062 minutes
2026-06-19 17:41:59,039:INFO:SubProcess create_model() called ==================================
2026-06-19 17:41:59,039:INFO:Initializing create_model()
2026-06-19 17:41:59,040:INFO:create_model(self=<pycaret.classification.oop.ClassificationExperiment object at 0x00000186017DCD90>, estimator=dummy, fold=StratifiedKFold(n_splits=5, random_state=None, shuffle=False), round=4, cross_validation=True, predict=True, fit_kwargs={}, groups=None, refit=False, probability_threshold=None, experiment_custom_tags=None, verbose=False, system=False, add_to_model_list=True, metrics=None, display=<pycaret.internal.display.display.CommonDisplay object at 0x0000018610F8BE50>, model_only=True, return_train_score=False, error_score=0.0, kwargs={})
2026-06-19 17:41:59,040:INFO:Checking exceptions
2026-06-19 17:41:59,040:INFO:Importing libraries
2026-06-19 17:41:59,040:INFO:Copying training dataset
2026-06-19 17:41:59,158:INFO:Defining folds
2026-06-19 17:41:59,158:INFO:Declaring metric variables
2026-06-19 17:41:59,163:INFO:Importing untrained model
2026-06-19 17:41:59,172:INFO:Dummy Classifier Imported successfully
2026-06-19 17:41:59,180:INFO:Starting cross validation
2026-06-19 17:41:59,182:INFO:Cross validating with StratifiedKFold(n_splits=5, random_state=None, shuffle=False), n_jobs=-1
2026-06-19 17:42:03,129:WARNING:c:\Users\Usuario\AppData\Local\Programs\Python\Python310\lib\site-packages\sklearn\metrics\_classification.py:1509: UndefinedMetricWarning: Precision is ill-defined and being set to 0.0 due to no predicted samples. Use `zero_division` parameter to control this behavior.
  _warn_prf(average, modifier, f"{metric.capitalize()} is", len(result))

2026-06-19 17:42:03,130:WARNING:c:\Users\Usuario\AppData\Local\Programs\Python\Python310\lib\site-packages\sklearn\metrics\_classification.py:1509: UndefinedMetricWarning: Precision is ill-defined and being set to 0.0 due to no predicted samples. Use `zero_division` parameter to control this behavior.
  _warn_prf(average, modifier, f"{metric.capitalize()} is", len(result))

2026-06-19 17:42:03,255:WARNING:c:\Users\Usuario\AppData\Local\Programs\Python\Python310\lib\site-packages\sklearn\metrics\_classification.py:1509: UndefinedMetricWarning: Precision is ill-defined and being set to 0.0 due to no predicted samples. Use `zero_division` parameter to control this behavior.
  _warn_prf(average, modifier, f"{metric.capitalize()} is", len(result))

2026-06-19 17:42:03,342:WARNING:c:\Users\Usuario\AppData\Local\Programs\Python\Python310\lib\site-packages\sklearn\metrics\_classification.py:1509: UndefinedMetricWarning: Precision is ill-defined and being set to 0.0 due to no predicted samples. Use `zero_division` parameter to control this behavior.
  _warn_prf(average, modifier, f"{metric.capitalize()} is", len(result))

2026-06-19 17:42:03,442:WARNING:c:\Users\Usuario\AppData\Local\Programs\Python\Python310\lib\site-packages\sklearn\metrics\_classification.py:1509: UndefinedMetricWarning: Precision is ill-defined and being set to 0.0 due to no predicted samples. Use `zero_division` parameter to control this behavior.
  _warn_prf(average, modifier, f"{metric.capitalize()} is", len(result))

2026-06-19 17:42:03,487:INFO:Calculating mean and std
2026-06-19 17:42:03,489:INFO:Creating metrics dataframe
2026-06-19 17:42:03,491:INFO:Uploading results into container
2026-06-19 17:42:03,491:INFO:Uploading model into container now
2026-06-19 17:42:03,492:INFO:_master_model_container: 14
2026-06-19 17:42:03,492:INFO:_display_container: 2
2026-06-19 17:42:03,493:INFO:DummyClassifier(constant=None, random_state=42, strategy='prior')
2026-06-19 17:42:03,493:INFO:create_model() successfully completed......................................
2026-06-19 17:42:03,725:INFO:SubProcess create_model() end ==================================
2026-06-19 17:42:03,725:INFO:Creating metrics dataframe
2026-06-19 17:42:03,776:WARNING:c:\Users\Usuario\AppData\Local\Programs\Python\Python310\lib\site-packages\pycaret\internal\pycaret_experiment\supervised_experiment.py:323: FutureWarning: Styler.applymap has been deprecated. Use Styler.map instead.
  master_display_.apply(

2026-06-19 17:42:03,788:INFO:Initializing create_model()
2026-06-19 17:42:03,789:INFO:create_model(self=<pycaret.classification.oop.ClassificationExperiment object at 0x00000186017DCD90>, estimator=RandomForestClassifier(bootstrap=True, ccp_alpha=0.0, class_weight=None,
                       criterion='gini', max_depth=None, max_features='sqrt',
                       max_leaf_nodes=None, max_samples=None,
                       min_impurity_decrease=0.0, min_samples_leaf=1,
                       min_samples_split=2, min_weight_fraction_leaf=0.0,
                       monotonic_cst=None, n_estimators=100, n_jobs=-1,
                       oob_score=False, random_state=42, verbose=0,
                       warm_start=False), fold=StratifiedKFold(n_splits=5, random_state=None, shuffle=False), round=4, cross_validation=False, predict=False, fit_kwargs={}, groups=None, refit=True, probability_threshold=None, experiment_custom_tags=None, verbose=False, system=False, add_to_model_list=True, metrics=None, display=None, model_only=True, return_train_score=False, error_score=0.0, kwargs={})
2026-06-19 17:42:03,789:INFO:Checking exceptions
2026-06-19 17:42:03,791:INFO:Importing libraries
2026-06-19 17:42:03,791:INFO:Copying training dataset
2026-06-19 17:42:03,893:INFO:Defining folds
2026-06-19 17:42:03,894:INFO:Declaring metric variables
2026-06-19 17:42:03,894:INFO:Importing untrained model
2026-06-19 17:42:03,894:INFO:Declaring custom model
2026-06-19 17:42:03,895:INFO:Random Forest Classifier Imported successfully
2026-06-19 17:42:03,895:INFO:Cross validation set to False
2026-06-19 17:42:03,895:INFO:Fitting Model
2026-06-19 17:42:22,406:INFO:RandomForestClassifier(bootstrap=True, ccp_alpha=0.0, class_weight=None,
                       criterion='gini', max_depth=None, max_features='sqrt',
                       max_leaf_nodes=None, max_samples=None,
                       min_impurity_decrease=0.0, min_samples_leaf=1,
                       min_samples_split=2, min_weight_fraction_leaf=0.0,
                       monotonic_cst=None, n_estimators=100, n_jobs=-1,
                       oob_score=False, random_state=42, verbose=0,
                       warm_start=False)
2026-06-19 17:42:22,407:INFO:create_model() successfully completed......................................
2026-06-19 17:42:22,636:INFO:Initializing create_model()
2026-06-19 17:42:22,639:INFO:create_model(self=<pycaret.classification.oop.ClassificationExperiment object at 0x00000186017DCD90>, estimator=ExtraTreesClassifier(bootstrap=False, ccp_alpha=0.0, class_weight=None,
                     criterion='gini', max_depth=None, max_features='sqrt',
                     max_leaf_nodes=None, max_samples=None,
                     min_impurity_decrease=0.0, min_samples_leaf=1,
                     min_samples_split=2, min_weight_fraction_leaf=0.0,
                     monotonic_cst=None, n_estimators=100, n_jobs=-1,
                     oob_score=False, random_state=42, verbose=0,
                     warm_start=False), fold=StratifiedKFold(n_splits=5, random_state=None, shuffle=False), round=4, cross_validation=False, predict=False, fit_kwargs={}, groups=None, refit=True, probability_threshold=None, experiment_custom_tags=None, verbose=False, system=False, add_to_model_list=True, metrics=None, display=None, model_only=True, return_train_score=False, error_score=0.0, kwargs={})
2026-06-19 17:42:22,639:INFO:Checking exceptions
2026-06-19 17:42:22,641:INFO:Importing libraries
2026-06-19 17:42:22,641:INFO:Copying training dataset
2026-06-19 17:42:22,752:INFO:Defining folds
2026-06-19 17:42:22,752:INFO:Declaring metric variables
2026-06-19 17:42:22,752:INFO:Importing untrained model
2026-06-19 17:42:22,752:INFO:Declaring custom model
2026-06-19 17:42:22,753:INFO:Extra Trees Classifier Imported successfully
2026-06-19 17:42:22,754:INFO:Cross validation set to False
2026-06-19 17:42:22,754:INFO:Fitting Model
2026-06-19 17:42:31,656:INFO:ExtraTreesClassifier(bootstrap=False, ccp_alpha=0.0, class_weight=None,
                     criterion='gini', max_depth=None, max_features='sqrt',
                     max_leaf_nodes=None, max_samples=None,
                     min_impurity_decrease=0.0, min_samples_leaf=1,
                     min_samples_split=2, min_weight_fraction_leaf=0.0,
                     monotonic_cst=None, n_estimators=100, n_jobs=-1,
                     oob_score=False, random_state=42, verbose=0,
                     warm_start=False)
2026-06-19 17:42:31,656:INFO:create_model() successfully completed......................................
2026-06-19 17:42:32,002:INFO:Initializing create_model()
2026-06-19 17:42:32,004:INFO:create_model(self=<pycaret.classification.oop.ClassificationExperiment object at 0x00000186017DCD90>, estimator=LGBMClassifier(boosting_type='gbdt', class_weight=None, colsample_bytree=1.0,
               importance_type='split', learning_rate=0.1, max_depth=-1,
               min_child_samples=20, min_child_weight=0.001, min_split_gain=0.0,
               n_estimators=100, n_jobs=-1, num_leaves=31, objective=None,
               random_state=42, reg_alpha=0.0, reg_lambda=0.0, subsample=1.0,
               subsample_for_bin=200000, subsample_freq=0), fold=StratifiedKFold(n_splits=5, random_state=None, shuffle=False), round=4, cross_validation=False, predict=False, fit_kwargs={}, groups=None, refit=True, probability_threshold=None, experiment_custom_tags=None, verbose=False, system=False, add_to_model_list=True, metrics=None, display=None, model_only=True, return_train_score=False, error_score=0.0, kwargs={})
2026-06-19 17:42:32,005:INFO:Checking exceptions
2026-06-19 17:42:32,010:INFO:Importing libraries
2026-06-19 17:42:32,017:INFO:Copying training dataset
2026-06-19 17:42:32,273:INFO:Defining folds
2026-06-19 17:42:32,275:INFO:Declaring metric variables
2026-06-19 17:42:32,275:INFO:Importing untrained model
2026-06-19 17:42:32,275:INFO:Declaring custom model
2026-06-19 17:42:32,277:INFO:Light Gradient Boosting Machine Imported successfully
2026-06-19 17:42:32,279:INFO:Cross validation set to False
2026-06-19 17:42:32,279:INFO:Fitting Model
2026-06-19 17:42:34,586:INFO:[LightGBM] [Info] Number of positive: 61730, number of negative: 61730
2026-06-19 17:42:34,607:INFO:[LightGBM] [Info] Auto-choosing col-wise multi-threading, the overhead of testing was 0.017228 seconds.
2026-06-19 17:42:34,608:INFO:You can set `force_col_wise=true` to remove the overhead.
2026-06-19 17:42:34,608:INFO:[LightGBM] [Info] Total Bins 5852
2026-06-19 17:42:34,609:INFO:[LightGBM] [Info] Number of data points in the train set: 123460, number of used features: 26
2026-06-19 17:42:34,610:INFO:[LightGBM] [Info] [binary:BoostFromScore]: pavg=0.500000 -> initscore=0.000000
2026-06-19 17:42:36,858:INFO:LGBMClassifier(boosting_type='gbdt', class_weight=None, colsample_bytree=1.0,
               importance_type='split', learning_rate=0.1, max_depth=-1,
               min_child_samples=20, min_child_weight=0.001, min_split_gain=0.0,
               n_estimators=100, n_jobs=-1, num_leaves=31, objective=None,
               random_state=42, reg_alpha=0.0, reg_lambda=0.0, subsample=1.0,
               subsample_for_bin=200000, subsample_freq=0)
2026-06-19 17:42:36,858:INFO:create_model() successfully completed......................................
2026-06-19 17:42:37,175:INFO:_master_model_container: 14
2026-06-19 17:42:37,175:INFO:_display_container: 2
2026-06-19 17:42:37,176:INFO:[RandomForestClassifier(bootstrap=True, ccp_alpha=0.0, class_weight=None,
                       criterion='gini', max_depth=None, max_features='sqrt',
                       max_leaf_nodes=None, max_samples=None,
                       min_impurity_decrease=0.0, min_samples_leaf=1,
                       min_samples_split=2, min_weight_fraction_leaf=0.0,
                       monotonic_cst=None, n_estimators=100, n_jobs=-1,
                       oob_score=False, random_state=42, verbose=0,
                       warm_start=False), ExtraTreesClassifier(bootstrap=False, ccp_alpha=0.0, class_weight=None,
                     criterion='gini', max_depth=None, max_features='sqrt',
                     max_leaf_nodes=None, max_samples=None,
                     min_impurity_decrease=0.0, min_samples_leaf=1,
                     min_samples_split=2, min_weight_fraction_leaf=0.0,
                     monotonic_cst=None, n_estimators=100, n_jobs=-1,
                     oob_score=False, random_state=42, verbose=0,
                     warm_start=False), LGBMClassifier(boosting_type='gbdt', class_weight=None, colsample_bytree=1.0,
               importance_type='split', learning_rate=0.1, max_depth=-1,
               min_child_samples=20, min_child_weight=0.001, min_split_gain=0.0,
               n_estimators=100, n_jobs=-1, num_leaves=31, objective=None,
               random_state=42, reg_alpha=0.0, reg_lambda=0.0, subsample=1.0,
               subsample_for_bin=200000, subsample_freq=0)]
2026-06-19 17:42:37,176:INFO:compare_models() successfully completed......................................
2026-06-19 17:42:37,270:INFO:Initializing tune_model()
2026-06-19 17:42:37,271:INFO:tune_model(estimator=RandomForestClassifier(bootstrap=True, ccp_alpha=0.0, class_weight=None,
                       criterion='gini', max_depth=None, max_features='sqrt',
                       max_leaf_nodes=None, max_samples=None,
                       min_impurity_decrease=0.0, min_samples_leaf=1,
                       min_samples_split=2, min_weight_fraction_leaf=0.0,
                       monotonic_cst=None, n_estimators=100, n_jobs=-1,
                       oob_score=False, random_state=42, verbose=0,
                       warm_start=False), fold=None, round=4, n_iter=3, custom_grid=None, optimize=F1, custom_scorer=None, search_library=scikit-learn, search_algorithm=None, early_stopping=False, early_stopping_max_iters=10, choose_better=True, fit_kwargs=None, groups=None, return_tuner=False, verbose=True, tuner_verbose=True, return_train_score=False, kwargs={}, self=<pycaret.classification.oop.ClassificationExperiment object at 0x00000186017DCD90>)
2026-06-19 17:42:37,271:INFO:Checking exceptions
2026-06-19 17:42:37,339:INFO:Copying training dataset
2026-06-19 17:42:37,442:INFO:Checking base model
2026-06-19 17:42:37,442:INFO:Base model : Random Forest Classifier
2026-06-19 17:42:37,451:INFO:Declaring metric variables
2026-06-19 17:42:37,455:INFO:Defining Hyperparameters
2026-06-19 17:42:37,672:INFO:Tuning with n_jobs=-1
2026-06-19 17:42:37,672:INFO:Initializing RandomizedSearchCV
2026-06-19 17:47:59,890:INFO:best_params: {'actual_estimator__n_estimators': 300, 'actual_estimator__min_samples_split': 7, 'actual_estimator__min_samples_leaf': 3, 'actual_estimator__min_impurity_decrease': 0.05, 'actual_estimator__max_features': 1.0, 'actual_estimator__max_depth': 1, 'actual_estimator__criterion': 'gini', 'actual_estimator__class_weight': 'balanced', 'actual_estimator__bootstrap': False}
2026-06-19 17:47:59,895:INFO:Hyperparameter search completed
2026-06-19 17:47:59,896:INFO:SubProcess create_model() called ==================================
2026-06-19 17:47:59,905:INFO:Initializing create_model()
2026-06-19 17:47:59,905:INFO:create_model(self=<pycaret.classification.oop.ClassificationExperiment object at 0x00000186017DCD90>, estimator=RandomForestClassifier(bootstrap=True, ccp_alpha=0.0, class_weight=None,
                       criterion='gini', max_depth=None, max_features='sqrt',
                       max_leaf_nodes=None, max_samples=None,
                       min_impurity_decrease=0.0, min_samples_leaf=1,
                       min_samples_split=2, min_weight_fraction_leaf=0.0,
                       monotonic_cst=None, n_estimators=100, n_jobs=-1,
                       oob_score=False, random_state=42, verbose=0,
                       warm_start=False), fold=StratifiedKFold(n_splits=5, random_state=None, shuffle=False), round=4, cross_validation=True, predict=True, fit_kwargs={}, groups=None, refit=True, probability_threshold=None, experiment_custom_tags=None, verbose=True, system=False, add_to_model_list=True, metrics=None, display=<pycaret.internal.display.display.CommonDisplay object at 0x00000186506DA080>, model_only=True, return_train_score=False, error_score=0.0, kwargs={'n_estimators': 300, 'min_samples_split': 7, 'min_samples_leaf': 3, 'min_impurity_decrease': 0.05, 'max_features': 1.0, 'max_depth': 1, 'criterion': 'gini', 'class_weight': 'balanced', 'bootstrap': False})
2026-06-19 17:47:59,905:INFO:Checking exceptions
2026-06-19 17:47:59,905:INFO:Importing libraries
2026-06-19 17:47:59,905:INFO:Copying training dataset
2026-06-19 17:48:01,011:INFO:Defining folds
2026-06-19 17:48:01,012:INFO:Declaring metric variables
2026-06-19 17:48:01,027:INFO:Importing untrained model
2026-06-19 17:48:01,027:INFO:Declaring custom model
2026-06-19 17:48:01,100:INFO:Random Forest Classifier Imported successfully
2026-06-19 17:48:01,142:INFO:Starting cross validation
2026-06-19 17:48:01,171:INFO:Cross validating with StratifiedKFold(n_splits=5, random_state=None, shuffle=False), n_jobs=-1
2026-06-19 17:50:32,455:INFO:Calculating mean and std
2026-06-19 17:50:32,462:INFO:Creating metrics dataframe
2026-06-19 17:50:32,490:INFO:Finalizing model
2026-06-19 17:51:03,267:INFO:Uploading results into container
2026-06-19 17:51:03,270:INFO:Uploading model into container now
2026-06-19 17:51:03,272:INFO:_master_model_container: 15
2026-06-19 17:51:03,272:INFO:_display_container: 3
2026-06-19 17:51:03,272:INFO:RandomForestClassifier(bootstrap=False, ccp_alpha=0.0, class_weight='balanced',
                       criterion='gini', max_depth=1, max_features=1.0,
                       max_leaf_nodes=None, max_samples=None,
                       min_impurity_decrease=0.05, min_samples_leaf=3,
                       min_samples_split=7, min_weight_fraction_leaf=0.0,
                       monotonic_cst=None, n_estimators=300, n_jobs=-1,
                       oob_score=False, random_state=42, verbose=0,
                       warm_start=False)
2026-06-19 17:51:03,274:INFO:create_model() successfully completed......................................
2026-06-19 17:51:03,718:INFO:SubProcess create_model() end ==================================
2026-06-19 17:51:03,718:INFO:choose_better activated
2026-06-19 17:51:03,727:INFO:SubProcess create_model() called ==================================
2026-06-19 17:51:03,729:INFO:Initializing create_model()
2026-06-19 17:51:03,729:INFO:create_model(self=<pycaret.classification.oop.ClassificationExperiment object at 0x00000186017DCD90>, estimator=RandomForestClassifier(bootstrap=True, ccp_alpha=0.0, class_weight=None,
                       criterion='gini', max_depth=None, max_features='sqrt',
                       max_leaf_nodes=None, max_samples=None,
                       min_impurity_decrease=0.0, min_samples_leaf=1,
                       min_samples_split=2, min_weight_fraction_leaf=0.0,
                       monotonic_cst=None, n_estimators=100, n_jobs=-1,
                       oob_score=False, random_state=42, verbose=0,
                       warm_start=False), fold=StratifiedKFold(n_splits=5, random_state=None, shuffle=False), round=4, cross_validation=True, predict=True, fit_kwargs={}, groups=None, refit=True, probability_threshold=None, experiment_custom_tags=None, verbose=False, system=False, add_to_model_list=True, metrics=None, display=None, model_only=True, return_train_score=False, error_score=0.0, kwargs={})
2026-06-19 17:51:03,731:INFO:Checking exceptions
2026-06-19 17:51:03,737:INFO:Importing libraries
2026-06-19 17:51:03,738:INFO:Copying training dataset
2026-06-19 17:51:04,004:INFO:Defining folds
2026-06-19 17:51:04,005:INFO:Declaring metric variables
2026-06-19 17:51:04,005:INFO:Importing untrained model
2026-06-19 17:51:04,005:INFO:Declaring custom model
2026-06-19 17:51:04,006:INFO:Random Forest Classifier Imported successfully
2026-06-19 17:51:04,007:INFO:Starting cross validation
2026-06-19 17:51:04,009:INFO:Cross validating with StratifiedKFold(n_splits=5, random_state=None, shuffle=False), n_jobs=-1
2026-06-19 17:52:16,776:INFO:Calculating mean and std
2026-06-19 17:52:16,777:INFO:Creating metrics dataframe
2026-06-19 17:52:16,782:INFO:Finalizing model
2026-06-19 17:52:38,491:INFO:Uploading results into container
2026-06-19 17:52:38,493:INFO:Uploading model into container now
2026-06-19 17:52:38,494:INFO:_master_model_container: 16
2026-06-19 17:52:38,494:INFO:_display_container: 4
2026-06-19 17:52:38,495:INFO:RandomForestClassifier(bootstrap=True, ccp_alpha=0.0, class_weight=None,
                       criterion='gini', max_depth=None, max_features='sqrt',
                       max_leaf_nodes=None, max_samples=None,
                       min_impurity_decrease=0.0, min_samples_leaf=1,
                       min_samples_split=2, min_weight_fraction_leaf=0.0,
                       monotonic_cst=None, n_estimators=100, n_jobs=-1,
                       oob_score=False, random_state=42, verbose=0,
                       warm_start=False)
2026-06-19 17:52:38,495:INFO:create_model() successfully completed......................................
2026-06-19 17:52:38,893:INFO:SubProcess create_model() end ==================================
2026-06-19 17:52:38,895:INFO:RandomForestClassifier(bootstrap=True, ccp_alpha=0.0, class_weight=None,
                       criterion='gini', max_depth=None, max_features='sqrt',
                       max_leaf_nodes=None, max_samples=None,
                       min_impurity_decrease=0.0, min_samples_leaf=1,
                       min_samples_split=2, min_weight_fraction_leaf=0.0,
                       monotonic_cst=None, n_estimators=100, n_jobs=-1,
                       oob_score=False, random_state=42, verbose=0,
                       warm_start=False) result for F1 is 0.6385
2026-06-19 17:52:38,897:INFO:RandomForestClassifier(bootstrap=False, ccp_alpha=0.0, class_weight='balanced',
                       criterion='gini', max_depth=1, max_features=1.0,
                       max_leaf_nodes=None, max_samples=None,
                       min_impurity_decrease=0.05, min_samples_leaf=3,
                       min_samples_split=7, min_weight_fraction_leaf=0.0,
                       monotonic_cst=None, n_estimators=300, n_jobs=-1,
                       oob_score=False, random_state=42, verbose=0,
                       warm_start=False) result for F1 is 0.5545
2026-06-19 17:52:38,898:INFO:RandomForestClassifier(bootstrap=True, ccp_alpha=0.0, class_weight=None,
                       criterion='gini', max_depth=None, max_features='sqrt',
                       max_leaf_nodes=None, max_samples=None,
                       min_impurity_decrease=0.0, min_samples_leaf=1,
                       min_samples_split=2, min_weight_fraction_leaf=0.0,
                       monotonic_cst=None, n_estimators=100, n_jobs=-1,
                       oob_score=False, random_state=42, verbose=0,
                       warm_start=False) is best model
2026-06-19 17:52:38,898:INFO:choose_better completed
2026-06-19 17:52:38,900:INFO:Original model was better than the tuned model, hence it will be returned. NOTE: The display metrics are for the tuned model (not the original one).
2026-06-19 17:52:38,922:INFO:_master_model_container: 16
2026-06-19 17:52:38,922:INFO:_display_container: 3
2026-06-19 17:52:38,924:INFO:RandomForestClassifier(bootstrap=True, ccp_alpha=0.0, class_weight=None,
                       criterion='gini', max_depth=None, max_features='sqrt',
                       max_leaf_nodes=None, max_samples=None,
                       min_impurity_decrease=0.0, min_samples_leaf=1,
                       min_samples_split=2, min_weight_fraction_leaf=0.0,
                       monotonic_cst=None, n_estimators=100, n_jobs=-1,
                       oob_score=False, random_state=42, verbose=0,
                       warm_start=False)
2026-06-19 17:52:38,924:INFO:tune_model() successfully completed......................................
2026-06-19 17:52:39,472:INFO:Initializing plot_model()
2026-06-19 17:52:39,472:INFO:plot_model(plot=feature, fold=None, verbose=True, display=None, display_format=None, estimator=RandomForestClassifier(bootstrap=True, ccp_alpha=0.0, class_weight=None,
                       criterion='gini', max_depth=None, max_features='sqrt',
                       max_leaf_nodes=None, max_samples=None,
                       min_impurity_decrease=0.0, min_samples_leaf=1,
                       min_samples_split=2, min_weight_fraction_leaf=0.0,
                       monotonic_cst=None, n_estimators=100, n_jobs=-1,
                       oob_score=False, random_state=42, verbose=0,
                       warm_start=False), feature_name=None, fit_kwargs=None, groups=None, label=False, plot_kwargs=None, save=False, scale=1, self=<pycaret.classification.oop.ClassificationExperiment object at 0x00000186017DCD90>, system=True)
2026-06-19 17:52:39,472:INFO:Checking exceptions
2026-06-19 17:52:39,647:INFO:Preloading libraries
2026-06-19 17:52:40,179:INFO:Copying training dataset
2026-06-19 17:52:40,179:INFO:Plot type: feature
2026-06-19 17:52:40,180:WARNING:No coef_ found. Trying feature_importances_
2026-06-19 17:52:41,122:INFO:Visual Rendered Successfully
2026-06-19 17:52:41,675:INFO:plot_model() successfully completed......................................
2026-06-19 17:52:41,867:INFO:Initializing plot_model()
2026-06-19 17:52:41,868:INFO:plot_model(plot=confusion_matrix, fold=None, verbose=True, display=None, display_format=None, estimator=RandomForestClassifier(bootstrap=True, ccp_alpha=0.0, class_weight=None,
                       criterion='gini', max_depth=None, max_features='sqrt',
                       max_leaf_nodes=None, max_samples=None,
                       min_impurity_decrease=0.0, min_samples_leaf=1,
                       min_samples_split=2, min_weight_fraction_leaf=0.0,
                       monotonic_cst=None, n_estimators=100, n_jobs=-1,
                       oob_score=False, random_state=42, verbose=0,
                       warm_start=False), feature_name=None, fit_kwargs=None, groups=None, label=False, plot_kwargs=None, save=False, scale=1, self=<pycaret.classification.oop.ClassificationExperiment object at 0x00000186017DCD90>, system=True)
2026-06-19 17:52:41,868:INFO:Checking exceptions
2026-06-19 17:52:42,092:INFO:Preloading libraries
2026-06-19 17:52:42,598:INFO:Copying training dataset
2026-06-19 17:52:42,599:INFO:Plot type: confusion_matrix
2026-06-19 17:52:43,608:INFO:Fitting Model
2026-06-19 17:52:43,609:WARNING:c:\Users\Usuario\AppData\Local\Programs\Python\Python310\lib\site-packages\sklearn\base.py:493: UserWarning: X does not have valid feature names, but RandomForestClassifier was fitted with feature names
  warnings.warn(

2026-06-19 17:52:43,624:INFO:Scoring test/hold-out set
2026-06-19 17:52:44,712:INFO:Visual Rendered Successfully
2026-06-19 17:52:45,029:INFO:plot_model() successfully completed......................................
2026-06-19 17:52:45,085:INFO:Initializing plot_model()
2026-06-19 17:52:45,085:INFO:plot_model(plot=auc, fold=None, verbose=True, display=None, display_format=None, estimator=RandomForestClassifier(bootstrap=True, ccp_alpha=0.0, class_weight=None,
                       criterion='gini', max_depth=None, max_features='sqrt',
                       max_leaf_nodes=None, max_samples=None,
                       min_impurity_decrease=0.0, min_samples_leaf=1,
                       min_samples_split=2, min_weight_fraction_leaf=0.0,
                       monotonic_cst=None, n_estimators=100, n_jobs=-1,
                       oob_score=False, random_state=42, verbose=0,
                       warm_start=False), feature_name=None, fit_kwargs=None, groups=None, label=False, plot_kwargs=None, save=False, scale=1, self=<pycaret.classification.oop.ClassificationExperiment object at 0x00000186017DCD90>, system=True)
2026-06-19 17:52:45,086:INFO:Checking exceptions
2026-06-19 17:52:45,271:INFO:Preloading libraries
2026-06-19 17:52:45,771:INFO:Copying training dataset
2026-06-19 17:52:45,772:INFO:Plot type: auc
2026-06-19 17:52:46,464:INFO:Fitting Model
2026-06-19 17:52:46,472:WARNING:c:\Users\Usuario\AppData\Local\Programs\Python\Python310\lib\site-packages\sklearn\base.py:493: UserWarning: X does not have valid feature names, but RandomForestClassifier was fitted with feature names
  warnings.warn(

2026-06-19 17:52:46,481:INFO:Scoring test/hold-out set
2026-06-19 17:52:48,028:INFO:Visual Rendered Successfully
2026-06-19 17:52:48,451:INFO:plot_model() successfully completed......................................
2026-06-19 17:52:48,573:INFO:Initializing plot_model()
2026-06-19 17:52:48,573:INFO:plot_model(plot=pr, fold=None, verbose=True, display=None, display_format=None, estimator=RandomForestClassifier(bootstrap=True, ccp_alpha=0.0, class_weight=None,
                       criterion='gini', max_depth=None, max_features='sqrt',
                       max_leaf_nodes=None, max_samples=None,
                       min_impurity_decrease=0.0, min_samples_leaf=1,
                       min_samples_split=2, min_weight_fraction_leaf=0.0,
                       monotonic_cst=None, n_estimators=100, n_jobs=-1,
                       oob_score=False, random_state=42, verbose=0,
                       warm_start=False), feature_name=None, fit_kwargs=None, groups=None, label=False, plot_kwargs=None, save=False, scale=1, self=<pycaret.classification.oop.ClassificationExperiment object at 0x00000186017DCD90>, system=True)
2026-06-19 17:52:48,573:INFO:Checking exceptions
2026-06-19 17:52:48,749:INFO:Preloading libraries
2026-06-19 17:52:49,232:INFO:Copying training dataset
2026-06-19 17:52:49,234:INFO:Plot type: pr
2026-06-19 17:52:49,887:INFO:Fitting Model
2026-06-19 17:52:49,902:WARNING:c:\Users\Usuario\AppData\Local\Programs\Python\Python310\lib\site-packages\sklearn\base.py:493: UserWarning: X does not have valid feature names, but RandomForestClassifier was fitted with feature names
  warnings.warn(

2026-06-19 17:52:49,907:INFO:Scoring test/hold-out set
2026-06-19 17:52:51,114:INFO:Visual Rendered Successfully
2026-06-19 17:52:51,527:INFO:plot_model() successfully completed......................................
2026-06-19 18:10:14,269:WARNING:c:\Users\Usuario\AppData\Local\Programs\Python\Python310\lib\site-packages\sklearn\base.py:493: UserWarning: X does not have valid feature names, but RandomForestClassifier was fitted with feature names
  warnings.warn(

2026-06-19 18:10:14,352:WARNING:c:\Users\Usuario\AppData\Local\Programs\Python\Python310\lib\site-packages\sklearn\base.py:493: UserWarning: X does not have valid feature names, but RandomForestClassifier was fitted with feature names
  warnings.warn(

2026-06-19 18:10:14,461:WARNING:c:\Users\Usuario\AppData\Local\Programs\Python\Python310\lib\site-packages\sklearn\base.py:493: UserWarning: X does not have valid feature names, but RandomForestClassifier was fitted with feature names
  warnings.warn(

2026-06-19 18:10:14,521:WARNING:c:\Users\Usuario\AppData\Local\Programs\Python\Python310\lib\site-packages\sklearn\base.py:493: UserWarning: X does not have valid feature names, but RandomForestClassifier was fitted with feature names
  warnings.warn(

2026-06-19 18:10:14,607:WARNING:c:\Users\Usuario\AppData\Local\Programs\Python\Python310\lib\site-packages\sklearn\base.py:493: UserWarning: X does not have valid feature names, but RandomForestClassifier was fitted with feature names
  warnings.warn(

2026-06-19 18:10:14,664:WARNING:c:\Users\Usuario\AppData\Local\Programs\Python\Python310\lib\site-packages\sklearn\base.py:493: UserWarning: X does not have valid feature names, but RandomForestClassifier was fitted with feature names
  warnings.warn(

2026-06-19 18:10:14,762:WARNING:c:\Users\Usuario\AppData\Local\Programs\Python\Python310\lib\site-packages\sklearn\base.py:493: UserWarning: X does not have valid feature names, but RandomForestClassifier was fitted with feature names
  warnings.warn(

2026-06-19 18:10:14,831:WARNING:c:\Users\Usuario\AppData\Local\Programs\Python\Python310\lib\site-packages\sklearn\base.py:493: UserWarning: X does not have valid feature names, but RandomForestClassifier was fitted with feature names
  warnings.warn(

2026-06-19 18:10:14,888:WARNING:c:\Users\Usuario\AppData\Local\Programs\Python\Python310\lib\site-packages\sklearn\base.py:493: UserWarning: X does not have valid feature names, but RandomForestClassifier was fitted with feature names
  warnings.warn(

2026-06-19 18:10:14,973:WARNING:c:\Users\Usuario\AppData\Local\Programs\Python\Python310\lib\site-packages\sklearn\base.py:493: UserWarning: X does not have valid feature names, but RandomForestClassifier was fitted with feature names
  warnings.warn(

2026-06-19 18:10:15,057:WARNING:c:\Users\Usuario\AppData\Local\Programs\Python\Python310\lib\site-packages\sklearn\base.py:493: UserWarning: X does not have valid feature names, but RandomForestClassifier was fitted with feature names
  warnings.warn(

2026-06-19 18:10:15,191:WARNING:c:\Users\Usuario\AppData\Local\Programs\Python\Python310\lib\site-packages\sklearn\base.py:493: UserWarning: X does not have valid feature names, but RandomForestClassifier was fitted with feature names
  warnings.warn(

2026-06-19 18:10:15,345:WARNING:c:\Users\Usuario\AppData\Local\Programs\Python\Python310\lib\site-packages\sklearn\base.py:493: UserWarning: X does not have valid feature names, but RandomForestClassifier was fitted with feature names
  warnings.warn(

2026-06-19 18:10:15,405:WARNING:c:\Users\Usuario\AppData\Local\Programs\Python\Python310\lib\site-packages\sklearn\base.py:493: UserWarning: X does not have valid feature names, but RandomForestClassifier was fitted with feature names
  warnings.warn(

2026-06-19 18:10:15,509:WARNING:c:\Users\Usuario\AppData\Local\Programs\Python\Python310\lib\site-packages\sklearn\base.py:493: UserWarning: X does not have valid feature names, but RandomForestClassifier was fitted with feature names
  warnings.warn(

2026-06-19 18:10:15,559:WARNING:c:\Users\Usuario\AppData\Local\Programs\Python\Python310\lib\site-packages\sklearn\base.py:493: UserWarning: X does not have valid feature names, but RandomForestClassifier was fitted with feature names
  warnings.warn(

2026-06-19 18:10:15,626:WARNING:c:\Users\Usuario\AppData\Local\Programs\Python\Python310\lib\site-packages\sklearn\base.py:493: UserWarning: X does not have valid feature names, but RandomForestClassifier was fitted with feature names
  warnings.warn(

2026-06-19 18:10:15,714:WARNING:c:\Users\Usuario\AppData\Local\Programs\Python\Python310\lib\site-packages\sklearn\base.py:493: UserWarning: X does not have valid feature names, but RandomForestClassifier was fitted with feature names
  warnings.warn(

2026-06-19 18:10:15,920:WARNING:c:\Users\Usuario\AppData\Local\Programs\Python\Python310\lib\site-packages\sklearn\base.py:493: UserWarning: X does not have valid feature names, but RandomForestClassifier was fitted with feature names
  warnings.warn(

2026-06-19 18:10:16,009:WARNING:c:\Users\Usuario\AppData\Local\Programs\Python\Python310\lib\site-packages\sklearn\base.py:493: UserWarning: X does not have valid feature names, but RandomForestClassifier was fitted with feature names
  warnings.warn(

2026-06-19 18:10:16,116:WARNING:c:\Users\Usuario\AppData\Local\Programs\Python\Python310\lib\site-packages\sklearn\base.py:493: UserWarning: X does not have valid feature names, but RandomForestClassifier was fitted with feature names
  warnings.warn(

2026-06-19 18:10:16,379:WARNING:c:\Users\Usuario\AppData\Local\Programs\Python\Python310\lib\site-packages\sklearn\base.py:493: UserWarning: X does not have valid feature names, but RandomForestClassifier was fitted with feature names
  warnings.warn(

2026-06-19 18:10:16,530:WARNING:c:\Users\Usuario\AppData\Local\Programs\Python\Python310\lib\site-packages\sklearn\base.py:493: UserWarning: X does not have valid feature names, but RandomForestClassifier was fitted with feature names
  warnings.warn(

2026-06-19 18:10:16,622:WARNING:c:\Users\Usuario\AppData\Local\Programs\Python\Python310\lib\site-packages\sklearn\base.py:493: UserWarning: X does not have valid feature names, but RandomForestClassifier was fitted with feature names
  warnings.warn(

2026-06-19 18:10:16,786:WARNING:c:\Users\Usuario\AppData\Local\Programs\Python\Python310\lib\site-packages\sklearn\base.py:493: UserWarning: X does not have valid feature names, but RandomForestClassifier was fitted with feature names
  warnings.warn(

2026-06-19 18:10:16,900:WARNING:c:\Users\Usuario\AppData\Local\Programs\Python\Python310\lib\site-packages\sklearn\base.py:493: UserWarning: X does not have valid feature names, but RandomForestClassifier was fitted with feature names
  warnings.warn(

2026-06-19 18:10:17,026:WARNING:c:\Users\Usuario\AppData\Local\Programs\Python\Python310\lib\site-packages\sklearn\base.py:493: UserWarning: X does not have valid feature names, but RandomForestClassifier was fitted with feature names
  warnings.warn(

2026-06-19 18:10:17,179:WARNING:c:\Users\Usuario\AppData\Local\Programs\Python\Python310\lib\site-packages\sklearn\base.py:493: UserWarning: X does not have valid feature names, but RandomForestClassifier was fitted with feature names
  warnings.warn(

2026-06-19 18:10:17,346:WARNING:c:\Users\Usuario\AppData\Local\Programs\Python\Python310\lib\site-packages\sklearn\base.py:493: UserWarning: X does not have valid feature names, but RandomForestClassifier was fitted with feature names
  warnings.warn(

2026-06-19 18:10:17,430:WARNING:c:\Users\Usuario\AppData\Local\Programs\Python\Python310\lib\site-packages\sklearn\base.py:493: UserWarning: X does not have valid feature names, but RandomForestClassifier was fitted with feature names
  warnings.warn(

2026-06-19 18:10:17,528:WARNING:c:\Users\Usuario\AppData\Local\Programs\Python\Python310\lib\site-packages\sklearn\base.py:493: UserWarning: X does not have valid feature names, but RandomForestClassifier was fitted with feature names
  warnings.warn(

2026-06-19 18:10:17,613:WARNING:c:\Users\Usuario\AppData\Local\Programs\Python\Python310\lib\site-packages\sklearn\base.py:493: UserWarning: X does not have valid feature names, but RandomForestClassifier was fitted with feature names
  warnings.warn(

2026-06-19 18:10:17,770:WARNING:c:\Users\Usuario\AppData\Local\Programs\Python\Python310\lib\site-packages\sklearn\base.py:493: UserWarning: X does not have valid feature names, but RandomForestClassifier was fitted with feature names
  warnings.warn(

2026-06-19 18:10:17,842:WARNING:c:\Users\Usuario\AppData\Local\Programs\Python\Python310\lib\site-packages\sklearn\base.py:493: UserWarning: X does not have valid feature names, but RandomForestClassifier was fitted with feature names
  warnings.warn(

2026-06-19 18:10:17,950:WARNING:c:\Users\Usuario\AppData\Local\Programs\Python\Python310\lib\site-packages\sklearn\base.py:493: UserWarning: X does not have valid feature names, but RandomForestClassifier was fitted with feature names
  warnings.warn(

2026-06-19 18:10:18,016:WARNING:c:\Users\Usuario\AppData\Local\Programs\Python\Python310\lib\site-packages\sklearn\base.py:493: UserWarning: X does not have valid feature names, but RandomForestClassifier was fitted with feature names
  warnings.warn(

2026-06-19 18:10:18,100:WARNING:c:\Users\Usuario\AppData\Local\Programs\Python\Python310\lib\site-packages\sklearn\base.py:493: UserWarning: X does not have valid feature names, but RandomForestClassifier was fitted with feature names
  warnings.warn(

2026-06-19 18:10:18,172:WARNING:c:\Users\Usuario\AppData\Local\Programs\Python\Python310\lib\site-packages\sklearn\base.py:493: UserWarning: X does not have valid feature names, but RandomForestClassifier was fitted with feature names
  warnings.warn(

2026-06-19 18:10:18,235:WARNING:c:\Users\Usuario\AppData\Local\Programs\Python\Python310\lib\site-packages\sklearn\base.py:493: UserWarning: X does not have valid feature names, but RandomForestClassifier was fitted with feature names
  warnings.warn(

2026-06-19 18:10:18,294:WARNING:c:\Users\Usuario\AppData\Local\Programs\Python\Python310\lib\site-packages\sklearn\base.py:493: UserWarning: X does not have valid feature names, but RandomForestClassifier was fitted with feature names
  warnings.warn(

2026-06-19 18:10:18,367:WARNING:c:\Users\Usuario\AppData\Local\Programs\Python\Python310\lib\site-packages\sklearn\base.py:493: UserWarning: X does not have valid feature names, but RandomForestClassifier was fitted with feature names
  warnings.warn(

2026-06-19 18:10:18,964:WARNING:c:\Users\Usuario\AppData\Local\Programs\Python\Python310\lib\site-packages\sklearn\base.py:493: UserWarning: X does not have valid feature names, but RandomForestClassifier was fitted with feature names
  warnings.warn(

2026-06-19 18:10:19,201:WARNING:c:\Users\Usuario\AppData\Local\Programs\Python\Python310\lib\site-packages\sklearn\base.py:493: UserWarning: X does not have valid feature names, but RandomForestClassifier was fitted with feature names
  warnings.warn(

2026-06-19 18:10:19,512:WARNING:c:\Users\Usuario\AppData\Local\Programs\Python\Python310\lib\site-packages\sklearn\base.py:493: UserWarning: X does not have valid feature names, but RandomForestClassifier was fitted with feature names
  warnings.warn(

2026-06-19 18:10:19,975:WARNING:c:\Users\Usuario\AppData\Local\Programs\Python\Python310\lib\site-packages\sklearn\base.py:493: UserWarning: X does not have valid feature names, but RandomForestClassifier was fitted with feature names
  warnings.warn(

2026-06-19 18:10:20,280:WARNING:c:\Users\Usuario\AppData\Local\Programs\Python\Python310\lib\site-packages\sklearn\base.py:493: UserWarning: X does not have valid feature names, but RandomForestClassifier was fitted with feature names
  warnings.warn(

2026-06-19 18:10:20,521:WARNING:c:\Users\Usuario\AppData\Local\Programs\Python\Python310\lib\site-packages\sklearn\base.py:493: UserWarning: X does not have valid feature names, but RandomForestClassifier was fitted with feature names
  warnings.warn(

2026-06-19 18:10:21,291:WARNING:c:\Users\Usuario\AppData\Local\Programs\Python\Python310\lib\site-packages\sklearn\base.py:493: UserWarning: X does not have valid feature names, but RandomForestClassifier was fitted with feature names
  warnings.warn(

2026-06-19 18:10:21,895:WARNING:c:\Users\Usuario\AppData\Local\Programs\Python\Python310\lib\site-packages\sklearn\base.py:493: UserWarning: X does not have valid feature names, but RandomForestClassifier was fitted with feature names
  warnings.warn(

2026-06-19 18:10:22,357:WARNING:c:\Users\Usuario\AppData\Local\Programs\Python\Python310\lib\site-packages\sklearn\base.py:493: UserWarning: X does not have valid feature names, but RandomForestClassifier was fitted with feature names
  warnings.warn(

2026-06-19 18:10:22,476:WARNING:c:\Users\Usuario\AppData\Local\Programs\Python\Python310\lib\site-packages\sklearn\base.py:493: UserWarning: X does not have valid feature names, but RandomForestClassifier was fitted with feature names
  warnings.warn(

2026-06-19 18:10:22,588:WARNING:c:\Users\Usuario\AppData\Local\Programs\Python\Python310\lib\site-packages\sklearn\base.py:493: UserWarning: X does not have valid feature names, but RandomForestClassifier was fitted with feature names
  warnings.warn(

2026-06-19 18:10:22,678:WARNING:c:\Users\Usuario\AppData\Local\Programs\Python\Python310\lib\site-packages\sklearn\base.py:493: UserWarning: X does not have valid feature names, but RandomForestClassifier was fitted with feature names
  warnings.warn(

2026-06-19 18:10:22,740:WARNING:c:\Users\Usuario\AppData\Local\Programs\Python\Python310\lib\site-packages\sklearn\base.py:493: UserWarning: X does not have valid feature names, but RandomForestClassifier was fitted with feature names
  warnings.warn(

2026-06-19 18:10:22,810:WARNING:c:\Users\Usuario\AppData\Local\Programs\Python\Python310\lib\site-packages\sklearn\base.py:493: UserWarning: X does not have valid feature names, but RandomForestClassifier was fitted with feature names
  warnings.warn(

2026-06-19 18:10:22,861:WARNING:c:\Users\Usuario\AppData\Local\Programs\Python\Python310\lib\site-packages\sklearn\base.py:493: UserWarning: X does not have valid feature names, but RandomForestClassifier was fitted with feature names
  warnings.warn(

2026-06-19 18:10:22,928:WARNING:c:\Users\Usuario\AppData\Local\Programs\Python\Python310\lib\site-packages\sklearn\base.py:493: UserWarning: X does not have valid feature names, but RandomForestClassifier was fitted with feature names
  warnings.warn(

2026-06-19 18:10:23,019:WARNING:c:\Users\Usuario\AppData\Local\Programs\Python\Python310\lib\site-packages\sklearn\base.py:493: UserWarning: X does not have valid feature names, but RandomForestClassifier was fitted with feature names
  warnings.warn(

2026-06-19 18:10:23,079:WARNING:c:\Users\Usuario\AppData\Local\Programs\Python\Python310\lib\site-packages\sklearn\base.py:493: UserWarning: X does not have valid feature names, but RandomForestClassifier was fitted with feature names
  warnings.warn(

2026-06-19 18:10:23,128:WARNING:c:\Users\Usuario\AppData\Local\Programs\Python\Python310\lib\site-packages\sklearn\base.py:493: UserWarning: X does not have valid feature names, but RandomForestClassifier was fitted with feature names
  warnings.warn(

2026-06-19 18:10:23,176:WARNING:c:\Users\Usuario\AppData\Local\Programs\Python\Python310\lib\site-packages\sklearn\base.py:493: UserWarning: X does not have valid feature names, but RandomForestClassifier was fitted with feature names
  warnings.warn(

2026-06-19 18:10:23,225:WARNING:c:\Users\Usuario\AppData\Local\Programs\Python\Python310\lib\site-packages\sklearn\base.py:493: UserWarning: X does not have valid feature names, but RandomForestClassifier was fitted with feature names
  warnings.warn(

2026-06-19 18:10:23,272:WARNING:c:\Users\Usuario\AppData\Local\Programs\Python\Python310\lib\site-packages\sklearn\base.py:493: UserWarning: X does not have valid feature names, but RandomForestClassifier was fitted with feature names
  warnings.warn(

2026-06-19 18:10:23,327:WARNING:c:\Users\Usuario\AppData\Local\Programs\Python\Python310\lib\site-packages\sklearn\base.py:493: UserWarning: X does not have valid feature names, but RandomForestClassifier was fitted with feature names
  warnings.warn(

2026-06-19 18:10:23,377:WARNING:c:\Users\Usuario\AppData\Local\Programs\Python\Python310\lib\site-packages\sklearn\base.py:493: UserWarning: X does not have valid feature names, but RandomForestClassifier was fitted with feature names
  warnings.warn(

2026-06-19 18:10:23,422:WARNING:c:\Users\Usuario\AppData\Local\Programs\Python\Python310\lib\site-packages\sklearn\base.py:493: UserWarning: X does not have valid feature names, but RandomForestClassifier was fitted with feature names
  warnings.warn(

2026-06-19 18:10:23,472:WARNING:c:\Users\Usuario\AppData\Local\Programs\Python\Python310\lib\site-packages\sklearn\base.py:493: UserWarning: X does not have valid feature names, but RandomForestClassifier was fitted with feature names
  warnings.warn(

2026-06-19 18:10:23,518:WARNING:c:\Users\Usuario\AppData\Local\Programs\Python\Python310\lib\site-packages\sklearn\base.py:493: UserWarning: X does not have valid feature names, but RandomForestClassifier was fitted with feature names
  warnings.warn(

2026-06-19 18:10:23,572:WARNING:c:\Users\Usuario\AppData\Local\Programs\Python\Python310\lib\site-packages\sklearn\base.py:493: UserWarning: X does not have valid feature names, but RandomForestClassifier was fitted with feature names
  warnings.warn(

2026-06-19 18:10:23,607:WARNING:c:\Users\Usuario\AppData\Local\Programs\Python\Python310\lib\site-packages\sklearn\base.py:493: UserWarning: X does not have valid feature names, but RandomForestClassifier was fitted with feature names
  warnings.warn(

2026-06-19 18:10:23,678:WARNING:c:\Users\Usuario\AppData\Local\Programs\Python\Python310\lib\site-packages\sklearn\base.py:493: UserWarning: X does not have valid feature names, but RandomForestClassifier was fitted with feature names
  warnings.warn(

2026-06-19 18:10:23,747:WARNING:c:\Users\Usuario\AppData\Local\Programs\Python\Python310\lib\site-packages\sklearn\base.py:493: UserWarning: X does not have valid feature names, but RandomForestClassifier was fitted with feature names
  warnings.warn(

2026-06-19 18:10:23,795:WARNING:c:\Users\Usuario\AppData\Local\Programs\Python\Python310\lib\site-packages\sklearn\base.py:493: UserWarning: X does not have valid feature names, but RandomForestClassifier was fitted with feature names
  warnings.warn(

2026-06-19 18:10:23,840:WARNING:c:\Users\Usuario\AppData\Local\Programs\Python\Python310\lib\site-packages\sklearn\base.py:493: UserWarning: X does not have valid feature names, but RandomForestClassifier was fitted with feature names
  warnings.warn(

2026-06-19 18:10:23,894:WARNING:c:\Users\Usuario\AppData\Local\Programs\Python\Python310\lib\site-packages\sklearn\base.py:493: UserWarning: X does not have valid feature names, but RandomForestClassifier was fitted with feature names
  warnings.warn(

2026-06-19 18:10:23,953:WARNING:c:\Users\Usuario\AppData\Local\Programs\Python\Python310\lib\site-packages\sklearn\base.py:493: UserWarning: X does not have valid feature names, but RandomForestClassifier was fitted with feature names
  warnings.warn(

2026-06-19 18:10:24,014:WARNING:c:\Users\Usuario\AppData\Local\Programs\Python\Python310\lib\site-packages\sklearn\base.py:493: UserWarning: X does not have valid feature names, but RandomForestClassifier was fitted with feature names
  warnings.warn(

2026-06-19 18:10:24,059:WARNING:c:\Users\Usuario\AppData\Local\Programs\Python\Python310\lib\site-packages\sklearn\base.py:493: UserWarning: X does not have valid feature names, but RandomForestClassifier was fitted with feature names
  warnings.warn(

2026-06-19 18:10:24,111:WARNING:c:\Users\Usuario\AppData\Local\Programs\Python\Python310\lib\site-packages\sklearn\base.py:493: UserWarning: X does not have valid feature names, but RandomForestClassifier was fitted with feature names
  warnings.warn(

2026-06-19 18:10:24,152:WARNING:c:\Users\Usuario\AppData\Local\Programs\Python\Python310\lib\site-packages\sklearn\base.py:493: UserWarning: X does not have valid feature names, but RandomForestClassifier was fitted with feature names
  warnings.warn(

2026-06-19 18:10:24,212:WARNING:c:\Users\Usuario\AppData\Local\Programs\Python\Python310\lib\site-packages\sklearn\base.py:493: UserWarning: X does not have valid feature names, but RandomForestClassifier was fitted with feature names
  warnings.warn(

2026-06-19 18:10:24,258:WARNING:c:\Users\Usuario\AppData\Local\Programs\Python\Python310\lib\site-packages\sklearn\base.py:493: UserWarning: X does not have valid feature names, but RandomForestClassifier was fitted with feature names
  warnings.warn(

2026-06-19 18:10:24,309:WARNING:c:\Users\Usuario\AppData\Local\Programs\Python\Python310\lib\site-packages\sklearn\base.py:493: UserWarning: X does not have valid feature names, but RandomForestClassifier was fitted with feature names
  warnings.warn(

2026-06-19 18:10:24,354:WARNING:c:\Users\Usuario\AppData\Local\Programs\Python\Python310\lib\site-packages\sklearn\base.py:493: UserWarning: X does not have valid feature names, but RandomForestClassifier was fitted with feature names
  warnings.warn(

2026-06-19 18:10:24,409:WARNING:c:\Users\Usuario\AppData\Local\Programs\Python\Python310\lib\site-packages\sklearn\base.py:493: UserWarning: X does not have valid feature names, but RandomForestClassifier was fitted with feature names
  warnings.warn(

2026-06-19 18:10:24,495:WARNING:c:\Users\Usuario\AppData\Local\Programs\Python\Python310\lib\site-packages\sklearn\base.py:493: UserWarning: X does not have valid feature names, but RandomForestClassifier was fitted with feature names
  warnings.warn(

2026-06-19 18:10:24,567:WARNING:c:\Users\Usuario\AppData\Local\Programs\Python\Python310\lib\site-packages\sklearn\base.py:493: UserWarning: X does not have valid feature names, but RandomForestClassifier was fitted with feature names
  warnings.warn(

2026-06-19 18:10:24,636:WARNING:c:\Users\Usuario\AppData\Local\Programs\Python\Python310\lib\site-packages\sklearn\base.py:493: UserWarning: X does not have valid feature names, but RandomForestClassifier was fitted with feature names
  warnings.warn(

2026-06-19 18:10:24,718:WARNING:c:\Users\Usuario\AppData\Local\Programs\Python\Python310\lib\site-packages\sklearn\base.py:493: UserWarning: X does not have valid feature names, but RandomForestClassifier was fitted with feature names
  warnings.warn(

2026-06-19 18:10:24,790:WARNING:c:\Users\Usuario\AppData\Local\Programs\Python\Python310\lib\site-packages\sklearn\base.py:493: UserWarning: X does not have valid feature names, but RandomForestClassifier was fitted with feature names
  warnings.warn(

2026-06-19 18:10:24,875:WARNING:c:\Users\Usuario\AppData\Local\Programs\Python\Python310\lib\site-packages\sklearn\base.py:493: UserWarning: X does not have valid feature names, but RandomForestClassifier was fitted with feature names
  warnings.warn(

2026-06-19 18:10:25,055:WARNING:c:\Users\Usuario\AppData\Local\Programs\Python\Python310\lib\site-packages\sklearn\base.py:493: UserWarning: X does not have valid feature names, but RandomForestClassifier was fitted with feature names
  warnings.warn(

2026-06-19 18:10:25,139:WARNING:c:\Users\Usuario\AppData\Local\Programs\Python\Python310\lib\site-packages\sklearn\base.py:493: UserWarning: X does not have valid feature names, but RandomForestClassifier was fitted with feature names
  warnings.warn(

2026-06-19 18:10:25,227:WARNING:c:\Users\Usuario\AppData\Local\Programs\Python\Python310\lib\site-packages\sklearn\base.py:493: UserWarning: X does not have valid feature names, but RandomForestClassifier was fitted with feature names
  warnings.warn(

2026-06-19 18:10:25,299:WARNING:c:\Users\Usuario\AppData\Local\Programs\Python\Python310\lib\site-packages\sklearn\base.py:493: UserWarning: X does not have valid feature names, but RandomForestClassifier was fitted with feature names
  warnings.warn(

2026-06-19 18:10:25,368:WARNING:c:\Users\Usuario\AppData\Local\Programs\Python\Python310\lib\site-packages\sklearn\base.py:493: UserWarning: X does not have valid feature names, but RandomForestClassifier was fitted with feature names
  warnings.warn(

2026-06-19 18:10:25,435:WARNING:c:\Users\Usuario\AppData\Local\Programs\Python\Python310\lib\site-packages\sklearn\base.py:493: UserWarning: X does not have valid feature names, but RandomForestClassifier was fitted with feature names
  warnings.warn(

2026-06-19 18:10:25,524:WARNING:c:\Users\Usuario\AppData\Local\Programs\Python\Python310\lib\site-packages\sklearn\base.py:493: UserWarning: X does not have valid feature names, but RandomForestClassifier was fitted with feature names
  warnings.warn(

2026-06-19 18:10:25,591:WARNING:c:\Users\Usuario\AppData\Local\Programs\Python\Python310\lib\site-packages\sklearn\base.py:493: UserWarning: X does not have valid feature names, but RandomForestClassifier was fitted with feature names
  warnings.warn(

2026-06-19 18:10:25,646:WARNING:c:\Users\Usuario\AppData\Local\Programs\Python\Python310\lib\site-packages\sklearn\base.py:493: UserWarning: X does not have valid feature names, but RandomForestClassifier was fitted with feature names
  warnings.warn(

2026-06-19 18:10:25,694:WARNING:c:\Users\Usuario\AppData\Local\Programs\Python\Python310\lib\site-packages\sklearn\base.py:493: UserWarning: X does not have valid feature names, but RandomForestClassifier was fitted with feature names
  warnings.warn(

2026-06-19 18:10:25,738:WARNING:c:\Users\Usuario\AppData\Local\Programs\Python\Python310\lib\site-packages\sklearn\base.py:493: UserWarning: X does not have valid feature names, but RandomForestClassifier was fitted with feature names
  warnings.warn(

2026-06-19 18:10:25,791:WARNING:c:\Users\Usuario\AppData\Local\Programs\Python\Python310\lib\site-packages\sklearn\base.py:493: UserWarning: X does not have valid feature names, but RandomForestClassifier was fitted with feature names
  warnings.warn(

2026-06-19 18:10:25,848:WARNING:c:\Users\Usuario\AppData\Local\Programs\Python\Python310\lib\site-packages\sklearn\base.py:493: UserWarning: X does not have valid feature names, but RandomForestClassifier was fitted with feature names
  warnings.warn(

2026-06-19 18:10:25,902:WARNING:c:\Users\Usuario\AppData\Local\Programs\Python\Python310\lib\site-packages\sklearn\base.py:493: UserWarning: X does not have valid feature names, but RandomForestClassifier was fitted with feature names
  warnings.warn(

2026-06-19 18:10:25,940:WARNING:c:\Users\Usuario\AppData\Local\Programs\Python\Python310\lib\site-packages\sklearn\base.py:493: UserWarning: X does not have valid feature names, but RandomForestClassifier was fitted with feature names
  warnings.warn(

2026-06-19 18:10:25,992:WARNING:c:\Users\Usuario\AppData\Local\Programs\Python\Python310\lib\site-packages\sklearn\base.py:493: UserWarning: X does not have valid feature names, but RandomForestClassifier was fitted with feature names
  warnings.warn(

2026-06-19 18:10:26,037:WARNING:c:\Users\Usuario\AppData\Local\Programs\Python\Python310\lib\site-packages\sklearn\base.py:493: UserWarning: X does not have valid feature names, but RandomForestClassifier was fitted with feature names
  warnings.warn(

2026-06-19 18:10:26,089:WARNING:c:\Users\Usuario\AppData\Local\Programs\Python\Python310\lib\site-packages\sklearn\base.py:493: UserWarning: X does not have valid feature names, but RandomForestClassifier was fitted with feature names
  warnings.warn(

2026-06-19 18:10:26,128:WARNING:c:\Users\Usuario\AppData\Local\Programs\Python\Python310\lib\site-packages\sklearn\base.py:493: UserWarning: X does not have valid feature names, but RandomForestClassifier was fitted with feature names
  warnings.warn(

2026-06-19 18:10:26,186:WARNING:c:\Users\Usuario\AppData\Local\Programs\Python\Python310\lib\site-packages\sklearn\base.py:493: UserWarning: X does not have valid feature names, but RandomForestClassifier was fitted with feature names
  warnings.warn(

2026-06-19 18:10:26,239:WARNING:c:\Users\Usuario\AppData\Local\Programs\Python\Python310\lib\site-packages\sklearn\base.py:493: UserWarning: X does not have valid feature names, but RandomForestClassifier was fitted with feature names
  warnings.warn(

2026-06-19 18:10:26,294:WARNING:c:\Users\Usuario\AppData\Local\Programs\Python\Python310\lib\site-packages\sklearn\base.py:493: UserWarning: X does not have valid feature names, but RandomForestClassifier was fitted with feature names
  warnings.warn(

2026-06-19 18:10:26,346:WARNING:c:\Users\Usuario\AppData\Local\Programs\Python\Python310\lib\site-packages\sklearn\base.py:493: UserWarning: X does not have valid feature names, but RandomForestClassifier was fitted with feature names
  warnings.warn(

2026-06-19 18:10:26,397:WARNING:c:\Users\Usuario\AppData\Local\Programs\Python\Python310\lib\site-packages\sklearn\base.py:493: UserWarning: X does not have valid feature names, but RandomForestClassifier was fitted with feature names
  warnings.warn(

2026-06-19 18:10:26,439:WARNING:c:\Users\Usuario\AppData\Local\Programs\Python\Python310\lib\site-packages\sklearn\base.py:493: UserWarning: X does not have valid feature names, but RandomForestClassifier was fitted with feature names
  warnings.warn(

2026-06-19 18:10:26,490:WARNING:c:\Users\Usuario\AppData\Local\Programs\Python\Python310\lib\site-packages\sklearn\base.py:493: UserWarning: X does not have valid feature names, but RandomForestClassifier was fitted with feature names
  warnings.warn(

2026-06-19 18:10:26,532:WARNING:c:\Users\Usuario\AppData\Local\Programs\Python\Python310\lib\site-packages\sklearn\base.py:493: UserWarning: X does not have valid feature names, but RandomForestClassifier was fitted with feature names
  warnings.warn(

2026-06-19 18:10:26,590:WARNING:c:\Users\Usuario\AppData\Local\Programs\Python\Python310\lib\site-packages\sklearn\base.py:493: UserWarning: X does not have valid feature names, but RandomForestClassifier was fitted with feature names
  warnings.warn(

2026-06-19 18:10:26,640:WARNING:c:\Users\Usuario\AppData\Local\Programs\Python\Python310\lib\site-packages\sklearn\base.py:493: UserWarning: X does not have valid feature names, but RandomForestClassifier was fitted with feature names
  warnings.warn(

2026-06-19 18:10:26,693:WARNING:c:\Users\Usuario\AppData\Local\Programs\Python\Python310\lib\site-packages\sklearn\base.py:493: UserWarning: X does not have valid feature names, but RandomForestClassifier was fitted with feature names
  warnings.warn(

2026-06-19 18:10:26,736:WARNING:c:\Users\Usuario\AppData\Local\Programs\Python\Python310\lib\site-packages\sklearn\base.py:493: UserWarning: X does not have valid feature names, but RandomForestClassifier was fitted with feature names
  warnings.warn(

2026-06-19 18:10:26,789:WARNING:c:\Users\Usuario\AppData\Local\Programs\Python\Python310\lib\site-packages\sklearn\base.py:493: UserWarning: X does not have valid feature names, but RandomForestClassifier was fitted with feature names
  warnings.warn(

2026-06-19 18:10:26,829:WARNING:c:\Users\Usuario\AppData\Local\Programs\Python\Python310\lib\site-packages\sklearn\base.py:493: UserWarning: X does not have valid feature names, but RandomForestClassifier was fitted with feature names
  warnings.warn(

2026-06-19 18:10:26,879:WARNING:c:\Users\Usuario\AppData\Local\Programs\Python\Python310\lib\site-packages\sklearn\base.py:493: UserWarning: X does not have valid feature names, but RandomForestClassifier was fitted with feature names
  warnings.warn(

2026-06-19 18:10:26,924:WARNING:c:\Users\Usuario\AppData\Local\Programs\Python\Python310\lib\site-packages\sklearn\base.py:493: UserWarning: X does not have valid feature names, but RandomForestClassifier was fitted with feature names
  warnings.warn(

2026-06-19 18:10:26,974:WARNING:c:\Users\Usuario\AppData\Local\Programs\Python\Python310\lib\site-packages\sklearn\base.py:493: UserWarning: X does not have valid feature names, but RandomForestClassifier was fitted with feature names
  warnings.warn(

2026-06-19 18:10:27,019:WARNING:c:\Users\Usuario\AppData\Local\Programs\Python\Python310\lib\site-packages\sklearn\base.py:493: UserWarning: X does not have valid feature names, but RandomForestClassifier was fitted with feature names
  warnings.warn(

2026-06-19 18:10:27,071:WARNING:c:\Users\Usuario\AppData\Local\Programs\Python\Python310\lib\site-packages\sklearn\base.py:493: UserWarning: X does not have valid feature names, but RandomForestClassifier was fitted with feature names
  warnings.warn(

2026-06-19 18:10:27,109:WARNING:c:\Users\Usuario\AppData\Local\Programs\Python\Python310\lib\site-packages\sklearn\base.py:493: UserWarning: X does not have valid feature names, but RandomForestClassifier was fitted with feature names
  warnings.warn(

2026-06-19 18:10:27,160:WARNING:c:\Users\Usuario\AppData\Local\Programs\Python\Python310\lib\site-packages\sklearn\base.py:493: UserWarning: X does not have valid feature names, but RandomForestClassifier was fitted with feature names
  warnings.warn(

2026-06-19 18:10:27,205:WARNING:c:\Users\Usuario\AppData\Local\Programs\Python\Python310\lib\site-packages\sklearn\base.py:493: UserWarning: X does not have valid feature names, but RandomForestClassifier was fitted with feature names
  warnings.warn(

2026-06-19 18:10:27,275:WARNING:c:\Users\Usuario\AppData\Local\Programs\Python\Python310\lib\site-packages\sklearn\base.py:493: UserWarning: X does not have valid feature names, but RandomForestClassifier was fitted with feature names
  warnings.warn(

2026-06-19 18:10:27,311:WARNING:c:\Users\Usuario\AppData\Local\Programs\Python\Python310\lib\site-packages\sklearn\base.py:493: UserWarning: X does not have valid feature names, but RandomForestClassifier was fitted with feature names
  warnings.warn(

2026-06-19 18:10:27,365:WARNING:c:\Users\Usuario\AppData\Local\Programs\Python\Python310\lib\site-packages\sklearn\base.py:493: UserWarning: X does not have valid feature names, but RandomForestClassifier was fitted with feature names
  warnings.warn(

2026-06-19 18:10:27,408:WARNING:c:\Users\Usuario\AppData\Local\Programs\Python\Python310\lib\site-packages\sklearn\base.py:493: UserWarning: X does not have valid feature names, but RandomForestClassifier was fitted with feature names
  warnings.warn(

2026-06-19 18:10:27,458:WARNING:c:\Users\Usuario\AppData\Local\Programs\Python\Python310\lib\site-packages\sklearn\base.py:493: UserWarning: X does not have valid feature names, but RandomForestClassifier was fitted with feature names
  warnings.warn(

2026-06-19 18:10:27,518:WARNING:c:\Users\Usuario\AppData\Local\Programs\Python\Python310\lib\site-packages\sklearn\base.py:493: UserWarning: X does not have valid feature names, but RandomForestClassifier was fitted with feature names
  warnings.warn(

2026-06-19 18:10:27,589:WARNING:c:\Users\Usuario\AppData\Local\Programs\Python\Python310\lib\site-packages\sklearn\base.py:493: UserWarning: X does not have valid feature names, but RandomForestClassifier was fitted with feature names
  warnings.warn(

2026-06-19 18:10:27,642:WARNING:c:\Users\Usuario\AppData\Local\Programs\Python\Python310\lib\site-packages\sklearn\base.py:493: UserWarning: X does not have valid feature names, but RandomForestClassifier was fitted with feature names
  warnings.warn(

2026-06-19 18:10:27,692:WARNING:c:\Users\Usuario\AppData\Local\Programs\Python\Python310\lib\site-packages\sklearn\base.py:493: UserWarning: X does not have valid feature names, but RandomForestClassifier was fitted with feature names
  warnings.warn(

2026-06-19 18:10:27,737:WARNING:c:\Users\Usuario\AppData\Local\Programs\Python\Python310\lib\site-packages\sklearn\base.py:493: UserWarning: X does not have valid feature names, but RandomForestClassifier was fitted with feature names
  warnings.warn(

2026-06-19 18:10:27,795:WARNING:c:\Users\Usuario\AppData\Local\Programs\Python\Python310\lib\site-packages\sklearn\base.py:493: UserWarning: X does not have valid feature names, but RandomForestClassifier was fitted with feature names
  warnings.warn(

2026-06-19 18:10:27,842:WARNING:c:\Users\Usuario\AppData\Local\Programs\Python\Python310\lib\site-packages\sklearn\base.py:493: UserWarning: X does not have valid feature names, but RandomForestClassifier was fitted with feature names
  warnings.warn(

2026-06-19 18:10:27,895:WARNING:c:\Users\Usuario\AppData\Local\Programs\Python\Python310\lib\site-packages\sklearn\base.py:493: UserWarning: X does not have valid feature names, but RandomForestClassifier was fitted with feature names
  warnings.warn(

2026-06-19 18:10:27,937:WARNING:c:\Users\Usuario\AppData\Local\Programs\Python\Python310\lib\site-packages\sklearn\base.py:493: UserWarning: X does not have valid feature names, but RandomForestClassifier was fitted with feature names
  warnings.warn(

2026-06-19 18:10:27,989:WARNING:c:\Users\Usuario\AppData\Local\Programs\Python\Python310\lib\site-packages\sklearn\base.py:493: UserWarning: X does not have valid feature names, but RandomForestClassifier was fitted with feature names
  warnings.warn(

2026-06-19 18:10:28,030:WARNING:c:\Users\Usuario\AppData\Local\Programs\Python\Python310\lib\site-packages\sklearn\base.py:493: UserWarning: X does not have valid feature names, but RandomForestClassifier was fitted with feature names
  warnings.warn(

2026-06-19 18:10:28,078:WARNING:c:\Users\Usuario\AppData\Local\Programs\Python\Python310\lib\site-packages\sklearn\base.py:493: UserWarning: X does not have valid feature names, but RandomForestClassifier was fitted with feature names
  warnings.warn(

2026-06-19 18:10:28,124:WARNING:c:\Users\Usuario\AppData\Local\Programs\Python\Python310\lib\site-packages\sklearn\base.py:493: UserWarning: X does not have valid feature names, but RandomForestClassifier was fitted with feature names
  warnings.warn(

2026-06-19 18:10:28,180:WARNING:c:\Users\Usuario\AppData\Local\Programs\Python\Python310\lib\site-packages\sklearn\base.py:493: UserWarning: X does not have valid feature names, but RandomForestClassifier was fitted with feature names
  warnings.warn(

2026-06-19 18:10:28,235:WARNING:c:\Users\Usuario\AppData\Local\Programs\Python\Python310\lib\site-packages\sklearn\base.py:493: UserWarning: X does not have valid feature names, but RandomForestClassifier was fitted with feature names
  warnings.warn(

2026-06-19 18:10:28,302:WARNING:c:\Users\Usuario\AppData\Local\Programs\Python\Python310\lib\site-packages\sklearn\base.py:493: UserWarning: X does not have valid feature names, but RandomForestClassifier was fitted with feature names
  warnings.warn(

2026-06-19 18:10:28,341:WARNING:c:\Users\Usuario\AppData\Local\Programs\Python\Python310\lib\site-packages\sklearn\base.py:493: UserWarning: X does not have valid feature names, but RandomForestClassifier was fitted with feature names
  warnings.warn(

2026-06-19 18:10:28,392:WARNING:c:\Users\Usuario\AppData\Local\Programs\Python\Python310\lib\site-packages\sklearn\base.py:493: UserWarning: X does not have valid feature names, but RandomForestClassifier was fitted with feature names
  warnings.warn(

2026-06-19 18:10:28,437:WARNING:c:\Users\Usuario\AppData\Local\Programs\Python\Python310\lib\site-packages\sklearn\base.py:493: UserWarning: X does not have valid feature names, but RandomForestClassifier was fitted with feature names
  warnings.warn(

2026-06-19 18:10:28,486:WARNING:c:\Users\Usuario\AppData\Local\Programs\Python\Python310\lib\site-packages\sklearn\base.py:493: UserWarning: X does not have valid feature names, but RandomForestClassifier was fitted with feature names
  warnings.warn(

2026-06-19 18:10:28,528:WARNING:c:\Users\Usuario\AppData\Local\Programs\Python\Python310\lib\site-packages\sklearn\base.py:493: UserWarning: X does not have valid feature names, but RandomForestClassifier was fitted with feature names
  warnings.warn(

2026-06-19 18:10:28,592:WARNING:c:\Users\Usuario\AppData\Local\Programs\Python\Python310\lib\site-packages\sklearn\base.py:493: UserWarning: X does not have valid feature names, but RandomForestClassifier was fitted with feature names
  warnings.warn(

2026-06-19 18:10:28,807:WARNING:c:\Users\Usuario\AppData\Local\Programs\Python\Python310\lib\site-packages\sklearn\base.py:493: UserWarning: X does not have valid feature names, but RandomForestClassifier was fitted with feature names
  warnings.warn(

2026-06-19 18:10:28,859:WARNING:c:\Users\Usuario\AppData\Local\Programs\Python\Python310\lib\site-packages\sklearn\base.py:493: UserWarning: X does not have valid feature names, but RandomForestClassifier was fitted with feature names
  warnings.warn(

2026-06-19 18:10:28,913:WARNING:c:\Users\Usuario\AppData\Local\Programs\Python\Python310\lib\site-packages\sklearn\base.py:493: UserWarning: X does not have valid feature names, but RandomForestClassifier was fitted with feature names
  warnings.warn(

2026-06-19 18:10:28,975:WARNING:c:\Users\Usuario\AppData\Local\Programs\Python\Python310\lib\site-packages\sklearn\base.py:493: UserWarning: X does not have valid feature names, but RandomForestClassifier was fitted with feature names
  warnings.warn(

2026-06-19 18:10:29,023:WARNING:c:\Users\Usuario\AppData\Local\Programs\Python\Python310\lib\site-packages\sklearn\base.py:493: UserWarning: X does not have valid feature names, but RandomForestClassifier was fitted with feature names
  warnings.warn(

2026-06-19 18:10:29,076:WARNING:c:\Users\Usuario\AppData\Local\Programs\Python\Python310\lib\site-packages\sklearn\base.py:493: UserWarning: X does not have valid feature names, but RandomForestClassifier was fitted with feature names
  warnings.warn(

2026-06-19 18:10:29,118:WARNING:c:\Users\Usuario\AppData\Local\Programs\Python\Python310\lib\site-packages\sklearn\base.py:493: UserWarning: X does not have valid feature names, but RandomForestClassifier was fitted with feature names
  warnings.warn(

2026-06-19 18:10:29,174:WARNING:c:\Users\Usuario\AppData\Local\Programs\Python\Python310\lib\site-packages\sklearn\base.py:493: UserWarning: X does not have valid feature names, but RandomForestClassifier was fitted with feature names
  warnings.warn(

2026-06-19 18:10:29,224:WARNING:c:\Users\Usuario\AppData\Local\Programs\Python\Python310\lib\site-packages\sklearn\base.py:493: UserWarning: X does not have valid feature names, but RandomForestClassifier was fitted with feature names
  warnings.warn(

2026-06-19 18:10:29,275:WARNING:c:\Users\Usuario\AppData\Local\Programs\Python\Python310\lib\site-packages\sklearn\base.py:493: UserWarning: X does not have valid feature names, but RandomForestClassifier was fitted with feature names
  warnings.warn(

2026-06-19 18:10:29,322:WARNING:c:\Users\Usuario\AppData\Local\Programs\Python\Python310\lib\site-packages\sklearn\base.py:493: UserWarning: X does not have valid feature names, but RandomForestClassifier was fitted with feature names
  warnings.warn(

2026-06-19 18:10:29,374:WARNING:c:\Users\Usuario\AppData\Local\Programs\Python\Python310\lib\site-packages\sklearn\base.py:493: UserWarning: X does not have valid feature names, but RandomForestClassifier was fitted with feature names
  warnings.warn(

2026-06-19 18:10:29,452:WARNING:c:\Users\Usuario\AppData\Local\Programs\Python\Python310\lib\site-packages\sklearn\base.py:493: UserWarning: X does not have valid feature names, but RandomForestClassifier was fitted with feature names
  warnings.warn(

2026-06-19 18:10:29,531:WARNING:c:\Users\Usuario\AppData\Local\Programs\Python\Python310\lib\site-packages\sklearn\base.py:493: UserWarning: X does not have valid feature names, but RandomForestClassifier was fitted with feature names
  warnings.warn(

2026-06-19 18:10:29,570:WARNING:c:\Users\Usuario\AppData\Local\Programs\Python\Python310\lib\site-packages\sklearn\base.py:493: UserWarning: X does not have valid feature names, but RandomForestClassifier was fitted with feature names
  warnings.warn(

2026-06-19 18:10:29,628:WARNING:c:\Users\Usuario\AppData\Local\Programs\Python\Python310\lib\site-packages\sklearn\base.py:493: UserWarning: X does not have valid feature names, but RandomForestClassifier was fitted with feature names
  warnings.warn(

2026-06-19 18:10:29,678:WARNING:c:\Users\Usuario\AppData\Local\Programs\Python\Python310\lib\site-packages\sklearn\base.py:493: UserWarning: X does not have valid feature names, but RandomForestClassifier was fitted with feature names
  warnings.warn(

2026-06-19 18:10:29,744:WARNING:c:\Users\Usuario\AppData\Local\Programs\Python\Python310\lib\site-packages\sklearn\base.py:493: UserWarning: X does not have valid feature names, but RandomForestClassifier was fitted with feature names
  warnings.warn(

2026-06-19 18:10:29,804:WARNING:c:\Users\Usuario\AppData\Local\Programs\Python\Python310\lib\site-packages\sklearn\base.py:493: UserWarning: X does not have valid feature names, but RandomForestClassifier was fitted with feature names
  warnings.warn(

2026-06-19 18:10:29,857:WARNING:c:\Users\Usuario\AppData\Local\Programs\Python\Python310\lib\site-packages\sklearn\base.py:493: UserWarning: X does not have valid feature names, but RandomForestClassifier was fitted with feature names
  warnings.warn(

2026-06-19 18:10:29,911:WARNING:c:\Users\Usuario\AppData\Local\Programs\Python\Python310\lib\site-packages\sklearn\base.py:493: UserWarning: X does not have valid feature names, but RandomForestClassifier was fitted with feature names
  warnings.warn(

2026-06-19 18:10:29,962:WARNING:c:\Users\Usuario\AppData\Local\Programs\Python\Python310\lib\site-packages\sklearn\base.py:493: UserWarning: X does not have valid feature names, but RandomForestClassifier was fitted with feature names
  warnings.warn(

2026-06-19 18:10:30,005:WARNING:c:\Users\Usuario\AppData\Local\Programs\Python\Python310\lib\site-packages\sklearn\base.py:493: UserWarning: X does not have valid feature names, but RandomForestClassifier was fitted with feature names
  warnings.warn(

2026-06-19 18:10:30,056:WARNING:c:\Users\Usuario\AppData\Local\Programs\Python\Python310\lib\site-packages\sklearn\base.py:493: UserWarning: X does not have valid feature names, but RandomForestClassifier was fitted with feature names
  warnings.warn(

2026-06-19 18:10:30,098:WARNING:c:\Users\Usuario\AppData\Local\Programs\Python\Python310\lib\site-packages\sklearn\base.py:493: UserWarning: X does not have valid feature names, but RandomForestClassifier was fitted with feature names
  warnings.warn(

2026-06-19 18:10:30,151:WARNING:c:\Users\Usuario\AppData\Local\Programs\Python\Python310\lib\site-packages\sklearn\base.py:493: UserWarning: X does not have valid feature names, but RandomForestClassifier was fitted with feature names
  warnings.warn(

2026-06-19 18:10:30,190:WARNING:c:\Users\Usuario\AppData\Local\Programs\Python\Python310\lib\site-packages\sklearn\base.py:493: UserWarning: X does not have valid feature names, but RandomForestClassifier was fitted with feature names
  warnings.warn(

2026-06-19 18:10:30,239:WARNING:c:\Users\Usuario\AppData\Local\Programs\Python\Python310\lib\site-packages\sklearn\base.py:493: UserWarning: X does not have valid feature names, but RandomForestClassifier was fitted with feature names
  warnings.warn(

2026-06-19 18:10:30,269:WARNING:c:\Users\Usuario\AppData\Local\Programs\Python\Python310\lib\site-packages\sklearn\base.py:493: UserWarning: X does not have valid feature names, but RandomForestClassifier was fitted with feature names
  warnings.warn(

2026-06-19 18:10:30,325:WARNING:c:\Users\Usuario\AppData\Local\Programs\Python\Python310\lib\site-packages\sklearn\base.py:493: UserWarning: X does not have valid feature names, but RandomForestClassifier was fitted with feature names
  warnings.warn(

2026-06-19 18:10:30,362:WARNING:c:\Users\Usuario\AppData\Local\Programs\Python\Python310\lib\site-packages\sklearn\base.py:493: UserWarning: X does not have valid feature names, but RandomForestClassifier was fitted with feature names
  warnings.warn(

2026-06-19 18:10:30,397:WARNING:c:\Users\Usuario\AppData\Local\Programs\Python\Python310\lib\site-packages\sklearn\base.py:493: UserWarning: X does not have valid feature names, but RandomForestClassifier was fitted with feature names
  warnings.warn(

2026-06-19 18:10:30,441:WARNING:c:\Users\Usuario\AppData\Local\Programs\Python\Python310\lib\site-packages\sklearn\base.py:493: UserWarning: X does not have valid feature names, but RandomForestClassifier was fitted with feature names
  warnings.warn(

2026-06-19 18:10:30,475:WARNING:c:\Users\Usuario\AppData\Local\Programs\Python\Python310\lib\site-packages\sklearn\base.py:493: UserWarning: X does not have valid feature names, but RandomForestClassifier was fitted with feature names
  warnings.warn(

2026-06-19 18:10:30,520:WARNING:c:\Users\Usuario\AppData\Local\Programs\Python\Python310\lib\site-packages\sklearn\base.py:493: UserWarning: X does not have valid feature names, but RandomForestClassifier was fitted with feature names
  warnings.warn(

2026-06-19 18:10:30,554:WARNING:c:\Users\Usuario\AppData\Local\Programs\Python\Python310\lib\site-packages\sklearn\base.py:493: UserWarning: X does not have valid feature names, but RandomForestClassifier was fitted with feature names
  warnings.warn(

2026-06-19 18:10:30,597:WARNING:c:\Users\Usuario\AppData\Local\Programs\Python\Python310\lib\site-packages\sklearn\base.py:493: UserWarning: X does not have valid feature names, but RandomForestClassifier was fitted with feature names
  warnings.warn(

2026-06-19 18:10:30,646:WARNING:c:\Users\Usuario\AppData\Local\Programs\Python\Python310\lib\site-packages\sklearn\base.py:493: UserWarning: X does not have valid feature names, but RandomForestClassifier was fitted with feature names
  warnings.warn(

2026-06-19 18:10:30,688:WARNING:c:\Users\Usuario\AppData\Local\Programs\Python\Python310\lib\site-packages\sklearn\base.py:493: UserWarning: X does not have valid feature names, but RandomForestClassifier was fitted with feature names
  warnings.warn(

2026-06-19 18:10:30,724:WARNING:c:\Users\Usuario\AppData\Local\Programs\Python\Python310\lib\site-packages\sklearn\base.py:493: UserWarning: X does not have valid feature names, but RandomForestClassifier was fitted with feature names
  warnings.warn(

2026-06-19 18:10:30,766:WARNING:c:\Users\Usuario\AppData\Local\Programs\Python\Python310\lib\site-packages\sklearn\base.py:493: UserWarning: X does not have valid feature names, but RandomForestClassifier was fitted with feature names
  warnings.warn(

2026-06-19 18:10:30,814:WARNING:c:\Users\Usuario\AppData\Local\Programs\Python\Python310\lib\site-packages\sklearn\base.py:493: UserWarning: X does not have valid feature names, but RandomForestClassifier was fitted with feature names
  warnings.warn(

2026-06-19 18:10:30,858:WARNING:c:\Users\Usuario\AppData\Local\Programs\Python\Python310\lib\site-packages\sklearn\base.py:493: UserWarning: X does not have valid feature names, but RandomForestClassifier was fitted with feature names
  warnings.warn(

2026-06-19 18:10:30,912:WARNING:c:\Users\Usuario\AppData\Local\Programs\Python\Python310\lib\site-packages\sklearn\base.py:493: UserWarning: X does not have valid feature names, but RandomForestClassifier was fitted with feature names
  warnings.warn(

2026-06-19 18:10:30,953:WARNING:c:\Users\Usuario\AppData\Local\Programs\Python\Python310\lib\site-packages\sklearn\base.py:493: UserWarning: X does not have valid feature names, but RandomForestClassifier was fitted with feature names
  warnings.warn(

2026-06-19 18:10:30,988:WARNING:c:\Users\Usuario\AppData\Local\Programs\Python\Python310\lib\site-packages\sklearn\base.py:493: UserWarning: X does not have valid feature names, but RandomForestClassifier was fitted with feature names
  warnings.warn(

2026-06-19 18:10:31,030:WARNING:c:\Users\Usuario\AppData\Local\Programs\Python\Python310\lib\site-packages\sklearn\base.py:493: UserWarning: X does not have valid feature names, but RandomForestClassifier was fitted with feature names
  warnings.warn(

2026-06-19 18:10:31,079:WARNING:c:\Users\Usuario\AppData\Local\Programs\Python\Python310\lib\site-packages\sklearn\base.py:493: UserWarning: X does not have valid feature names, but RandomForestClassifier was fitted with feature names
  warnings.warn(

2026-06-19 18:10:31,123:WARNING:c:\Users\Usuario\AppData\Local\Programs\Python\Python310\lib\site-packages\sklearn\base.py:493: UserWarning: X does not have valid feature names, but RandomForestClassifier was fitted with feature names
  warnings.warn(

2026-06-19 18:10:31,158:WARNING:c:\Users\Usuario\AppData\Local\Programs\Python\Python310\lib\site-packages\sklearn\base.py:493: UserWarning: X does not have valid feature names, but RandomForestClassifier was fitted with feature names
  warnings.warn(

2026-06-19 18:10:31,204:WARNING:c:\Users\Usuario\AppData\Local\Programs\Python\Python310\lib\site-packages\sklearn\base.py:493: UserWarning: X does not have valid feature names, but RandomForestClassifier was fitted with feature names
  warnings.warn(

2026-06-19 18:10:31,239:WARNING:c:\Users\Usuario\AppData\Local\Programs\Python\Python310\lib\site-packages\sklearn\base.py:493: UserWarning: X does not have valid feature names, but RandomForestClassifier was fitted with feature names
  warnings.warn(

2026-06-19 18:10:31,280:WARNING:c:\Users\Usuario\AppData\Local\Programs\Python\Python310\lib\site-packages\sklearn\base.py:493: UserWarning: X does not have valid feature names, but RandomForestClassifier was fitted with feature names
  warnings.warn(

2026-06-19 18:10:31,316:WARNING:c:\Users\Usuario\AppData\Local\Programs\Python\Python310\lib\site-packages\sklearn\base.py:493: UserWarning: X does not have valid feature names, but RandomForestClassifier was fitted with feature names
  warnings.warn(

2026-06-19 18:10:31,358:WARNING:c:\Users\Usuario\AppData\Local\Programs\Python\Python310\lib\site-packages\sklearn\base.py:493: UserWarning: X does not have valid feature names, but RandomForestClassifier was fitted with feature names
  warnings.warn(

2026-06-19 18:10:31,408:WARNING:c:\Users\Usuario\AppData\Local\Programs\Python\Python310\lib\site-packages\sklearn\base.py:493: UserWarning: X does not have valid feature names, but RandomForestClassifier was fitted with feature names
  warnings.warn(

2026-06-19 18:10:31,453:WARNING:c:\Users\Usuario\AppData\Local\Programs\Python\Python310\lib\site-packages\sklearn\base.py:493: UserWarning: X does not have valid feature names, but RandomForestClassifier was fitted with feature names
  warnings.warn(

2026-06-19 18:10:31,503:WARNING:c:\Users\Usuario\AppData\Local\Programs\Python\Python310\lib\site-packages\sklearn\base.py:493: UserWarning: X does not have valid feature names, but RandomForestClassifier was fitted with feature names
  warnings.warn(

2026-06-19 18:10:31,544:WARNING:c:\Users\Usuario\AppData\Local\Programs\Python\Python310\lib\site-packages\sklearn\base.py:493: UserWarning: X does not have valid feature names, but RandomForestClassifier was fitted with feature names
  warnings.warn(

2026-06-19 18:10:31,596:WARNING:c:\Users\Usuario\AppData\Local\Programs\Python\Python310\lib\site-packages\sklearn\base.py:493: UserWarning: X does not have valid feature names, but RandomForestClassifier was fitted with feature names
  warnings.warn(

2026-06-19 18:10:31,654:WARNING:c:\Users\Usuario\AppData\Local\Programs\Python\Python310\lib\site-packages\sklearn\base.py:493: UserWarning: X does not have valid feature names, but RandomForestClassifier was fitted with feature names
  warnings.warn(

2026-06-19 18:10:31,706:WARNING:c:\Users\Usuario\AppData\Local\Programs\Python\Python310\lib\site-packages\sklearn\base.py:493: UserWarning: X does not have valid feature names, but RandomForestClassifier was fitted with feature names
  warnings.warn(

2026-06-19 18:10:31,747:WARNING:c:\Users\Usuario\AppData\Local\Programs\Python\Python310\lib\site-packages\sklearn\base.py:493: UserWarning: X does not have valid feature names, but RandomForestClassifier was fitted with feature names
  warnings.warn(

2026-06-19 18:10:31,794:WARNING:c:\Users\Usuario\AppData\Local\Programs\Python\Python310\lib\site-packages\sklearn\base.py:493: UserWarning: X does not have valid feature names, but RandomForestClassifier was fitted with feature names
  warnings.warn(

2026-06-19 18:10:31,839:WARNING:c:\Users\Usuario\AppData\Local\Programs\Python\Python310\lib\site-packages\sklearn\base.py:493: UserWarning: X does not have valid feature names, but RandomForestClassifier was fitted with feature names
  warnings.warn(

2026-06-19 18:10:31,889:WARNING:c:\Users\Usuario\AppData\Local\Programs\Python\Python310\lib\site-packages\sklearn\base.py:493: UserWarning: X does not have valid feature names, but RandomForestClassifier was fitted with feature names
  warnings.warn(

2026-06-19 18:10:31,950:WARNING:c:\Users\Usuario\AppData\Local\Programs\Python\Python310\lib\site-packages\sklearn\base.py:493: UserWarning: X does not have valid feature names, but RandomForestClassifier was fitted with feature names
  warnings.warn(

2026-06-19 18:10:32,002:WARNING:c:\Users\Usuario\AppData\Local\Programs\Python\Python310\lib\site-packages\sklearn\base.py:493: UserWarning: X does not have valid feature names, but RandomForestClassifier was fitted with feature names
  warnings.warn(

2026-06-19 18:10:32,042:WARNING:c:\Users\Usuario\AppData\Local\Programs\Python\Python310\lib\site-packages\sklearn\base.py:493: UserWarning: X does not have valid feature names, but RandomForestClassifier was fitted with feature names
  warnings.warn(

2026-06-19 18:10:32,109:WARNING:c:\Users\Usuario\AppData\Local\Programs\Python\Python310\lib\site-packages\sklearn\base.py:493: UserWarning: X does not have valid feature names, but RandomForestClassifier was fitted with feature names
  warnings.warn(

2026-06-19 18:10:32,168:WARNING:c:\Users\Usuario\AppData\Local\Programs\Python\Python310\lib\site-packages\sklearn\base.py:493: UserWarning: X does not have valid feature names, but RandomForestClassifier was fitted with feature names
  warnings.warn(

2026-06-19 18:10:32,238:WARNING:c:\Users\Usuario\AppData\Local\Programs\Python\Python310\lib\site-packages\sklearn\base.py:493: UserWarning: X does not have valid feature names, but RandomForestClassifier was fitted with feature names
  warnings.warn(

2026-06-19 18:10:32,325:WARNING:c:\Users\Usuario\AppData\Local\Programs\Python\Python310\lib\site-packages\sklearn\base.py:493: UserWarning: X does not have valid feature names, but RandomForestClassifier was fitted with feature names
  warnings.warn(

2026-06-19 18:10:32,378:WARNING:c:\Users\Usuario\AppData\Local\Programs\Python\Python310\lib\site-packages\sklearn\base.py:493: UserWarning: X does not have valid feature names, but RandomForestClassifier was fitted with feature names
  warnings.warn(

2026-06-19 18:10:32,437:WARNING:c:\Users\Usuario\AppData\Local\Programs\Python\Python310\lib\site-packages\sklearn\base.py:493: UserWarning: X does not have valid feature names, but RandomForestClassifier was fitted with feature names
  warnings.warn(

2026-06-19 18:10:32,488:WARNING:c:\Users\Usuario\AppData\Local\Programs\Python\Python310\lib\site-packages\sklearn\base.py:493: UserWarning: X does not have valid feature names, but RandomForestClassifier was fitted with feature names
  warnings.warn(

2026-06-19 18:10:32,526:WARNING:c:\Users\Usuario\AppData\Local\Programs\Python\Python310\lib\site-packages\sklearn\base.py:493: UserWarning: X does not have valid feature names, but RandomForestClassifier was fitted with feature names
  warnings.warn(

2026-06-19 18:10:32,577:WARNING:c:\Users\Usuario\AppData\Local\Programs\Python\Python310\lib\site-packages\sklearn\base.py:493: UserWarning: X does not have valid feature names, but RandomForestClassifier was fitted with feature names
  warnings.warn(

2026-06-19 18:10:32,621:WARNING:c:\Users\Usuario\AppData\Local\Programs\Python\Python310\lib\site-packages\sklearn\base.py:493: UserWarning: X does not have valid feature names, but RandomForestClassifier was fitted with feature names
  warnings.warn(

2026-06-19 18:10:32,674:WARNING:c:\Users\Usuario\AppData\Local\Programs\Python\Python310\lib\site-packages\sklearn\base.py:493: UserWarning: X does not have valid feature names, but RandomForestClassifier was fitted with feature names
  warnings.warn(

2026-06-19 18:10:32,714:WARNING:c:\Users\Usuario\AppData\Local\Programs\Python\Python310\lib\site-packages\sklearn\base.py:493: UserWarning: X does not have valid feature names, but RandomForestClassifier was fitted with feature names
  warnings.warn(

2026-06-19 18:10:32,764:WARNING:c:\Users\Usuario\AppData\Local\Programs\Python\Python310\lib\site-packages\sklearn\base.py:493: UserWarning: X does not have valid feature names, but RandomForestClassifier was fitted with feature names
  warnings.warn(

2026-06-19 18:10:32,822:WARNING:c:\Users\Usuario\AppData\Local\Programs\Python\Python310\lib\site-packages\sklearn\base.py:493: UserWarning: X does not have valid feature names, but RandomForestClassifier was fitted with feature names
  warnings.warn(

2026-06-19 18:10:32,906:WARNING:c:\Users\Usuario\AppData\Local\Programs\Python\Python310\lib\site-packages\sklearn\base.py:493: UserWarning: X does not have valid feature names, but RandomForestClassifier was fitted with feature names
  warnings.warn(

2026-06-19 18:10:32,961:WARNING:c:\Users\Usuario\AppData\Local\Programs\Python\Python310\lib\site-packages\sklearn\base.py:493: UserWarning: X does not have valid feature names, but RandomForestClassifier was fitted with feature names
  warnings.warn(

2026-06-19 18:10:33,011:WARNING:c:\Users\Usuario\AppData\Local\Programs\Python\Python310\lib\site-packages\sklearn\base.py:493: UserWarning: X does not have valid feature names, but RandomForestClassifier was fitted with feature names
  warnings.warn(

2026-06-19 18:10:33,247:WARNING:c:\Users\Usuario\AppData\Local\Programs\Python\Python310\lib\site-packages\sklearn\base.py:493: UserWarning: X does not have valid feature names, but RandomForestClassifier was fitted with feature names
  warnings.warn(

2026-06-19 18:10:34,069:WARNING:c:\Users\Usuario\AppData\Local\Programs\Python\Python310\lib\site-packages\sklearn\base.py:493: UserWarning: X does not have valid feature names, but RandomForestClassifier was fitted with feature names
  warnings.warn(

2026-06-19 18:10:34,388:WARNING:c:\Users\Usuario\AppData\Local\Programs\Python\Python310\lib\site-packages\sklearn\base.py:493: UserWarning: X does not have valid feature names, but RandomForestClassifier was fitted with feature names
  warnings.warn(

2026-06-19 18:10:34,478:WARNING:c:\Users\Usuario\AppData\Local\Programs\Python\Python310\lib\site-packages\sklearn\base.py:493: UserWarning: X does not have valid feature names, but RandomForestClassifier was fitted with feature names
  warnings.warn(

2026-06-19 18:10:34,570:WARNING:c:\Users\Usuario\AppData\Local\Programs\Python\Python310\lib\site-packages\sklearn\base.py:493: UserWarning: X does not have valid feature names, but RandomForestClassifier was fitted with feature names
  warnings.warn(

2026-06-19 18:10:34,640:WARNING:c:\Users\Usuario\AppData\Local\Programs\Python\Python310\lib\site-packages\sklearn\base.py:493: UserWarning: X does not have valid feature names, but RandomForestClassifier was fitted with feature names
  warnings.warn(

2026-06-19 18:10:34,726:WARNING:c:\Users\Usuario\AppData\Local\Programs\Python\Python310\lib\site-packages\sklearn\base.py:493: UserWarning: X does not have valid feature names, but RandomForestClassifier was fitted with feature names
  warnings.warn(

2026-06-19 18:10:34,792:WARNING:c:\Users\Usuario\AppData\Local\Programs\Python\Python310\lib\site-packages\sklearn\base.py:493: UserWarning: X does not have valid feature names, but RandomForestClassifier was fitted with feature names
  warnings.warn(

2026-06-19 18:10:34,865:WARNING:c:\Users\Usuario\AppData\Local\Programs\Python\Python310\lib\site-packages\sklearn\base.py:493: UserWarning: X does not have valid feature names, but RandomForestClassifier was fitted with feature names
  warnings.warn(

2026-06-19 18:10:34,926:WARNING:c:\Users\Usuario\AppData\Local\Programs\Python\Python310\lib\site-packages\sklearn\base.py:493: UserWarning: X does not have valid feature names, but RandomForestClassifier was fitted with feature names
  warnings.warn(

2026-06-19 18:10:34,989:WARNING:c:\Users\Usuario\AppData\Local\Programs\Python\Python310\lib\site-packages\sklearn\base.py:493: UserWarning: X does not have valid feature names, but RandomForestClassifier was fitted with feature names
  warnings.warn(

2026-06-19 18:10:35,091:WARNING:c:\Users\Usuario\AppData\Local\Programs\Python\Python310\lib\site-packages\sklearn\base.py:493: UserWarning: X does not have valid feature names, but RandomForestClassifier was fitted with feature names
  warnings.warn(

2026-06-19 18:10:35,160:WARNING:c:\Users\Usuario\AppData\Local\Programs\Python\Python310\lib\site-packages\sklearn\base.py:493: UserWarning: X does not have valid feature names, but RandomForestClassifier was fitted with feature names
  warnings.warn(

2026-06-19 18:10:35,224:WARNING:c:\Users\Usuario\AppData\Local\Programs\Python\Python310\lib\site-packages\sklearn\base.py:493: UserWarning: X does not have valid feature names, but RandomForestClassifier was fitted with feature names
  warnings.warn(

2026-06-19 18:10:35,286:WARNING:c:\Users\Usuario\AppData\Local\Programs\Python\Python310\lib\site-packages\sklearn\base.py:493: UserWarning: X does not have valid feature names, but RandomForestClassifier was fitted with feature names
  warnings.warn(

2026-06-19 18:10:35,341:WARNING:c:\Users\Usuario\AppData\Local\Programs\Python\Python310\lib\site-packages\sklearn\base.py:493: UserWarning: X does not have valid feature names, but RandomForestClassifier was fitted with feature names
  warnings.warn(

2026-06-19 18:10:35,408:WARNING:c:\Users\Usuario\AppData\Local\Programs\Python\Python310\lib\site-packages\sklearn\base.py:493: UserWarning: X does not have valid feature names, but RandomForestClassifier was fitted with feature names
  warnings.warn(

2026-06-19 18:10:35,457:WARNING:c:\Users\Usuario\AppData\Local\Programs\Python\Python310\lib\site-packages\sklearn\base.py:493: UserWarning: X does not have valid feature names, but RandomForestClassifier was fitted with feature names
  warnings.warn(

2026-06-19 18:10:35,502:WARNING:c:\Users\Usuario\AppData\Local\Programs\Python\Python310\lib\site-packages\sklearn\base.py:493: UserWarning: X does not have valid feature names, but RandomForestClassifier was fitted with feature names
  warnings.warn(

2026-06-19 18:10:35,552:WARNING:c:\Users\Usuario\AppData\Local\Programs\Python\Python310\lib\site-packages\sklearn\base.py:493: UserWarning: X does not have valid feature names, but RandomForestClassifier was fitted with feature names
  warnings.warn(

2026-06-19 18:10:35,632:WARNING:c:\Users\Usuario\AppData\Local\Programs\Python\Python310\lib\site-packages\sklearn\base.py:493: UserWarning: X does not have valid feature names, but RandomForestClassifier was fitted with feature names
  warnings.warn(

2026-06-19 18:10:35,795:WARNING:c:\Users\Usuario\AppData\Local\Programs\Python\Python310\lib\site-packages\sklearn\base.py:493: UserWarning: X does not have valid feature names, but RandomForestClassifier was fitted with feature names
  warnings.warn(

2026-06-19 18:10:35,893:WARNING:c:\Users\Usuario\AppData\Local\Programs\Python\Python310\lib\site-packages\sklearn\base.py:493: UserWarning: X does not have valid feature names, but RandomForestClassifier was fitted with feature names
  warnings.warn(

2026-06-19 18:10:35,954:WARNING:c:\Users\Usuario\AppData\Local\Programs\Python\Python310\lib\site-packages\sklearn\base.py:493: UserWarning: X does not have valid feature names, but RandomForestClassifier was fitted with feature names
  warnings.warn(

2026-06-19 18:10:36,010:WARNING:c:\Users\Usuario\AppData\Local\Programs\Python\Python310\lib\site-packages\sklearn\base.py:493: UserWarning: X does not have valid feature names, but RandomForestClassifier was fitted with feature names
  warnings.warn(

2026-06-19 18:10:36,090:WARNING:c:\Users\Usuario\AppData\Local\Programs\Python\Python310\lib\site-packages\sklearn\base.py:493: UserWarning: X does not have valid feature names, but RandomForestClassifier was fitted with feature names
  warnings.warn(

2026-06-19 18:10:36,152:WARNING:c:\Users\Usuario\AppData\Local\Programs\Python\Python310\lib\site-packages\sklearn\base.py:493: UserWarning: X does not have valid feature names, but RandomForestClassifier was fitted with feature names
  warnings.warn(

2026-06-19 18:10:36,217:WARNING:c:\Users\Usuario\AppData\Local\Programs\Python\Python310\lib\site-packages\sklearn\base.py:493: UserWarning: X does not have valid feature names, but RandomForestClassifier was fitted with feature names
  warnings.warn(

2026-06-19 18:10:36,705:WARNING:c:\Users\Usuario\AppData\Local\Programs\Python\Python310\lib\site-packages\sklearn\base.py:493: UserWarning: X does not have valid feature names, but RandomForestClassifier was fitted with feature names
  warnings.warn(

2026-06-19 18:10:36,904:WARNING:c:\Users\Usuario\AppData\Local\Programs\Python\Python310\lib\site-packages\sklearn\base.py:493: UserWarning: X does not have valid feature names, but RandomForestClassifier was fitted with feature names
  warnings.warn(

2026-06-19 18:10:37,014:WARNING:c:\Users\Usuario\AppData\Local\Programs\Python\Python310\lib\site-packages\sklearn\base.py:493: UserWarning: X does not have valid feature names, but RandomForestClassifier was fitted with feature names
  warnings.warn(

2026-06-19 18:10:37,086:WARNING:c:\Users\Usuario\AppData\Local\Programs\Python\Python310\lib\site-packages\sklearn\base.py:493: UserWarning: X does not have valid feature names, but RandomForestClassifier was fitted with feature names
  warnings.warn(

2026-06-19 18:10:37,138:WARNING:c:\Users\Usuario\AppData\Local\Programs\Python\Python310\lib\site-packages\sklearn\base.py:493: UserWarning: X does not have valid feature names, but RandomForestClassifier was fitted with feature names
  warnings.warn(

2026-06-19 18:10:37,190:WARNING:c:\Users\Usuario\AppData\Local\Programs\Python\Python310\lib\site-packages\sklearn\base.py:493: UserWarning: X does not have valid feature names, but RandomForestClassifier was fitted with feature names
  warnings.warn(

2026-06-19 18:10:37,235:WARNING:c:\Users\Usuario\AppData\Local\Programs\Python\Python310\lib\site-packages\sklearn\base.py:493: UserWarning: X does not have valid feature names, but RandomForestClassifier was fitted with feature names
  warnings.warn(

2026-06-19 18:10:37,299:WARNING:c:\Users\Usuario\AppData\Local\Programs\Python\Python310\lib\site-packages\sklearn\base.py:493: UserWarning: X does not have valid feature names, but RandomForestClassifier was fitted with feature names
  warnings.warn(

2026-06-19 18:10:37,341:WARNING:c:\Users\Usuario\AppData\Local\Programs\Python\Python310\lib\site-packages\sklearn\base.py:493: UserWarning: X does not have valid feature names, but RandomForestClassifier was fitted with feature names
  warnings.warn(

2026-06-19 18:10:37,391:WARNING:c:\Users\Usuario\AppData\Local\Programs\Python\Python310\lib\site-packages\sklearn\base.py:493: UserWarning: X does not have valid feature names, but RandomForestClassifier was fitted with feature names
  warnings.warn(

2026-06-19 18:10:37,437:WARNING:c:\Users\Usuario\AppData\Local\Programs\Python\Python310\lib\site-packages\sklearn\base.py:493: UserWarning: X does not have valid feature names, but RandomForestClassifier was fitted with feature names
  warnings.warn(

2026-06-19 18:10:37,487:WARNING:c:\Users\Usuario\AppData\Local\Programs\Python\Python310\lib\site-packages\sklearn\base.py:493: UserWarning: X does not have valid feature names, but RandomForestClassifier was fitted with feature names
  warnings.warn(

2026-06-19 18:10:37,529:WARNING:c:\Users\Usuario\AppData\Local\Programs\Python\Python310\lib\site-packages\sklearn\base.py:493: UserWarning: X does not have valid feature names, but RandomForestClassifier was fitted with feature names
  warnings.warn(

2026-06-19 18:10:37,586:WARNING:c:\Users\Usuario\AppData\Local\Programs\Python\Python310\lib\site-packages\sklearn\base.py:493: UserWarning: X does not have valid feature names, but RandomForestClassifier was fitted with feature names
  warnings.warn(

2026-06-19 18:10:37,622:WARNING:c:\Users\Usuario\AppData\Local\Programs\Python\Python310\lib\site-packages\sklearn\base.py:493: UserWarning: X does not have valid feature names, but RandomForestClassifier was fitted with feature names
  warnings.warn(

2026-06-19 18:10:37,677:WARNING:c:\Users\Usuario\AppData\Local\Programs\Python\Python310\lib\site-packages\sklearn\base.py:493: UserWarning: X does not have valid feature names, but RandomForestClassifier was fitted with feature names
  warnings.warn(

2026-06-19 18:10:37,719:WARNING:c:\Users\Usuario\AppData\Local\Programs\Python\Python310\lib\site-packages\sklearn\base.py:493: UserWarning: X does not have valid feature names, but RandomForestClassifier was fitted with feature names
  warnings.warn(

2026-06-19 18:10:37,765:WARNING:c:\Users\Usuario\AppData\Local\Programs\Python\Python310\lib\site-packages\sklearn\base.py:493: UserWarning: X does not have valid feature names, but RandomForestClassifier was fitted with feature names
  warnings.warn(

2026-06-19 18:10:37,809:WARNING:c:\Users\Usuario\AppData\Local\Programs\Python\Python310\lib\site-packages\sklearn\base.py:493: UserWarning: X does not have valid feature names, but RandomForestClassifier was fitted with feature names
  warnings.warn(

2026-06-19 18:10:37,862:WARNING:c:\Users\Usuario\AppData\Local\Programs\Python\Python310\lib\site-packages\sklearn\base.py:493: UserWarning: X does not have valid feature names, but RandomForestClassifier was fitted with feature names
  warnings.warn(

2026-06-19 18:10:37,904:WARNING:c:\Users\Usuario\AppData\Local\Programs\Python\Python310\lib\site-packages\sklearn\base.py:493: UserWarning: X does not have valid feature names, but RandomForestClassifier was fitted with feature names
  warnings.warn(

2026-06-19 18:10:37,955:WARNING:c:\Users\Usuario\AppData\Local\Programs\Python\Python310\lib\site-packages\sklearn\base.py:493: UserWarning: X does not have valid feature names, but RandomForestClassifier was fitted with feature names
  warnings.warn(

2026-06-19 18:10:37,995:WARNING:c:\Users\Usuario\AppData\Local\Programs\Python\Python310\lib\site-packages\sklearn\base.py:493: UserWarning: X does not have valid feature names, but RandomForestClassifier was fitted with feature names
  warnings.warn(

2026-06-19 18:10:38,044:WARNING:c:\Users\Usuario\AppData\Local\Programs\Python\Python310\lib\site-packages\sklearn\base.py:493: UserWarning: X does not have valid feature names, but RandomForestClassifier was fitted with feature names
  warnings.warn(

2026-06-19 18:10:38,090:WARNING:c:\Users\Usuario\AppData\Local\Programs\Python\Python310\lib\site-packages\sklearn\base.py:493: UserWarning: X does not have valid feature names, but RandomForestClassifier was fitted with feature names
  warnings.warn(

2026-06-19 18:10:38,139:WARNING:c:\Users\Usuario\AppData\Local\Programs\Python\Python310\lib\site-packages\sklearn\base.py:493: UserWarning: X does not have valid feature names, but RandomForestClassifier was fitted with feature names
  warnings.warn(

2026-06-19 18:10:38,187:WARNING:c:\Users\Usuario\AppData\Local\Programs\Python\Python310\lib\site-packages\sklearn\base.py:493: UserWarning: X does not have valid feature names, but RandomForestClassifier was fitted with feature names
  warnings.warn(

2026-06-19 18:10:38,247:WARNING:c:\Users\Usuario\AppData\Local\Programs\Python\Python310\lib\site-packages\sklearn\base.py:493: UserWarning: X does not have valid feature names, but RandomForestClassifier was fitted with feature names
  warnings.warn(

2026-06-19 18:10:38,291:WARNING:c:\Users\Usuario\AppData\Local\Programs\Python\Python310\lib\site-packages\sklearn\base.py:493: UserWarning: X does not have valid feature names, but RandomForestClassifier was fitted with feature names
  warnings.warn(

2026-06-19 18:10:38,347:WARNING:c:\Users\Usuario\AppData\Local\Programs\Python\Python310\lib\site-packages\sklearn\base.py:493: UserWarning: X does not have valid feature names, but RandomForestClassifier was fitted with feature names
  warnings.warn(

2026-06-19 18:10:38,402:WARNING:c:\Users\Usuario\AppData\Local\Programs\Python\Python310\lib\site-packages\sklearn\base.py:493: UserWarning: X does not have valid feature names, but RandomForestClassifier was fitted with feature names
  warnings.warn(

2026-06-19 18:10:38,456:WARNING:c:\Users\Usuario\AppData\Local\Programs\Python\Python310\lib\site-packages\sklearn\base.py:493: UserWarning: X does not have valid feature names, but RandomForestClassifier was fitted with feature names
  warnings.warn(

2026-06-19 18:10:38,492:WARNING:c:\Users\Usuario\AppData\Local\Programs\Python\Python310\lib\site-packages\sklearn\base.py:493: UserWarning: X does not have valid feature names, but RandomForestClassifier was fitted with feature names
  warnings.warn(

2026-06-19 18:10:38,542:WARNING:c:\Users\Usuario\AppData\Local\Programs\Python\Python310\lib\site-packages\sklearn\base.py:493: UserWarning: X does not have valid feature names, but RandomForestClassifier was fitted with feature names
  warnings.warn(

2026-06-19 18:10:38,586:WARNING:c:\Users\Usuario\AppData\Local\Programs\Python\Python310\lib\site-packages\sklearn\base.py:493: UserWarning: X does not have valid feature names, but RandomForestClassifier was fitted with feature names
  warnings.warn(

2026-06-19 18:10:38,639:WARNING:c:\Users\Usuario\AppData\Local\Programs\Python\Python310\lib\site-packages\sklearn\base.py:493: UserWarning: X does not have valid feature names, but RandomForestClassifier was fitted with feature names
  warnings.warn(

2026-06-19 18:10:38,679:WARNING:c:\Users\Usuario\AppData\Local\Programs\Python\Python310\lib\site-packages\sklearn\base.py:493: UserWarning: X does not have valid feature names, but RandomForestClassifier was fitted with feature names
  warnings.warn(

2026-06-19 18:10:38,714:WARNING:c:\Users\Usuario\AppData\Local\Programs\Python\Python310\lib\site-packages\sklearn\base.py:493: UserWarning: X does not have valid feature names, but RandomForestClassifier was fitted with feature names
  warnings.warn(

2026-06-19 18:10:38,757:WARNING:c:\Users\Usuario\AppData\Local\Programs\Python\Python310\lib\site-packages\sklearn\base.py:493: UserWarning: X does not have valid feature names, but RandomForestClassifier was fitted with feature names
  warnings.warn(

2026-06-19 18:10:38,807:WARNING:c:\Users\Usuario\AppData\Local\Programs\Python\Python310\lib\site-packages\sklearn\base.py:493: UserWarning: X does not have valid feature names, but RandomForestClassifier was fitted with feature names
  warnings.warn(

2026-06-19 18:10:38,852:WARNING:c:\Users\Usuario\AppData\Local\Programs\Python\Python310\lib\site-packages\sklearn\base.py:493: UserWarning: X does not have valid feature names, but RandomForestClassifier was fitted with feature names
  warnings.warn(

2026-06-19 18:10:38,901:WARNING:c:\Users\Usuario\AppData\Local\Programs\Python\Python310\lib\site-packages\sklearn\base.py:493: UserWarning: X does not have valid feature names, but RandomForestClassifier was fitted with feature names
  warnings.warn(

2026-06-19 18:10:38,944:WARNING:c:\Users\Usuario\AppData\Local\Programs\Python\Python310\lib\site-packages\sklearn\base.py:493: UserWarning: X does not have valid feature names, but RandomForestClassifier was fitted with feature names
  warnings.warn(

2026-06-19 18:10:38,996:WARNING:c:\Users\Usuario\AppData\Local\Programs\Python\Python310\lib\site-packages\sklearn\base.py:493: UserWarning: X does not have valid feature names, but RandomForestClassifier was fitted with feature names
  warnings.warn(

2026-06-19 18:10:39,038:WARNING:c:\Users\Usuario\AppData\Local\Programs\Python\Python310\lib\site-packages\sklearn\base.py:493: UserWarning: X does not have valid feature names, but RandomForestClassifier was fitted with feature names
  warnings.warn(

2026-06-19 18:10:39,089:WARNING:c:\Users\Usuario\AppData\Local\Programs\Python\Python310\lib\site-packages\sklearn\base.py:493: UserWarning: X does not have valid feature names, but RandomForestClassifier was fitted with feature names
  warnings.warn(

2026-06-19 18:10:39,134:WARNING:c:\Users\Usuario\AppData\Local\Programs\Python\Python310\lib\site-packages\sklearn\base.py:493: UserWarning: X does not have valid feature names, but RandomForestClassifier was fitted with feature names
  warnings.warn(

2026-06-19 18:10:39,170:WARNING:c:\Users\Usuario\AppData\Local\Programs\Python\Python310\lib\site-packages\sklearn\base.py:493: UserWarning: X does not have valid feature names, but RandomForestClassifier was fitted with feature names
  warnings.warn(

2026-06-19 18:10:39,210:WARNING:c:\Users\Usuario\AppData\Local\Programs\Python\Python310\lib\site-packages\sklearn\base.py:493: UserWarning: X does not have valid feature names, but RandomForestClassifier was fitted with feature names
  warnings.warn(

2026-06-19 18:10:39,259:WARNING:c:\Users\Usuario\AppData\Local\Programs\Python\Python310\lib\site-packages\sklearn\base.py:493: UserWarning: X does not have valid feature names, but RandomForestClassifier was fitted with feature names
  warnings.warn(

2026-06-19 18:10:39,302:WARNING:c:\Users\Usuario\AppData\Local\Programs\Python\Python310\lib\site-packages\sklearn\base.py:493: UserWarning: X does not have valid feature names, but RandomForestClassifier was fitted with feature names
  warnings.warn(

2026-06-19 18:10:39,354:WARNING:c:\Users\Usuario\AppData\Local\Programs\Python\Python310\lib\site-packages\sklearn\base.py:493: UserWarning: X does not have valid feature names, but RandomForestClassifier was fitted with feature names
  warnings.warn(

2026-06-19 18:10:39,396:WARNING:c:\Users\Usuario\AppData\Local\Programs\Python\Python310\lib\site-packages\sklearn\base.py:493: UserWarning: X does not have valid feature names, but RandomForestClassifier was fitted with feature names
  warnings.warn(

2026-06-19 18:10:39,447:WARNING:c:\Users\Usuario\AppData\Local\Programs\Python\Python310\lib\site-packages\sklearn\base.py:493: UserWarning: X does not have valid feature names, but RandomForestClassifier was fitted with feature names
  warnings.warn(

2026-06-19 18:10:39,488:WARNING:c:\Users\Usuario\AppData\Local\Programs\Python\Python310\lib\site-packages\sklearn\base.py:493: UserWarning: X does not have valid feature names, but RandomForestClassifier was fitted with feature names
  warnings.warn(

2026-06-19 18:10:39,527:WARNING:c:\Users\Usuario\AppData\Local\Programs\Python\Python310\lib\site-packages\sklearn\base.py:493: UserWarning: X does not have valid feature names, but RandomForestClassifier was fitted with feature names
  warnings.warn(

2026-06-19 18:10:39,565:WARNING:c:\Users\Usuario\AppData\Local\Programs\Python\Python310\lib\site-packages\sklearn\base.py:493: UserWarning: X does not have valid feature names, but RandomForestClassifier was fitted with feature names
  warnings.warn(

2026-06-19 18:10:39,598:WARNING:c:\Users\Usuario\AppData\Local\Programs\Python\Python310\lib\site-packages\sklearn\base.py:493: UserWarning: X does not have valid feature names, but RandomForestClassifier was fitted with feature names
  warnings.warn(

2026-06-19 18:10:39,642:WARNING:c:\Users\Usuario\AppData\Local\Programs\Python\Python310\lib\site-packages\sklearn\base.py:493: UserWarning: X does not have valid feature names, but RandomForestClassifier was fitted with feature names
  warnings.warn(

2026-06-19 18:10:39,698:WARNING:c:\Users\Usuario\AppData\Local\Programs\Python\Python310\lib\site-packages\sklearn\base.py:493: UserWarning: X does not have valid feature names, but RandomForestClassifier was fitted with feature names
  warnings.warn(

2026-06-19 18:10:39,738:WARNING:c:\Users\Usuario\AppData\Local\Programs\Python\Python310\lib\site-packages\sklearn\base.py:493: UserWarning: X does not have valid feature names, but RandomForestClassifier was fitted with feature names
  warnings.warn(

2026-06-19 18:10:39,788:WARNING:c:\Users\Usuario\AppData\Local\Programs\Python\Python310\lib\site-packages\sklearn\base.py:493: UserWarning: X does not have valid feature names, but RandomForestClassifier was fitted with feature names
  warnings.warn(

2026-06-19 18:10:39,845:WARNING:c:\Users\Usuario\AppData\Local\Programs\Python\Python310\lib\site-packages\sklearn\base.py:493: UserWarning: X does not have valid feature names, but RandomForestClassifier was fitted with feature names
  warnings.warn(

2026-06-19 18:10:39,908:WARNING:c:\Users\Usuario\AppData\Local\Programs\Python\Python310\lib\site-packages\sklearn\base.py:493: UserWarning: X does not have valid feature names, but RandomForestClassifier was fitted with feature names
  warnings.warn(

2026-06-19 18:10:39,969:WARNING:c:\Users\Usuario\AppData\Local\Programs\Python\Python310\lib\site-packages\sklearn\base.py:493: UserWarning: X does not have valid feature names, but RandomForestClassifier was fitted with feature names
  warnings.warn(

2026-06-19 18:10:40,021:WARNING:c:\Users\Usuario\AppData\Local\Programs\Python\Python310\lib\site-packages\sklearn\base.py:493: UserWarning: X does not have valid feature names, but RandomForestClassifier was fitted with feature names
  warnings.warn(

2026-06-19 18:10:40,077:WARNING:c:\Users\Usuario\AppData\Local\Programs\Python\Python310\lib\site-packages\sklearn\base.py:493: UserWarning: X does not have valid feature names, but RandomForestClassifier was fitted with feature names
  warnings.warn(

2026-06-19 18:10:40,125:WARNING:c:\Users\Usuario\AppData\Local\Programs\Python\Python310\lib\site-packages\sklearn\base.py:493: UserWarning: X does not have valid feature names, but RandomForestClassifier was fitted with feature names
  warnings.warn(

2026-06-19 18:10:40,185:WARNING:c:\Users\Usuario\AppData\Local\Programs\Python\Python310\lib\site-packages\sklearn\base.py:493: UserWarning: X does not have valid feature names, but RandomForestClassifier was fitted with feature names
  warnings.warn(

2026-06-19 18:10:40,239:WARNING:c:\Users\Usuario\AppData\Local\Programs\Python\Python310\lib\site-packages\sklearn\base.py:493: UserWarning: X does not have valid feature names, but RandomForestClassifier was fitted with feature names
  warnings.warn(

2026-06-19 18:10:40,293:WARNING:c:\Users\Usuario\AppData\Local\Programs\Python\Python310\lib\site-packages\sklearn\base.py:493: UserWarning: X does not have valid feature names, but RandomForestClassifier was fitted with feature names
  warnings.warn(

2026-06-19 18:10:40,341:WARNING:c:\Users\Usuario\AppData\Local\Programs\Python\Python310\lib\site-packages\sklearn\base.py:493: UserWarning: X does not have valid feature names, but RandomForestClassifier was fitted with feature names
  warnings.warn(

2026-06-19 18:10:40,389:WARNING:c:\Users\Usuario\AppData\Local\Programs\Python\Python310\lib\site-packages\sklearn\base.py:493: UserWarning: X does not have valid feature names, but RandomForestClassifier was fitted with feature names
  warnings.warn(

2026-06-19 18:10:40,438:WARNING:c:\Users\Usuario\AppData\Local\Programs\Python\Python310\lib\site-packages\sklearn\base.py:493: UserWarning: X does not have valid feature names, but RandomForestClassifier was fitted with feature names
  warnings.warn(

2026-06-19 18:10:40,480:WARNING:c:\Users\Usuario\AppData\Local\Programs\Python\Python310\lib\site-packages\sklearn\base.py:493: UserWarning: X does not have valid feature names, but RandomForestClassifier was fitted with feature names
  warnings.warn(

2026-06-19 18:10:40,529:WARNING:c:\Users\Usuario\AppData\Local\Programs\Python\Python310\lib\site-packages\sklearn\base.py:493: UserWarning: X does not have valid feature names, but RandomForestClassifier was fitted with feature names
  warnings.warn(

2026-06-19 18:10:40,574:WARNING:c:\Users\Usuario\AppData\Local\Programs\Python\Python310\lib\site-packages\sklearn\base.py:493: UserWarning: X does not have valid feature names, but RandomForestClassifier was fitted with feature names
  warnings.warn(

2026-06-19 18:10:40,625:WARNING:c:\Users\Usuario\AppData\Local\Programs\Python\Python310\lib\site-packages\sklearn\base.py:493: UserWarning: X does not have valid feature names, but RandomForestClassifier was fitted with feature names
  warnings.warn(

2026-06-19 18:10:40,685:WARNING:c:\Users\Usuario\AppData\Local\Programs\Python\Python310\lib\site-packages\sklearn\base.py:493: UserWarning: X does not have valid feature names, but RandomForestClassifier was fitted with feature names
  warnings.warn(

2026-06-19 18:10:40,732:WARNING:c:\Users\Usuario\AppData\Local\Programs\Python\Python310\lib\site-packages\sklearn\base.py:493: UserWarning: X does not have valid feature names, but RandomForestClassifier was fitted with feature names
  warnings.warn(

2026-06-19 18:10:40,777:WARNING:c:\Users\Usuario\AppData\Local\Programs\Python\Python310\lib\site-packages\sklearn\base.py:493: UserWarning: X does not have valid feature names, but RandomForestClassifier was fitted with feature names
  warnings.warn(

2026-06-19 18:10:40,829:WARNING:c:\Users\Usuario\AppData\Local\Programs\Python\Python310\lib\site-packages\sklearn\base.py:493: UserWarning: X does not have valid feature names, but RandomForestClassifier was fitted with feature names
  warnings.warn(

2026-06-19 18:10:40,886:WARNING:c:\Users\Usuario\AppData\Local\Programs\Python\Python310\lib\site-packages\sklearn\base.py:493: UserWarning: X does not have valid feature names, but RandomForestClassifier was fitted with feature names
  warnings.warn(

2026-06-19 18:10:40,939:WARNING:c:\Users\Usuario\AppData\Local\Programs\Python\Python310\lib\site-packages\sklearn\base.py:493: UserWarning: X does not have valid feature names, but RandomForestClassifier was fitted with feature names
  warnings.warn(

2026-06-19 18:10:40,996:WARNING:c:\Users\Usuario\AppData\Local\Programs\Python\Python310\lib\site-packages\sklearn\base.py:493: UserWarning: X does not have valid feature names, but RandomForestClassifier was fitted with feature names
  warnings.warn(

2026-06-19 18:10:41,141:WARNING:c:\Users\Usuario\AppData\Local\Programs\Python\Python310\lib\site-packages\sklearn\base.py:493: UserWarning: X does not have valid feature names, but RandomForestClassifier was fitted with feature names
  warnings.warn(

2026-06-19 18:10:41,402:WARNING:c:\Users\Usuario\AppData\Local\Programs\Python\Python310\lib\site-packages\sklearn\base.py:493: UserWarning: X does not have valid feature names, but RandomForestClassifier was fitted with feature names
  warnings.warn(

2026-06-19 18:10:41,534:WARNING:c:\Users\Usuario\AppData\Local\Programs\Python\Python310\lib\site-packages\sklearn\base.py:493: UserWarning: X does not have valid feature names, but RandomForestClassifier was fitted with feature names
  warnings.warn(

2026-06-19 18:10:41,605:WARNING:c:\Users\Usuario\AppData\Local\Programs\Python\Python310\lib\site-packages\sklearn\base.py:493: UserWarning: X does not have valid feature names, but RandomForestClassifier was fitted with feature names
  warnings.warn(

2026-06-19 18:10:41,655:WARNING:c:\Users\Usuario\AppData\Local\Programs\Python\Python310\lib\site-packages\sklearn\base.py:493: UserWarning: X does not have valid feature names, but RandomForestClassifier was fitted with feature names
  warnings.warn(

2026-06-19 18:10:41,697:WARNING:c:\Users\Usuario\AppData\Local\Programs\Python\Python310\lib\site-packages\sklearn\base.py:493: UserWarning: X does not have valid feature names, but RandomForestClassifier was fitted with feature names
  warnings.warn(

2026-06-19 18:10:41,735:WARNING:c:\Users\Usuario\AppData\Local\Programs\Python\Python310\lib\site-packages\sklearn\base.py:493: UserWarning: X does not have valid feature names, but RandomForestClassifier was fitted with feature names
  warnings.warn(

2026-06-19 18:10:41,775:WARNING:c:\Users\Usuario\AppData\Local\Programs\Python\Python310\lib\site-packages\sklearn\base.py:493: UserWarning: X does not have valid feature names, but RandomForestClassifier was fitted with feature names
  warnings.warn(

2026-06-19 18:10:41,826:WARNING:c:\Users\Usuario\AppData\Local\Programs\Python\Python310\lib\site-packages\sklearn\base.py:493: UserWarning: X does not have valid feature names, but RandomForestClassifier was fitted with feature names
  warnings.warn(

2026-06-19 18:10:41,869:WARNING:c:\Users\Usuario\AppData\Local\Programs\Python\Python310\lib\site-packages\sklearn\base.py:493: UserWarning: X does not have valid feature names, but RandomForestClassifier was fitted with feature names
  warnings.warn(

2026-06-19 18:10:41,906:WARNING:c:\Users\Usuario\AppData\Local\Programs\Python\Python310\lib\site-packages\sklearn\base.py:493: UserWarning: X does not have valid feature names, but RandomForestClassifier was fitted with feature names
  warnings.warn(

2026-06-19 18:10:41,952:WARNING:c:\Users\Usuario\AppData\Local\Programs\Python\Python310\lib\site-packages\sklearn\base.py:493: UserWarning: X does not have valid feature names, but RandomForestClassifier was fitted with feature names
  warnings.warn(

2026-06-19 18:10:42,003:WARNING:c:\Users\Usuario\AppData\Local\Programs\Python\Python310\lib\site-packages\sklearn\base.py:493: UserWarning: X does not have valid feature names, but RandomForestClassifier was fitted with feature names
  warnings.warn(

2026-06-19 18:10:42,043:WARNING:c:\Users\Usuario\AppData\Local\Programs\Python\Python310\lib\site-packages\sklearn\base.py:493: UserWarning: X does not have valid feature names, but RandomForestClassifier was fitted with feature names
  warnings.warn(

2026-06-19 18:10:42,092:WARNING:c:\Users\Usuario\AppData\Local\Programs\Python\Python310\lib\site-packages\sklearn\base.py:493: UserWarning: X does not have valid feature names, but RandomForestClassifier was fitted with feature names
  warnings.warn(

2026-06-19 18:10:42,137:WARNING:c:\Users\Usuario\AppData\Local\Programs\Python\Python310\lib\site-packages\sklearn\base.py:493: UserWarning: X does not have valid feature names, but RandomForestClassifier was fitted with feature names
  warnings.warn(

2026-06-19 18:10:42,186:WARNING:c:\Users\Usuario\AppData\Local\Programs\Python\Python310\lib\site-packages\sklearn\base.py:493: UserWarning: X does not have valid feature names, but RandomForestClassifier was fitted with feature names
  warnings.warn(

2026-06-19 18:10:42,228:WARNING:c:\Users\Usuario\AppData\Local\Programs\Python\Python310\lib\site-packages\sklearn\base.py:493: UserWarning: X does not have valid feature names, but RandomForestClassifier was fitted with feature names
  warnings.warn(

2026-06-19 18:10:42,262:WARNING:c:\Users\Usuario\AppData\Local\Programs\Python\Python310\lib\site-packages\sklearn\base.py:493: UserWarning: X does not have valid feature names, but RandomForestClassifier was fitted with feature names
  warnings.warn(

2026-06-19 18:10:42,308:WARNING:c:\Users\Usuario\AppData\Local\Programs\Python\Python310\lib\site-packages\sklearn\base.py:493: UserWarning: X does not have valid feature names, but RandomForestClassifier was fitted with feature names
  warnings.warn(

2026-06-19 18:10:42,357:WARNING:c:\Users\Usuario\AppData\Local\Programs\Python\Python310\lib\site-packages\sklearn\base.py:493: UserWarning: X does not have valid feature names, but RandomForestClassifier was fitted with feature names
  warnings.warn(

2026-06-19 18:10:42,402:WARNING:c:\Users\Usuario\AppData\Local\Programs\Python\Python310\lib\site-packages\sklearn\base.py:493: UserWarning: X does not have valid feature names, but RandomForestClassifier was fitted with feature names
  warnings.warn(

2026-06-19 18:10:42,438:WARNING:c:\Users\Usuario\AppData\Local\Programs\Python\Python310\lib\site-packages\sklearn\base.py:493: UserWarning: X does not have valid feature names, but RandomForestClassifier was fitted with feature names
  warnings.warn(

2026-06-19 18:10:42,469:WARNING:c:\Users\Usuario\AppData\Local\Programs\Python\Python310\lib\site-packages\sklearn\base.py:493: UserWarning: X does not have valid feature names, but RandomForestClassifier was fitted with feature names
  warnings.warn(

2026-06-19 18:10:42,515:WARNING:c:\Users\Usuario\AppData\Local\Programs\Python\Python310\lib\site-packages\sklearn\base.py:493: UserWarning: X does not have valid feature names, but RandomForestClassifier was fitted with feature names
  warnings.warn(

2026-06-19 18:10:42,558:WARNING:c:\Users\Usuario\AppData\Local\Programs\Python\Python310\lib\site-packages\sklearn\base.py:493: UserWarning: X does not have valid feature names, but RandomForestClassifier was fitted with feature names
  warnings.warn(

2026-06-19 18:10:42,591:WARNING:c:\Users\Usuario\AppData\Local\Programs\Python\Python310\lib\site-packages\sklearn\base.py:493: UserWarning: X does not have valid feature names, but RandomForestClassifier was fitted with feature names
  warnings.warn(

2026-06-19 18:10:42,619:WARNING:c:\Users\Usuario\AppData\Local\Programs\Python\Python310\lib\site-packages\sklearn\base.py:493: UserWarning: X does not have valid feature names, but RandomForestClassifier was fitted with feature names
  warnings.warn(

2026-06-19 18:10:42,653:WARNING:c:\Users\Usuario\AppData\Local\Programs\Python\Python310\lib\site-packages\sklearn\base.py:493: UserWarning: X does not have valid feature names, but RandomForestClassifier was fitted with feature names
  warnings.warn(

2026-06-19 18:10:42,680:WARNING:c:\Users\Usuario\AppData\Local\Programs\Python\Python310\lib\site-packages\sklearn\base.py:493: UserWarning: X does not have valid feature names, but RandomForestClassifier was fitted with feature names
  warnings.warn(

2026-06-19 18:10:42,715:WARNING:c:\Users\Usuario\AppData\Local\Programs\Python\Python310\lib\site-packages\sklearn\base.py:493: UserWarning: X does not have valid feature names, but RandomForestClassifier was fitted with feature names
  warnings.warn(

2026-06-19 18:10:42,757:WARNING:c:\Users\Usuario\AppData\Local\Programs\Python\Python310\lib\site-packages\sklearn\base.py:493: UserWarning: X does not have valid feature names, but RandomForestClassifier was fitted with feature names
  warnings.warn(

2026-06-19 18:10:42,792:WARNING:c:\Users\Usuario\AppData\Local\Programs\Python\Python310\lib\site-packages\sklearn\base.py:493: UserWarning: X does not have valid feature names, but RandomForestClassifier was fitted with feature names
  warnings.warn(

2026-06-19 18:10:42,821:WARNING:c:\Users\Usuario\AppData\Local\Programs\Python\Python310\lib\site-packages\sklearn\base.py:493: UserWarning: X does not have valid feature names, but RandomForestClassifier was fitted with feature names
  warnings.warn(

2026-06-19 18:10:42,854:WARNING:c:\Users\Usuario\AppData\Local\Programs\Python\Python310\lib\site-packages\sklearn\base.py:493: UserWarning: X does not have valid feature names, but RandomForestClassifier was fitted with feature names
  warnings.warn(

2026-06-19 18:10:42,881:WARNING:c:\Users\Usuario\AppData\Local\Programs\Python\Python310\lib\site-packages\sklearn\base.py:493: UserWarning: X does not have valid feature names, but RandomForestClassifier was fitted with feature names
  warnings.warn(

2026-06-19 18:10:42,914:WARNING:c:\Users\Usuario\AppData\Local\Programs\Python\Python310\lib\site-packages\sklearn\base.py:493: UserWarning: X does not have valid feature names, but RandomForestClassifier was fitted with feature names
  warnings.warn(

2026-06-19 18:10:42,943:WARNING:c:\Users\Usuario\AppData\Local\Programs\Python\Python310\lib\site-packages\sklearn\base.py:493: UserWarning: X does not have valid feature names, but RandomForestClassifier was fitted with feature names
  warnings.warn(

2026-06-19 18:10:42,974:WARNING:c:\Users\Usuario\AppData\Local\Programs\Python\Python310\lib\site-packages\sklearn\base.py:493: UserWarning: X does not have valid feature names, but RandomForestClassifier was fitted with feature names
  warnings.warn(

2026-06-19 18:10:43,004:WARNING:c:\Users\Usuario\AppData\Local\Programs\Python\Python310\lib\site-packages\sklearn\base.py:493: UserWarning: X does not have valid feature names, but RandomForestClassifier was fitted with feature names
  warnings.warn(

2026-06-19 18:10:43,038:WARNING:c:\Users\Usuario\AppData\Local\Programs\Python\Python310\lib\site-packages\sklearn\base.py:493: UserWarning: X does not have valid feature names, but RandomForestClassifier was fitted with feature names
  warnings.warn(

2026-06-19 18:10:43,067:WARNING:c:\Users\Usuario\AppData\Local\Programs\Python\Python310\lib\site-packages\sklearn\base.py:493: UserWarning: X does not have valid feature names, but RandomForestClassifier was fitted with feature names
  warnings.warn(

2026-06-19 18:10:43,100:WARNING:c:\Users\Usuario\AppData\Local\Programs\Python\Python310\lib\site-packages\sklearn\base.py:493: UserWarning: X does not have valid feature names, but RandomForestClassifier was fitted with feature names
  warnings.warn(

2026-06-19 18:10:43,128:WARNING:c:\Users\Usuario\AppData\Local\Programs\Python\Python310\lib\site-packages\sklearn\base.py:493: UserWarning: X does not have valid feature names, but RandomForestClassifier was fitted with feature names
  warnings.warn(

2026-06-19 18:10:43,181:WARNING:c:\Users\Usuario\AppData\Local\Programs\Python\Python310\lib\site-packages\sklearn\base.py:493: UserWarning: X does not have valid feature names, but RandomForestClassifier was fitted with feature names
  warnings.warn(

2026-06-19 18:10:43,221:WARNING:c:\Users\Usuario\AppData\Local\Programs\Python\Python310\lib\site-packages\sklearn\base.py:493: UserWarning: X does not have valid feature names, but RandomForestClassifier was fitted with feature names
  warnings.warn(

2026-06-19 18:10:43,258:WARNING:c:\Users\Usuario\AppData\Local\Programs\Python\Python310\lib\site-packages\sklearn\base.py:493: UserWarning: X does not have valid feature names, but RandomForestClassifier was fitted with feature names
  warnings.warn(

2026-06-19 18:10:43,286:WARNING:c:\Users\Usuario\AppData\Local\Programs\Python\Python310\lib\site-packages\sklearn\base.py:493: UserWarning: X does not have valid feature names, but RandomForestClassifier was fitted with feature names
  warnings.warn(

2026-06-19 18:10:43,321:WARNING:c:\Users\Usuario\AppData\Local\Programs\Python\Python310\lib\site-packages\sklearn\base.py:493: UserWarning: X does not have valid feature names, but RandomForestClassifier was fitted with feature names
  warnings.warn(

2026-06-19 18:10:43,348:WARNING:c:\Users\Usuario\AppData\Local\Programs\Python\Python310\lib\site-packages\sklearn\base.py:493: UserWarning: X does not have valid feature names, but RandomForestClassifier was fitted with feature names
  warnings.warn(

2026-06-19 18:10:43,387:WARNING:c:\Users\Usuario\AppData\Local\Programs\Python\Python310\lib\site-packages\sklearn\base.py:493: UserWarning: X does not have valid feature names, but RandomForestClassifier was fitted with feature names
  warnings.warn(

2026-06-19 18:10:43,411:WARNING:c:\Users\Usuario\AppData\Local\Programs\Python\Python310\lib\site-packages\sklearn\base.py:493: UserWarning: X does not have valid feature names, but RandomForestClassifier was fitted with feature names
  warnings.warn(

2026-06-19 18:10:43,445:WARNING:c:\Users\Usuario\AppData\Local\Programs\Python\Python310\lib\site-packages\sklearn\base.py:493: UserWarning: X does not have valid feature names, but RandomForestClassifier was fitted with feature names
  warnings.warn(

2026-06-19 18:10:43,490:WARNING:c:\Users\Usuario\AppData\Local\Programs\Python\Python310\lib\site-packages\sklearn\base.py:493: UserWarning: X does not have valid feature names, but RandomForestClassifier was fitted with feature names
  warnings.warn(

2026-06-19 18:10:43,525:WARNING:c:\Users\Usuario\AppData\Local\Programs\Python\Python310\lib\site-packages\sklearn\base.py:493: UserWarning: X does not have valid feature names, but RandomForestClassifier was fitted with feature names
  warnings.warn(

2026-06-19 18:10:43,570:WARNING:c:\Users\Usuario\AppData\Local\Programs\Python\Python310\lib\site-packages\sklearn\base.py:493: UserWarning: X does not have valid feature names, but RandomForestClassifier was fitted with feature names
  warnings.warn(

2026-06-19 18:10:43,606:WARNING:c:\Users\Usuario\AppData\Local\Programs\Python\Python310\lib\site-packages\sklearn\base.py:493: UserWarning: X does not have valid feature names, but RandomForestClassifier was fitted with feature names
  warnings.warn(

2026-06-19 18:10:43,651:WARNING:c:\Users\Usuario\AppData\Local\Programs\Python\Python310\lib\site-packages\sklearn\base.py:493: UserWarning: X does not have valid feature names, but RandomForestClassifier was fitted with feature names
  warnings.warn(

2026-06-19 18:10:43,703:WARNING:c:\Users\Usuario\AppData\Local\Programs\Python\Python310\lib\site-packages\sklearn\base.py:493: UserWarning: X does not have valid feature names, but RandomForestClassifier was fitted with feature names
  warnings.warn(

2026-06-19 18:10:43,727:WARNING:c:\Users\Usuario\AppData\Local\Programs\Python\Python310\lib\site-packages\sklearn\base.py:493: UserWarning: X does not have valid feature names, but RandomForestClassifier was fitted with feature names
  warnings.warn(

2026-06-19 18:10:43,767:WARNING:c:\Users\Usuario\AppData\Local\Programs\Python\Python310\lib\site-packages\sklearn\base.py:493: UserWarning: X does not have valid feature names, but RandomForestClassifier was fitted with feature names
  warnings.warn(

2026-06-19 18:10:43,806:WARNING:c:\Users\Usuario\AppData\Local\Programs\Python\Python310\lib\site-packages\sklearn\base.py:493: UserWarning: X does not have valid feature names, but RandomForestClassifier was fitted with feature names
  warnings.warn(

2026-06-19 18:10:43,840:WARNING:c:\Users\Usuario\AppData\Local\Programs\Python\Python310\lib\site-packages\sklearn\base.py:493: UserWarning: X does not have valid feature names, but RandomForestClassifier was fitted with feature names
  warnings.warn(

2026-06-19 18:10:43,869:WARNING:c:\Users\Usuario\AppData\Local\Programs\Python\Python310\lib\site-packages\sklearn\base.py:493: UserWarning: X does not have valid feature names, but RandomForestClassifier was fitted with feature names
  warnings.warn(

2026-06-19 18:10:43,921:WARNING:c:\Users\Usuario\AppData\Local\Programs\Python\Python310\lib\site-packages\sklearn\base.py:493: UserWarning: X does not have valid feature names, but RandomForestClassifier was fitted with feature names
  warnings.warn(

2026-06-19 18:10:43,963:WARNING:c:\Users\Usuario\AppData\Local\Programs\Python\Python310\lib\site-packages\sklearn\base.py:493: UserWarning: X does not have valid feature names, but RandomForestClassifier was fitted with feature names
  warnings.warn(

2026-06-19 18:10:43,998:WARNING:c:\Users\Usuario\AppData\Local\Programs\Python\Python310\lib\site-packages\sklearn\base.py:493: UserWarning: X does not have valid feature names, but RandomForestClassifier was fitted with feature names
  warnings.warn(

2026-06-19 18:10:44,040:WARNING:c:\Users\Usuario\AppData\Local\Programs\Python\Python310\lib\site-packages\sklearn\base.py:493: UserWarning: X does not have valid feature names, but RandomForestClassifier was fitted with feature names
  warnings.warn(

2026-06-19 18:10:44,089:WARNING:c:\Users\Usuario\AppData\Local\Programs\Python\Python310\lib\site-packages\sklearn\base.py:493: UserWarning: X does not have valid feature names, but RandomForestClassifier was fitted with feature names
  warnings.warn(

2026-06-19 18:10:44,136:WARNING:c:\Users\Usuario\AppData\Local\Programs\Python\Python310\lib\site-packages\sklearn\base.py:493: UserWarning: X does not have valid feature names, but RandomForestClassifier was fitted with feature names
  warnings.warn(

2026-06-19 18:10:44,185:WARNING:c:\Users\Usuario\AppData\Local\Programs\Python\Python310\lib\site-packages\sklearn\base.py:493: UserWarning: X does not have valid feature names, but RandomForestClassifier was fitted with feature names
  warnings.warn(

2026-06-19 18:10:44,227:WARNING:c:\Users\Usuario\AppData\Local\Programs\Python\Python310\lib\site-packages\sklearn\base.py:493: UserWarning: X does not have valid feature names, but RandomForestClassifier was fitted with feature names
  warnings.warn(

2026-06-19 18:10:44,280:WARNING:c:\Users\Usuario\AppData\Local\Programs\Python\Python310\lib\site-packages\sklearn\base.py:493: UserWarning: X does not have valid feature names, but RandomForestClassifier was fitted with feature names
  warnings.warn(

2026-06-19 18:10:44,321:WARNING:c:\Users\Usuario\AppData\Local\Programs\Python\Python310\lib\site-packages\sklearn\base.py:493: UserWarning: X does not have valid feature names, but RandomForestClassifier was fitted with feature names
  warnings.warn(

2026-06-19 18:10:44,356:WARNING:c:\Users\Usuario\AppData\Local\Programs\Python\Python310\lib\site-packages\sklearn\base.py:493: UserWarning: X does not have valid feature names, but RandomForestClassifier was fitted with feature names
  warnings.warn(

2026-06-19 18:10:44,401:WARNING:c:\Users\Usuario\AppData\Local\Programs\Python\Python310\lib\site-packages\sklearn\base.py:493: UserWarning: X does not have valid feature names, but RandomForestClassifier was fitted with feature names
  warnings.warn(

2026-06-19 18:10:44,451:WARNING:c:\Users\Usuario\AppData\Local\Programs\Python\Python310\lib\site-packages\sklearn\base.py:493: UserWarning: X does not have valid feature names, but RandomForestClassifier was fitted with feature names
  warnings.warn(

2026-06-19 18:10:44,492:WARNING:c:\Users\Usuario\AppData\Local\Programs\Python\Python310\lib\site-packages\sklearn\base.py:493: UserWarning: X does not have valid feature names, but RandomForestClassifier was fitted with feature names
  warnings.warn(

2026-06-19 18:10:44,527:WARNING:c:\Users\Usuario\AppData\Local\Programs\Python\Python310\lib\site-packages\sklearn\base.py:493: UserWarning: X does not have valid feature names, but RandomForestClassifier was fitted with feature names
  warnings.warn(

2026-06-19 18:10:44,570:WARNING:c:\Users\Usuario\AppData\Local\Programs\Python\Python310\lib\site-packages\sklearn\base.py:493: UserWarning: X does not have valid feature names, but RandomForestClassifier was fitted with feature names
  warnings.warn(

2026-06-19 18:10:44,608:WARNING:c:\Users\Usuario\AppData\Local\Programs\Python\Python310\lib\site-packages\sklearn\base.py:493: UserWarning: X does not have valid feature names, but RandomForestClassifier was fitted with feature names
  warnings.warn(

2026-06-19 18:10:44,647:WARNING:c:\Users\Usuario\AppData\Local\Programs\Python\Python310\lib\site-packages\sklearn\base.py:493: UserWarning: X does not have valid feature names, but RandomForestClassifier was fitted with feature names
  warnings.warn(

2026-06-19 18:10:44,699:WARNING:c:\Users\Usuario\AppData\Local\Programs\Python\Python310\lib\site-packages\sklearn\base.py:493: UserWarning: X does not have valid feature names, but RandomForestClassifier was fitted with feature names
  warnings.warn(

2026-06-19 18:10:44,741:WARNING:c:\Users\Usuario\AppData\Local\Programs\Python\Python310\lib\site-packages\sklearn\base.py:493: UserWarning: X does not have valid feature names, but RandomForestClassifier was fitted with feature names
  warnings.warn(

2026-06-19 18:10:44,789:WARNING:c:\Users\Usuario\AppData\Local\Programs\Python\Python310\lib\site-packages\sklearn\base.py:493: UserWarning: X does not have valid feature names, but RandomForestClassifier was fitted with feature names
  warnings.warn(

2026-06-19 18:10:44,818:WARNING:c:\Users\Usuario\AppData\Local\Programs\Python\Python310\lib\site-packages\sklearn\base.py:493: UserWarning: X does not have valid feature names, but RandomForestClassifier was fitted with feature names
  warnings.warn(

2026-06-19 18:10:44,857:WARNING:c:\Users\Usuario\AppData\Local\Programs\Python\Python310\lib\site-packages\sklearn\base.py:493: UserWarning: X does not have valid feature names, but RandomForestClassifier was fitted with feature names
  warnings.warn(

2026-06-19 18:10:44,896:WARNING:c:\Users\Usuario\AppData\Local\Programs\Python\Python310\lib\site-packages\sklearn\base.py:493: UserWarning: X does not have valid feature names, but RandomForestClassifier was fitted with feature names
  warnings.warn(

2026-06-19 18:10:44,933:WARNING:c:\Users\Usuario\AppData\Local\Programs\Python\Python310\lib\site-packages\sklearn\base.py:493: UserWarning: X does not have valid feature names, but RandomForestClassifier was fitted with feature names
  warnings.warn(

2026-06-19 18:10:44,975:WARNING:c:\Users\Usuario\AppData\Local\Programs\Python\Python310\lib\site-packages\sklearn\base.py:493: UserWarning: X does not have valid feature names, but RandomForestClassifier was fitted with feature names
  warnings.warn(

2026-06-19 18:10:45,025:WARNING:c:\Users\Usuario\AppData\Local\Programs\Python\Python310\lib\site-packages\sklearn\base.py:493: UserWarning: X does not have valid feature names, but RandomForestClassifier was fitted with feature names
  warnings.warn(

2026-06-19 18:10:45,070:WARNING:c:\Users\Usuario\AppData\Local\Programs\Python\Python310\lib\site-packages\sklearn\base.py:493: UserWarning: X does not have valid feature names, but RandomForestClassifier was fitted with feature names
  warnings.warn(

2026-06-19 18:10:45,122:WARNING:c:\Users\Usuario\AppData\Local\Programs\Python\Python310\lib\site-packages\sklearn\base.py:493: UserWarning: X does not have valid feature names, but RandomForestClassifier was fitted with feature names
  warnings.warn(

2026-06-19 18:10:45,337:WARNING:c:\Users\Usuario\AppData\Local\Programs\Python\Python310\lib\site-packages\sklearn\base.py:493: UserWarning: X does not have valid feature names, but RandomForestClassifier was fitted with feature names
  warnings.warn(

2026-06-19 18:10:45,675:WARNING:c:\Users\Usuario\AppData\Local\Programs\Python\Python310\lib\site-packages\sklearn\base.py:493: UserWarning: X does not have valid feature names, but RandomForestClassifier was fitted with feature names
  warnings.warn(

2026-06-19 18:10:46,134:WARNING:c:\Users\Usuario\AppData\Local\Programs\Python\Python310\lib\site-packages\sklearn\base.py:493: UserWarning: X does not have valid feature names, but RandomForestClassifier was fitted with feature names
  warnings.warn(

2026-06-19 18:10:46,262:WARNING:c:\Users\Usuario\AppData\Local\Programs\Python\Python310\lib\site-packages\sklearn\base.py:493: UserWarning: X does not have valid feature names, but RandomForestClassifier was fitted with feature names
  warnings.warn(

2026-06-19 18:10:46,316:WARNING:c:\Users\Usuario\AppData\Local\Programs\Python\Python310\lib\site-packages\sklearn\base.py:493: UserWarning: X does not have valid feature names, but RandomForestClassifier was fitted with feature names
  warnings.warn(

2026-06-19 18:10:46,364:WARNING:c:\Users\Usuario\AppData\Local\Programs\Python\Python310\lib\site-packages\sklearn\base.py:493: UserWarning: X does not have valid feature names, but RandomForestClassifier was fitted with feature names
  warnings.warn(

2026-06-19 18:10:46,409:WARNING:c:\Users\Usuario\AppData\Local\Programs\Python\Python310\lib\site-packages\sklearn\base.py:493: UserWarning: X does not have valid feature names, but RandomForestClassifier was fitted with feature names
  warnings.warn(

2026-06-19 18:10:46,458:WARNING:c:\Users\Usuario\AppData\Local\Programs\Python\Python310\lib\site-packages\sklearn\base.py:493: UserWarning: X does not have valid feature names, but RandomForestClassifier was fitted with feature names
  warnings.warn(

2026-06-19 18:10:46,502:WARNING:c:\Users\Usuario\AppData\Local\Programs\Python\Python310\lib\site-packages\sklearn\base.py:493: UserWarning: X does not have valid feature names, but RandomForestClassifier was fitted with feature names
  warnings.warn(

2026-06-19 18:10:46,540:WARNING:c:\Users\Usuario\AppData\Local\Programs\Python\Python310\lib\site-packages\sklearn\base.py:493: UserWarning: X does not have valid feature names, but RandomForestClassifier was fitted with feature names
  warnings.warn(

2026-06-19 18:10:46,579:WARNING:c:\Users\Usuario\AppData\Local\Programs\Python\Python310\lib\site-packages\sklearn\base.py:493: UserWarning: X does not have valid feature names, but RandomForestClassifier was fitted with feature names
  warnings.warn(

2026-06-19 18:10:46,634:WARNING:c:\Users\Usuario\AppData\Local\Programs\Python\Python310\lib\site-packages\sklearn\base.py:493: UserWarning: X does not have valid feature names, but RandomForestClassifier was fitted with feature names
  warnings.warn(

2026-06-19 18:10:46,671:WARNING:c:\Users\Usuario\AppData\Local\Programs\Python\Python310\lib\site-packages\sklearn\base.py:493: UserWarning: X does not have valid feature names, but RandomForestClassifier was fitted with feature names
  warnings.warn(

2026-06-19 18:10:46,709:WARNING:c:\Users\Usuario\AppData\Local\Programs\Python\Python310\lib\site-packages\sklearn\base.py:493: UserWarning: X does not have valid feature names, but RandomForestClassifier was fitted with feature names
  warnings.warn(

2026-06-19 18:10:46,752:WARNING:c:\Users\Usuario\AppData\Local\Programs\Python\Python310\lib\site-packages\sklearn\base.py:493: UserWarning: X does not have valid feature names, but RandomForestClassifier was fitted with feature names
  warnings.warn(

2026-06-19 18:10:46,788:WARNING:c:\Users\Usuario\AppData\Local\Programs\Python\Python310\lib\site-packages\sklearn\base.py:493: UserWarning: X does not have valid feature names, but RandomForestClassifier was fitted with feature names
  warnings.warn(

2026-06-19 18:10:46,830:WARNING:c:\Users\Usuario\AppData\Local\Programs\Python\Python310\lib\site-packages\sklearn\base.py:493: UserWarning: X does not have valid feature names, but RandomForestClassifier was fitted with feature names
  warnings.warn(

2026-06-19 18:10:46,882:WARNING:c:\Users\Usuario\AppData\Local\Programs\Python\Python310\lib\site-packages\sklearn\base.py:493: UserWarning: X does not have valid feature names, but RandomForestClassifier was fitted with feature names
  warnings.warn(

2026-06-19 18:10:46,922:WARNING:c:\Users\Usuario\AppData\Local\Programs\Python\Python310\lib\site-packages\sklearn\base.py:493: UserWarning: X does not have valid feature names, but RandomForestClassifier was fitted with feature names
  warnings.warn(

2026-06-19 18:10:46,974:WARNING:c:\Users\Usuario\AppData\Local\Programs\Python\Python310\lib\site-packages\sklearn\base.py:493: UserWarning: X does not have valid feature names, but RandomForestClassifier was fitted with feature names
  warnings.warn(

2026-06-19 18:10:47,019:WARNING:c:\Users\Usuario\AppData\Local\Programs\Python\Python310\lib\site-packages\sklearn\base.py:493: UserWarning: X does not have valid feature names, but RandomForestClassifier was fitted with feature names
  warnings.warn(

2026-06-19 18:10:47,072:WARNING:c:\Users\Usuario\AppData\Local\Programs\Python\Python310\lib\site-packages\sklearn\base.py:493: UserWarning: X does not have valid feature names, but RandomForestClassifier was fitted with feature names
  warnings.warn(

2026-06-19 18:10:47,125:WARNING:c:\Users\Usuario\AppData\Local\Programs\Python\Python310\lib\site-packages\sklearn\base.py:493: UserWarning: X does not have valid feature names, but RandomForestClassifier was fitted with feature names
  warnings.warn(

2026-06-19 18:10:47,174:WARNING:c:\Users\Usuario\AppData\Local\Programs\Python\Python310\lib\site-packages\sklearn\base.py:493: UserWarning: X does not have valid feature names, but RandomForestClassifier was fitted with feature names
  warnings.warn(

2026-06-19 18:10:47,220:WARNING:c:\Users\Usuario\AppData\Local\Programs\Python\Python310\lib\site-packages\sklearn\base.py:493: UserWarning: X does not have valid feature names, but RandomForestClassifier was fitted with feature names
  warnings.warn(

2026-06-19 18:10:47,272:WARNING:c:\Users\Usuario\AppData\Local\Programs\Python\Python310\lib\site-packages\sklearn\base.py:493: UserWarning: X does not have valid feature names, but RandomForestClassifier was fitted with feature names
  warnings.warn(

2026-06-19 18:10:47,311:WARNING:c:\Users\Usuario\AppData\Local\Programs\Python\Python310\lib\site-packages\sklearn\base.py:493: UserWarning: X does not have valid feature names, but RandomForestClassifier was fitted with feature names
  warnings.warn(

2026-06-19 18:10:47,360:WARNING:c:\Users\Usuario\AppData\Local\Programs\Python\Python310\lib\site-packages\sklearn\base.py:493: UserWarning: X does not have valid feature names, but RandomForestClassifier was fitted with feature names
  warnings.warn(

2026-06-19 18:10:47,405:WARNING:c:\Users\Usuario\AppData\Local\Programs\Python\Python310\lib\site-packages\sklearn\base.py:493: UserWarning: X does not have valid feature names, but RandomForestClassifier was fitted with feature names
  warnings.warn(

2026-06-19 18:10:47,456:WARNING:c:\Users\Usuario\AppData\Local\Programs\Python\Python310\lib\site-packages\sklearn\base.py:493: UserWarning: X does not have valid feature names, but RandomForestClassifier was fitted with feature names
  warnings.warn(

2026-06-19 18:10:47,498:WARNING:c:\Users\Usuario\AppData\Local\Programs\Python\Python310\lib\site-packages\sklearn\base.py:493: UserWarning: X does not have valid feature names, but RandomForestClassifier was fitted with feature names
  warnings.warn(

2026-06-19 18:10:47,554:WARNING:c:\Users\Usuario\AppData\Local\Programs\Python\Python310\lib\site-packages\sklearn\base.py:493: UserWarning: X does not have valid feature names, but RandomForestClassifier was fitted with feature names
  warnings.warn(

2026-06-19 18:10:47,591:WARNING:c:\Users\Usuario\AppData\Local\Programs\Python\Python310\lib\site-packages\sklearn\base.py:493: UserWarning: X does not have valid feature names, but RandomForestClassifier was fitted with feature names
  warnings.warn(

2026-06-19 18:10:47,673:WARNING:c:\Users\Usuario\AppData\Local\Programs\Python\Python310\lib\site-packages\sklearn\base.py:493: UserWarning: X does not have valid feature names, but RandomForestClassifier was fitted with feature names
  warnings.warn(

2026-06-19 18:10:47,720:WARNING:c:\Users\Usuario\AppData\Local\Programs\Python\Python310\lib\site-packages\sklearn\base.py:493: UserWarning: X does not have valid feature names, but RandomForestClassifier was fitted with feature names
  warnings.warn(

2026-06-19 18:10:47,765:WARNING:c:\Users\Usuario\AppData\Local\Programs\Python\Python310\lib\site-packages\sklearn\base.py:493: UserWarning: X does not have valid feature names, but RandomForestClassifier was fitted with feature names
  warnings.warn(

2026-06-19 18:10:47,810:WARNING:c:\Users\Usuario\AppData\Local\Programs\Python\Python310\lib\site-packages\sklearn\base.py:493: UserWarning: X does not have valid feature names, but RandomForestClassifier was fitted with feature names
  warnings.warn(

2026-06-19 18:10:47,864:WARNING:c:\Users\Usuario\AppData\Local\Programs\Python\Python310\lib\site-packages\sklearn\base.py:493: UserWarning: X does not have valid feature names, but RandomForestClassifier was fitted with feature names
  warnings.warn(

2026-06-19 18:10:47,904:WARNING:c:\Users\Usuario\AppData\Local\Programs\Python\Python310\lib\site-packages\sklearn\base.py:493: UserWarning: X does not have valid feature names, but RandomForestClassifier was fitted with feature names
  warnings.warn(

2026-06-19 18:10:47,940:WARNING:c:\Users\Usuario\AppData\Local\Programs\Python\Python310\lib\site-packages\sklearn\base.py:493: UserWarning: X does not have valid feature names, but RandomForestClassifier was fitted with feature names
  warnings.warn(

2026-06-19 18:10:47,980:WARNING:c:\Users\Usuario\AppData\Local\Programs\Python\Python310\lib\site-packages\sklearn\base.py:493: UserWarning: X does not have valid feature names, but RandomForestClassifier was fitted with feature names
  warnings.warn(

2026-06-19 18:10:48,029:WARNING:c:\Users\Usuario\AppData\Local\Programs\Python\Python310\lib\site-packages\sklearn\base.py:493: UserWarning: X does not have valid feature names, but RandomForestClassifier was fitted with feature names
  warnings.warn(

2026-06-19 18:10:48,074:WARNING:c:\Users\Usuario\AppData\Local\Programs\Python\Python310\lib\site-packages\sklearn\base.py:493: UserWarning: X does not have valid feature names, but RandomForestClassifier was fitted with feature names
  warnings.warn(

2026-06-19 18:10:48,125:WARNING:c:\Users\Usuario\AppData\Local\Programs\Python\Python310\lib\site-packages\sklearn\base.py:493: UserWarning: X does not have valid feature names, but RandomForestClassifier was fitted with feature names
  warnings.warn(

2026-06-19 18:10:48,170:WARNING:c:\Users\Usuario\AppData\Local\Programs\Python\Python310\lib\site-packages\sklearn\base.py:493: UserWarning: X does not have valid feature names, but RandomForestClassifier was fitted with feature names
  warnings.warn(

2026-06-19 18:10:48,221:WARNING:c:\Users\Usuario\AppData\Local\Programs\Python\Python310\lib\site-packages\sklearn\base.py:493: UserWarning: X does not have valid feature names, but RandomForestClassifier was fitted with feature names
  warnings.warn(

2026-06-19 18:10:48,263:WARNING:c:\Users\Usuario\AppData\Local\Programs\Python\Python310\lib\site-packages\sklearn\base.py:493: UserWarning: X does not have valid feature names, but RandomForestClassifier was fitted with feature names
  warnings.warn(

2026-06-19 18:10:48,322:WARNING:c:\Users\Usuario\AppData\Local\Programs\Python\Python310\lib\site-packages\sklearn\base.py:493: UserWarning: X does not have valid feature names, but RandomForestClassifier was fitted with feature names
  warnings.warn(

2026-06-19 18:10:48,372:WARNING:c:\Users\Usuario\AppData\Local\Programs\Python\Python310\lib\site-packages\sklearn\base.py:493: UserWarning: X does not have valid feature names, but RandomForestClassifier was fitted with feature names
  warnings.warn(

2026-06-19 18:10:48,424:WARNING:c:\Users\Usuario\AppData\Local\Programs\Python\Python310\lib\site-packages\sklearn\base.py:493: UserWarning: X does not have valid feature names, but RandomForestClassifier was fitted with feature names
  warnings.warn(

2026-06-19 18:10:48,466:WARNING:c:\Users\Usuario\AppData\Local\Programs\Python\Python310\lib\site-packages\sklearn\base.py:493: UserWarning: X does not have valid feature names, but RandomForestClassifier was fitted with feature names
  warnings.warn(

2026-06-19 18:10:48,521:WARNING:c:\Users\Usuario\AppData\Local\Programs\Python\Python310\lib\site-packages\sklearn\base.py:493: UserWarning: X does not have valid feature names, but RandomForestClassifier was fitted with feature names
  warnings.warn(

2026-06-19 18:10:48,589:WARNING:c:\Users\Usuario\AppData\Local\Programs\Python\Python310\lib\site-packages\sklearn\base.py:493: UserWarning: X does not have valid feature names, but RandomForestClassifier was fitted with feature names
  warnings.warn(

2026-06-19 18:10:48,640:WARNING:c:\Users\Usuario\AppData\Local\Programs\Python\Python310\lib\site-packages\sklearn\base.py:493: UserWarning: X does not have valid feature names, but RandomForestClassifier was fitted with feature names
  warnings.warn(

2026-06-19 18:10:48,681:WARNING:c:\Users\Usuario\AppData\Local\Programs\Python\Python310\lib\site-packages\sklearn\base.py:493: UserWarning: X does not have valid feature names, but RandomForestClassifier was fitted with feature names
  warnings.warn(

2026-06-19 18:10:48,735:WARNING:c:\Users\Usuario\AppData\Local\Programs\Python\Python310\lib\site-packages\sklearn\base.py:493: UserWarning: X does not have valid feature names, but RandomForestClassifier was fitted with feature names
  warnings.warn(

2026-06-19 18:10:48,774:WARNING:c:\Users\Usuario\AppData\Local\Programs\Python\Python310\lib\site-packages\sklearn\base.py:493: UserWarning: X does not have valid feature names, but RandomForestClassifier was fitted with feature names
  warnings.warn(

2026-06-19 18:10:48,823:WARNING:c:\Users\Usuario\AppData\Local\Programs\Python\Python310\lib\site-packages\sklearn\base.py:493: UserWarning: X does not have valid feature names, but RandomForestClassifier was fitted with feature names
  warnings.warn(

2026-06-19 18:10:48,871:WARNING:c:\Users\Usuario\AppData\Local\Programs\Python\Python310\lib\site-packages\sklearn\base.py:493: UserWarning: X does not have valid feature names, but RandomForestClassifier was fitted with feature names
  warnings.warn(

2026-06-19 18:10:48,942:WARNING:c:\Users\Usuario\AppData\Local\Programs\Python\Python310\lib\site-packages\sklearn\base.py:493: UserWarning: X does not have valid feature names, but RandomForestClassifier was fitted with feature names
  warnings.warn(

2026-06-19 18:10:49,044:WARNING:c:\Users\Usuario\AppData\Local\Programs\Python\Python310\lib\site-packages\sklearn\base.py:493: UserWarning: X does not have valid feature names, but RandomForestClassifier was fitted with feature names
  warnings.warn(

2026-06-19 18:10:49,141:WARNING:c:\Users\Usuario\AppData\Local\Programs\Python\Python310\lib\site-packages\sklearn\base.py:493: UserWarning: X does not have valid feature names, but RandomForestClassifier was fitted with feature names
  warnings.warn(

2026-06-19 18:10:49,209:WARNING:c:\Users\Usuario\AppData\Local\Programs\Python\Python310\lib\site-packages\sklearn\base.py:493: UserWarning: X does not have valid feature names, but RandomForestClassifier was fitted with feature names
  warnings.warn(

2026-06-19 18:10:49,258:WARNING:c:\Users\Usuario\AppData\Local\Programs\Python\Python310\lib\site-packages\sklearn\base.py:493: UserWarning: X does not have valid feature names, but RandomForestClassifier was fitted with feature names
  warnings.warn(

2026-06-19 18:10:49,303:WARNING:c:\Users\Usuario\AppData\Local\Programs\Python\Python310\lib\site-packages\sklearn\base.py:493: UserWarning: X does not have valid feature names, but RandomForestClassifier was fitted with feature names
  warnings.warn(

2026-06-19 18:10:49,356:WARNING:c:\Users\Usuario\AppData\Local\Programs\Python\Python310\lib\site-packages\sklearn\base.py:493: UserWarning: X does not have valid feature names, but RandomForestClassifier was fitted with feature names
  warnings.warn(

2026-06-19 18:10:49,392:WARNING:c:\Users\Usuario\AppData\Local\Programs\Python\Python310\lib\site-packages\sklearn\base.py:493: UserWarning: X does not have valid feature names, but RandomForestClassifier was fitted with feature names
  warnings.warn(

2026-06-19 18:10:49,442:WARNING:c:\Users\Usuario\AppData\Local\Programs\Python\Python310\lib\site-packages\sklearn\base.py:493: UserWarning: X does not have valid feature names, but RandomForestClassifier was fitted with feature names
  warnings.warn(

2026-06-19 18:10:49,487:WARNING:c:\Users\Usuario\AppData\Local\Programs\Python\Python310\lib\site-packages\sklearn\base.py:493: UserWarning: X does not have valid feature names, but RandomForestClassifier was fitted with feature names
  warnings.warn(

2026-06-19 18:10:49,538:WARNING:c:\Users\Usuario\AppData\Local\Programs\Python\Python310\lib\site-packages\sklearn\base.py:493: UserWarning: X does not have valid feature names, but RandomForestClassifier was fitted with feature names
  warnings.warn(

2026-06-19 18:10:49,580:WARNING:c:\Users\Usuario\AppData\Local\Programs\Python\Python310\lib\site-packages\sklearn\base.py:493: UserWarning: X does not have valid feature names, but RandomForestClassifier was fitted with feature names
  warnings.warn(

2026-06-19 18:10:49,632:WARNING:c:\Users\Usuario\AppData\Local\Programs\Python\Python310\lib\site-packages\sklearn\base.py:493: UserWarning: X does not have valid feature names, but RandomForestClassifier was fitted with feature names
  warnings.warn(

2026-06-19 18:10:49,690:WARNING:c:\Users\Usuario\AppData\Local\Programs\Python\Python310\lib\site-packages\sklearn\base.py:493: UserWarning: X does not have valid feature names, but RandomForestClassifier was fitted with feature names
  warnings.warn(

2026-06-19 18:10:49,740:WARNING:c:\Users\Usuario\AppData\Local\Programs\Python\Python310\lib\site-packages\sklearn\base.py:493: UserWarning: X does not have valid feature names, but RandomForestClassifier was fitted with feature names
  warnings.warn(

2026-06-19 18:10:49,797:WARNING:c:\Users\Usuario\AppData\Local\Programs\Python\Python310\lib\site-packages\sklearn\base.py:493: UserWarning: X does not have valid feature names, but RandomForestClassifier was fitted with feature names
  warnings.warn(

2026-06-19 18:10:49,831:WARNING:c:\Users\Usuario\AppData\Local\Programs\Python\Python310\lib\site-packages\sklearn\base.py:493: UserWarning: X does not have valid feature names, but RandomForestClassifier was fitted with feature names
  warnings.warn(

2026-06-19 18:10:49,875:WARNING:c:\Users\Usuario\AppData\Local\Programs\Python\Python310\lib\site-packages\sklearn\base.py:493: UserWarning: X does not have valid feature names, but RandomForestClassifier was fitted with feature names
  warnings.warn(

2026-06-19 18:10:49,913:WARNING:c:\Users\Usuario\AppData\Local\Programs\Python\Python310\lib\site-packages\sklearn\base.py:493: UserWarning: X does not have valid feature names, but RandomForestClassifier was fitted with feature names
  warnings.warn(

2026-06-19 18:10:49,954:WARNING:c:\Users\Usuario\AppData\Local\Programs\Python\Python310\lib\site-packages\sklearn\base.py:493: UserWarning: X does not have valid feature names, but RandomForestClassifier was fitted with feature names
  warnings.warn(

2026-06-19 18:10:50,022:WARNING:c:\Users\Usuario\AppData\Local\Programs\Python\Python310\lib\site-packages\sklearn\base.py:493: UserWarning: X does not have valid feature names, but RandomForestClassifier was fitted with feature names
  warnings.warn(

2026-06-19 18:10:50,077:WARNING:c:\Users\Usuario\AppData\Local\Programs\Python\Python310\lib\site-packages\sklearn\base.py:493: UserWarning: X does not have valid feature names, but RandomForestClassifier was fitted with feature names
  warnings.warn(

2026-06-19 18:10:50,129:WARNING:c:\Users\Usuario\AppData\Local\Programs\Python\Python310\lib\site-packages\sklearn\base.py:493: UserWarning: X does not have valid feature names, but RandomForestClassifier was fitted with feature names
  warnings.warn(

2026-06-19 18:10:50,173:WARNING:c:\Users\Usuario\AppData\Local\Programs\Python\Python310\lib\site-packages\sklearn\base.py:493: UserWarning: X does not have valid feature names, but RandomForestClassifier was fitted with feature names
  warnings.warn(

2026-06-19 18:10:50,225:WARNING:c:\Users\Usuario\AppData\Local\Programs\Python\Python310\lib\site-packages\sklearn\base.py:493: UserWarning: X does not have valid feature names, but RandomForestClassifier was fitted with feature names
  warnings.warn(

2026-06-19 18:10:50,280:WARNING:c:\Users\Usuario\AppData\Local\Programs\Python\Python310\lib\site-packages\sklearn\base.py:493: UserWarning: X does not have valid feature names, but RandomForestClassifier was fitted with feature names
  warnings.warn(

2026-06-19 18:10:50,329:WARNING:c:\Users\Usuario\AppData\Local\Programs\Python\Python310\lib\site-packages\sklearn\base.py:493: UserWarning: X does not have valid feature names, but RandomForestClassifier was fitted with feature names
  warnings.warn(

2026-06-19 18:10:50,373:WARNING:c:\Users\Usuario\AppData\Local\Programs\Python\Python310\lib\site-packages\sklearn\base.py:493: UserWarning: X does not have valid feature names, but RandomForestClassifier was fitted with feature names
  warnings.warn(

2026-06-19 18:10:50,423:WARNING:c:\Users\Usuario\AppData\Local\Programs\Python\Python310\lib\site-packages\sklearn\base.py:493: UserWarning: X does not have valid feature names, but RandomForestClassifier was fitted with feature names
  warnings.warn(

2026-06-19 18:10:50,466:WARNING:c:\Users\Usuario\AppData\Local\Programs\Python\Python310\lib\site-packages\sklearn\base.py:493: UserWarning: X does not have valid feature names, but RandomForestClassifier was fitted with feature names
  warnings.warn(

2026-06-19 18:10:50,515:WARNING:c:\Users\Usuario\AppData\Local\Programs\Python\Python310\lib\site-packages\sklearn\base.py:493: UserWarning: X does not have valid feature names, but RandomForestClassifier was fitted with feature names
  warnings.warn(

2026-06-19 18:10:50,557:WARNING:c:\Users\Usuario\AppData\Local\Programs\Python\Python310\lib\site-packages\sklearn\base.py:493: UserWarning: X does not have valid feature names, but RandomForestClassifier was fitted with feature names
  warnings.warn(

2026-06-19 18:10:50,609:WARNING:c:\Users\Usuario\AppData\Local\Programs\Python\Python310\lib\site-packages\sklearn\base.py:493: UserWarning: X does not have valid feature names, but RandomForestClassifier was fitted with feature names
  warnings.warn(

2026-06-19 18:10:50,652:WARNING:c:\Users\Usuario\AppData\Local\Programs\Python\Python310\lib\site-packages\sklearn\base.py:493: UserWarning: X does not have valid feature names, but RandomForestClassifier was fitted with feature names
  warnings.warn(

2026-06-19 18:10:50,690:WARNING:c:\Users\Usuario\AppData\Local\Programs\Python\Python310\lib\site-packages\sklearn\base.py:493: UserWarning: X does not have valid feature names, but RandomForestClassifier was fitted with feature names
  warnings.warn(

2026-06-19 18:10:50,728:WARNING:c:\Users\Usuario\AppData\Local\Programs\Python\Python310\lib\site-packages\sklearn\base.py:493: UserWarning: X does not have valid feature names, but RandomForestClassifier was fitted with feature names
  warnings.warn(

2026-06-19 18:10:50,795:WARNING:c:\Users\Usuario\AppData\Local\Programs\Python\Python310\lib\site-packages\sklearn\base.py:493: UserWarning: X does not have valid feature names, but RandomForestClassifier was fitted with feature names
  warnings.warn(

2026-06-19 18:10:50,844:WARNING:c:\Users\Usuario\AppData\Local\Programs\Python\Python310\lib\site-packages\sklearn\base.py:493: UserWarning: X does not have valid feature names, but RandomForestClassifier was fitted with feature names
  warnings.warn(

2026-06-19 18:10:50,929:WARNING:c:\Users\Usuario\AppData\Local\Programs\Python\Python310\lib\site-packages\sklearn\base.py:493: UserWarning: X does not have valid feature names, but RandomForestClassifier was fitted with feature names
  warnings.warn(

2026-06-19 18:10:51,041:WARNING:c:\Users\Usuario\AppData\Local\Programs\Python\Python310\lib\site-packages\sklearn\base.py:493: UserWarning: X does not have valid feature names, but RandomForestClassifier was fitted with feature names
  warnings.warn(

2026-06-19 18:10:51,110:WARNING:c:\Users\Usuario\AppData\Local\Programs\Python\Python310\lib\site-packages\sklearn\base.py:493: UserWarning: X does not have valid feature names, but RandomForestClassifier was fitted with feature names
  warnings.warn(

2026-06-19 18:10:51,154:WARNING:c:\Users\Usuario\AppData\Local\Programs\Python\Python310\lib\site-packages\sklearn\base.py:493: UserWarning: X does not have valid feature names, but RandomForestClassifier was fitted with feature names
  warnings.warn(

2026-06-19 18:10:51,214:WARNING:c:\Users\Usuario\AppData\Local\Programs\Python\Python310\lib\site-packages\sklearn\base.py:493: UserWarning: X does not have valid feature names, but RandomForestClassifier was fitted with feature names
  warnings.warn(

2026-06-19 18:10:51,287:WARNING:c:\Users\Usuario\AppData\Local\Programs\Python\Python310\lib\site-packages\sklearn\base.py:493: UserWarning: X does not have valid feature names, but RandomForestClassifier was fitted with feature names
  warnings.warn(

2026-06-19 18:10:51,341:WARNING:c:\Users\Usuario\AppData\Local\Programs\Python\Python310\lib\site-packages\sklearn\base.py:493: UserWarning: X does not have valid feature names, but RandomForestClassifier was fitted with feature names
  warnings.warn(

2026-06-19 18:10:51,450:WARNING:c:\Users\Usuario\AppData\Local\Programs\Python\Python310\lib\site-packages\sklearn\base.py:493: UserWarning: X does not have valid feature names, but RandomForestClassifier was fitted with feature names
  warnings.warn(

2026-06-19 18:10:51,671:WARNING:c:\Users\Usuario\AppData\Local\Programs\Python\Python310\lib\site-packages\sklearn\base.py:493: UserWarning: X does not have valid feature names, but RandomForestClassifier was fitted with feature names
  warnings.warn(

2026-06-19 18:10:51,900:WARNING:c:\Users\Usuario\AppData\Local\Programs\Python\Python310\lib\site-packages\sklearn\base.py:493: UserWarning: X does not have valid feature names, but RandomForestClassifier was fitted with feature names
  warnings.warn(

2026-06-19 18:10:51,972:WARNING:c:\Users\Usuario\AppData\Local\Programs\Python\Python310\lib\site-packages\sklearn\base.py:493: UserWarning: X does not have valid feature names, but RandomForestClassifier was fitted with feature names
  warnings.warn(

2026-06-19 18:10:52,019:WARNING:c:\Users\Usuario\AppData\Local\Programs\Python\Python310\lib\site-packages\sklearn\base.py:493: UserWarning: X does not have valid feature names, but RandomForestClassifier was fitted with feature names
  warnings.warn(

2026-06-19 18:10:52,071:WARNING:c:\Users\Usuario\AppData\Local\Programs\Python\Python310\lib\site-packages\sklearn\base.py:493: UserWarning: X does not have valid feature names, but RandomForestClassifier was fitted with feature names
  warnings.warn(

2026-06-19 18:10:52,111:WARNING:c:\Users\Usuario\AppData\Local\Programs\Python\Python310\lib\site-packages\sklearn\base.py:493: UserWarning: X does not have valid feature names, but RandomForestClassifier was fitted with feature names
  warnings.warn(

2026-06-19 18:10:52,161:WARNING:c:\Users\Usuario\AppData\Local\Programs\Python\Python310\lib\site-packages\sklearn\base.py:493: UserWarning: X does not have valid feature names, but RandomForestClassifier was fitted with feature names
  warnings.warn(

2026-06-19 18:10:52,204:WARNING:c:\Users\Usuario\AppData\Local\Programs\Python\Python310\lib\site-packages\sklearn\base.py:493: UserWarning: X does not have valid feature names, but RandomForestClassifier was fitted with feature names
  warnings.warn(

2026-06-19 18:10:52,256:WARNING:c:\Users\Usuario\AppData\Local\Programs\Python\Python310\lib\site-packages\sklearn\base.py:493: UserWarning: X does not have valid feature names, but RandomForestClassifier was fitted with feature names
  warnings.warn(

2026-06-19 18:10:52,297:WARNING:c:\Users\Usuario\AppData\Local\Programs\Python\Python310\lib\site-packages\sklearn\base.py:493: UserWarning: X does not have valid feature names, but RandomForestClassifier was fitted with feature names
  warnings.warn(

2026-06-19 18:10:52,351:WARNING:c:\Users\Usuario\AppData\Local\Programs\Python\Python310\lib\site-packages\sklearn\base.py:493: UserWarning: X does not have valid feature names, but RandomForestClassifier was fitted with feature names
  warnings.warn(

2026-06-19 18:10:52,391:WARNING:c:\Users\Usuario\AppData\Local\Programs\Python\Python310\lib\site-packages\sklearn\base.py:493: UserWarning: X does not have valid feature names, but RandomForestClassifier was fitted with feature names
  warnings.warn(

2026-06-19 18:10:52,441:WARNING:c:\Users\Usuario\AppData\Local\Programs\Python\Python310\lib\site-packages\sklearn\base.py:493: UserWarning: X does not have valid feature names, but RandomForestClassifier was fitted with feature names
  warnings.warn(

2026-06-19 18:10:52,486:WARNING:c:\Users\Usuario\AppData\Local\Programs\Python\Python310\lib\site-packages\sklearn\base.py:493: UserWarning: X does not have valid feature names, but RandomForestClassifier was fitted with feature names
  warnings.warn(

2026-06-19 18:10:52,534:WARNING:c:\Users\Usuario\AppData\Local\Programs\Python\Python310\lib\site-packages\sklearn\base.py:493: UserWarning: X does not have valid feature names, but RandomForestClassifier was fitted with feature names
  warnings.warn(

2026-06-19 18:10:52,589:WARNING:c:\Users\Usuario\AppData\Local\Programs\Python\Python310\lib\site-packages\sklearn\base.py:493: UserWarning: X does not have valid feature names, but RandomForestClassifier was fitted with feature names
  warnings.warn(

2026-06-19 18:10:52,642:WARNING:c:\Users\Usuario\AppData\Local\Programs\Python\Python310\lib\site-packages\sklearn\base.py:493: UserWarning: X does not have valid feature names, but RandomForestClassifier was fitted with feature names
  warnings.warn(

2026-06-19 18:10:52,698:WARNING:c:\Users\Usuario\AppData\Local\Programs\Python\Python310\lib\site-packages\sklearn\base.py:493: UserWarning: X does not have valid feature names, but RandomForestClassifier was fitted with feature names
  warnings.warn(

2026-06-19 18:10:52,761:WARNING:c:\Users\Usuario\AppData\Local\Programs\Python\Python310\lib\site-packages\sklearn\base.py:493: UserWarning: X does not have valid feature names, but RandomForestClassifier was fitted with feature names
  warnings.warn(

2026-06-19 18:10:52,804:WARNING:c:\Users\Usuario\AppData\Local\Programs\Python\Python310\lib\site-packages\sklearn\base.py:493: UserWarning: X does not have valid feature names, but RandomForestClassifier was fitted with feature names
  warnings.warn(

2026-06-19 18:10:52,855:WARNING:c:\Users\Usuario\AppData\Local\Programs\Python\Python310\lib\site-packages\sklearn\base.py:493: UserWarning: X does not have valid feature names, but RandomForestClassifier was fitted with feature names
  warnings.warn(

2026-06-19 18:10:52,897:WARNING:c:\Users\Usuario\AppData\Local\Programs\Python\Python310\lib\site-packages\sklearn\base.py:493: UserWarning: X does not have valid feature names, but RandomForestClassifier was fitted with feature names
  warnings.warn(

2026-06-19 18:10:52,948:WARNING:c:\Users\Usuario\AppData\Local\Programs\Python\Python310\lib\site-packages\sklearn\base.py:493: UserWarning: X does not have valid feature names, but RandomForestClassifier was fitted with feature names
  warnings.warn(

2026-06-19 18:10:53,007:WARNING:c:\Users\Usuario\AppData\Local\Programs\Python\Python310\lib\site-packages\sklearn\base.py:493: UserWarning: X does not have valid feature names, but RandomForestClassifier was fitted with feature names
  warnings.warn(

2026-06-19 18:10:53,091:WARNING:c:\Users\Usuario\AppData\Local\Programs\Python\Python310\lib\site-packages\sklearn\base.py:493: UserWarning: X does not have valid feature names, but RandomForestClassifier was fitted with feature names
  warnings.warn(

2026-06-19 18:10:53,238:WARNING:c:\Users\Usuario\AppData\Local\Programs\Python\Python310\lib\site-packages\sklearn\base.py:493: UserWarning: X does not have valid feature names, but RandomForestClassifier was fitted with feature names
  warnings.warn(

2026-06-19 18:10:53,304:WARNING:c:\Users\Usuario\AppData\Local\Programs\Python\Python310\lib\site-packages\sklearn\base.py:493: UserWarning: X does not have valid feature names, but RandomForestClassifier was fitted with feature names
  warnings.warn(

2026-06-19 18:10:53,362:WARNING:c:\Users\Usuario\AppData\Local\Programs\Python\Python310\lib\site-packages\sklearn\base.py:493: UserWarning: X does not have valid feature names, but RandomForestClassifier was fitted with feature names
  warnings.warn(

2026-06-19 18:10:53,450:WARNING:c:\Users\Usuario\AppData\Local\Programs\Python\Python310\lib\site-packages\sklearn\base.py:493: UserWarning: X does not have valid feature names, but RandomForestClassifier was fitted with feature names
  warnings.warn(

2026-06-19 18:10:53,554:WARNING:c:\Users\Usuario\AppData\Local\Programs\Python\Python310\lib\site-packages\sklearn\base.py:493: UserWarning: X does not have valid feature names, but RandomForestClassifier was fitted with feature names
  warnings.warn(

2026-06-19 18:10:53,613:WARNING:c:\Users\Usuario\AppData\Local\Programs\Python\Python310\lib\site-packages\sklearn\base.py:493: UserWarning: X does not have valid feature names, but RandomForestClassifier was fitted with feature names
  warnings.warn(

2026-06-19 18:10:53,656:WARNING:c:\Users\Usuario\AppData\Local\Programs\Python\Python310\lib\site-packages\sklearn\base.py:493: UserWarning: X does not have valid feature names, but RandomForestClassifier was fitted with feature names
  warnings.warn(

2026-06-19 18:10:53,722:WARNING:c:\Users\Usuario\AppData\Local\Programs\Python\Python310\lib\site-packages\sklearn\base.py:493: UserWarning: X does not have valid feature names, but RandomForestClassifier was fitted with feature names
  warnings.warn(

2026-06-19 18:10:53,764:WARNING:c:\Users\Usuario\AppData\Local\Programs\Python\Python310\lib\site-packages\sklearn\base.py:493: UserWarning: X does not have valid feature names, but RandomForestClassifier was fitted with feature names
  warnings.warn(

2026-06-19 18:10:53,815:WARNING:c:\Users\Usuario\AppData\Local\Programs\Python\Python310\lib\site-packages\sklearn\base.py:493: UserWarning: X does not have valid feature names, but RandomForestClassifier was fitted with feature names
  warnings.warn(

2026-06-19 18:10:53,856:WARNING:c:\Users\Usuario\AppData\Local\Programs\Python\Python310\lib\site-packages\sklearn\base.py:493: UserWarning: X does not have valid feature names, but RandomForestClassifier was fitted with feature names
  warnings.warn(

2026-06-19 18:10:53,905:WARNING:c:\Users\Usuario\AppData\Local\Programs\Python\Python310\lib\site-packages\sklearn\base.py:493: UserWarning: X does not have valid feature names, but RandomForestClassifier was fitted with feature names
  warnings.warn(

2026-06-19 18:10:53,968:WARNING:c:\Users\Usuario\AppData\Local\Programs\Python\Python310\lib\site-packages\sklearn\base.py:493: UserWarning: X does not have valid feature names, but RandomForestClassifier was fitted with feature names
  warnings.warn(

2026-06-19 18:10:54,050:WARNING:c:\Users\Usuario\AppData\Local\Programs\Python\Python310\lib\site-packages\sklearn\base.py:493: UserWarning: X does not have valid feature names, but RandomForestClassifier was fitted with feature names
  warnings.warn(

2026-06-19 18:10:54,108:WARNING:c:\Users\Usuario\AppData\Local\Programs\Python\Python310\lib\site-packages\sklearn\base.py:493: UserWarning: X does not have valid feature names, but RandomForestClassifier was fitted with feature names
  warnings.warn(

2026-06-19 18:10:54,174:WARNING:c:\Users\Usuario\AppData\Local\Programs\Python\Python310\lib\site-packages\sklearn\base.py:493: UserWarning: X does not have valid feature names, but RandomForestClassifier was fitted with feature names
  warnings.warn(

2026-06-19 18:10:54,250:WARNING:c:\Users\Usuario\AppData\Local\Programs\Python\Python310\lib\site-packages\sklearn\base.py:493: UserWarning: X does not have valid feature names, but RandomForestClassifier was fitted with feature names
  warnings.warn(

2026-06-19 18:10:54,417:WARNING:c:\Users\Usuario\AppData\Local\Programs\Python\Python310\lib\site-packages\sklearn\base.py:493: UserWarning: X does not have valid feature names, but RandomForestClassifier was fitted with feature names
  warnings.warn(

2026-06-19 18:10:54,637:WARNING:c:\Users\Usuario\AppData\Local\Programs\Python\Python310\lib\site-packages\sklearn\base.py:493: UserWarning: X does not have valid feature names, but RandomForestClassifier was fitted with feature names
  warnings.warn(

2026-06-19 18:10:54,775:WARNING:c:\Users\Usuario\AppData\Local\Programs\Python\Python310\lib\site-packages\sklearn\base.py:493: UserWarning: X does not have valid feature names, but RandomForestClassifier was fitted with feature names
  warnings.warn(

2026-06-19 18:10:54,837:WARNING:c:\Users\Usuario\AppData\Local\Programs\Python\Python310\lib\site-packages\sklearn\base.py:493: UserWarning: X does not have valid feature names, but RandomForestClassifier was fitted with feature names
  warnings.warn(

2026-06-19 18:10:54,913:WARNING:c:\Users\Usuario\AppData\Local\Programs\Python\Python310\lib\site-packages\sklearn\base.py:493: UserWarning: X does not have valid feature names, but RandomForestClassifier was fitted with feature names
  warnings.warn(

2026-06-19 18:10:54,970:WARNING:c:\Users\Usuario\AppData\Local\Programs\Python\Python310\lib\site-packages\sklearn\base.py:493: UserWarning: X does not have valid feature names, but RandomForestClassifier was fitted with feature names
  warnings.warn(

2026-06-19 18:10:55,025:WARNING:c:\Users\Usuario\AppData\Local\Programs\Python\Python310\lib\site-packages\sklearn\base.py:493: UserWarning: X does not have valid feature names, but RandomForestClassifier was fitted with feature names
  warnings.warn(

2026-06-19 18:10:55,080:WARNING:c:\Users\Usuario\AppData\Local\Programs\Python\Python310\lib\site-packages\sklearn\base.py:493: UserWarning: X does not have valid feature names, but RandomForestClassifier was fitted with feature names
  warnings.warn(

2026-06-19 18:10:55,156:WARNING:c:\Users\Usuario\AppData\Local\Programs\Python\Python310\lib\site-packages\sklearn\base.py:493: UserWarning: X does not have valid feature names, but RandomForestClassifier was fitted with feature names
  warnings.warn(

2026-06-19 18:10:55,206:WARNING:c:\Users\Usuario\AppData\Local\Programs\Python\Python310\lib\site-packages\sklearn\base.py:493: UserWarning: X does not have valid feature names, but RandomForestClassifier was fitted with feature names
  warnings.warn(

2026-06-19 18:10:55,257:WARNING:c:\Users\Usuario\AppData\Local\Programs\Python\Python310\lib\site-packages\sklearn\base.py:493: UserWarning: X does not have valid feature names, but RandomForestClassifier was fitted with feature names
  warnings.warn(

2026-06-19 18:10:55,318:WARNING:c:\Users\Usuario\AppData\Local\Programs\Python\Python310\lib\site-packages\sklearn\base.py:493: UserWarning: X does not have valid feature names, but RandomForestClassifier was fitted with feature names
  warnings.warn(

2026-06-19 18:10:55,384:WARNING:c:\Users\Usuario\AppData\Local\Programs\Python\Python310\lib\site-packages\sklearn\base.py:493: UserWarning: X does not have valid feature names, but RandomForestClassifier was fitted with feature names
  warnings.warn(

2026-06-19 18:10:55,440:WARNING:c:\Users\Usuario\AppData\Local\Programs\Python\Python310\lib\site-packages\sklearn\base.py:493: UserWarning: X does not have valid feature names, but RandomForestClassifier was fitted with feature names
  warnings.warn(

2026-06-19 18:10:55,491:WARNING:c:\Users\Usuario\AppData\Local\Programs\Python\Python310\lib\site-packages\sklearn\base.py:493: UserWarning: X does not have valid feature names, but RandomForestClassifier was fitted with feature names
  warnings.warn(

2026-06-19 18:10:55,536:WARNING:c:\Users\Usuario\AppData\Local\Programs\Python\Python310\lib\site-packages\sklearn\base.py:493: UserWarning: X does not have valid feature names, but RandomForestClassifier was fitted with feature names
  warnings.warn(

2026-06-19 18:10:55,591:WARNING:c:\Users\Usuario\AppData\Local\Programs\Python\Python310\lib\site-packages\sklearn\base.py:493: UserWarning: X does not have valid feature names, but RandomForestClassifier was fitted with feature names
  warnings.warn(

2026-06-19 18:10:55,658:WARNING:c:\Users\Usuario\AppData\Local\Programs\Python\Python310\lib\site-packages\sklearn\base.py:493: UserWarning: X does not have valid feature names, but RandomForestClassifier was fitted with feature names
  warnings.warn(

2026-06-19 18:10:55,726:WARNING:c:\Users\Usuario\AppData\Local\Programs\Python\Python310\lib\site-packages\sklearn\base.py:493: UserWarning: X does not have valid feature names, but RandomForestClassifier was fitted with feature names
  warnings.warn(

2026-06-19 18:10:55,797:WARNING:c:\Users\Usuario\AppData\Local\Programs\Python\Python310\lib\site-packages\sklearn\base.py:493: UserWarning: X does not have valid feature names, but RandomForestClassifier was fitted with feature names
  warnings.warn(

2026-06-19 18:10:55,887:WARNING:c:\Users\Usuario\AppData\Local\Programs\Python\Python310\lib\site-packages\sklearn\base.py:493: UserWarning: X does not have valid feature names, but RandomForestClassifier was fitted with feature names
  warnings.warn(

2026-06-19 18:10:55,991:WARNING:c:\Users\Usuario\AppData\Local\Programs\Python\Python310\lib\site-packages\sklearn\base.py:493: UserWarning: X does not have valid feature names, but RandomForestClassifier was fitted with feature names
  warnings.warn(

2026-06-19 18:10:56,255:WARNING:c:\Users\Usuario\AppData\Local\Programs\Python\Python310\lib\site-packages\sklearn\base.py:493: UserWarning: X does not have valid feature names, but RandomForestClassifier was fitted with feature names
  warnings.warn(

2026-06-19 18:10:56,357:WARNING:c:\Users\Usuario\AppData\Local\Programs\Python\Python310\lib\site-packages\sklearn\base.py:493: UserWarning: X does not have valid feature names, but RandomForestClassifier was fitted with feature names
  warnings.warn(

2026-06-19 18:10:56,455:WARNING:c:\Users\Usuario\AppData\Local\Programs\Python\Python310\lib\site-packages\sklearn\base.py:493: UserWarning: X does not have valid feature names, but RandomForestClassifier was fitted with feature names
  warnings.warn(

2026-06-19 18:10:56,525:WARNING:c:\Users\Usuario\AppData\Local\Programs\Python\Python310\lib\site-packages\sklearn\base.py:493: UserWarning: X does not have valid feature names, but RandomForestClassifier was fitted with feature names
  warnings.warn(

2026-06-19 18:10:56,623:WARNING:c:\Users\Usuario\AppData\Local\Programs\Python\Python310\lib\site-packages\sklearn\base.py:493: UserWarning: X does not have valid feature names, but RandomForestClassifier was fitted with feature names
  warnings.warn(

2026-06-19 18:10:56,697:WARNING:c:\Users\Usuario\AppData\Local\Programs\Python\Python310\lib\site-packages\sklearn\base.py:493: UserWarning: X does not have valid feature names, but RandomForestClassifier was fitted with feature names
  warnings.warn(

2026-06-19 18:10:56,794:WARNING:c:\Users\Usuario\AppData\Local\Programs\Python\Python310\lib\site-packages\sklearn\base.py:493: UserWarning: X does not have valid feature names, but RandomForestClassifier was fitted with feature names
  warnings.warn(

2026-06-19 18:10:56,903:WARNING:c:\Users\Usuario\AppData\Local\Programs\Python\Python310\lib\site-packages\sklearn\base.py:493: UserWarning: X does not have valid feature names, but RandomForestClassifier was fitted with feature names
  warnings.warn(

2026-06-19 18:10:57,042:WARNING:c:\Users\Usuario\AppData\Local\Programs\Python\Python310\lib\site-packages\sklearn\base.py:493: UserWarning: X does not have valid feature names, but RandomForestClassifier was fitted with feature names
  warnings.warn(

2026-06-19 18:10:57,132:WARNING:c:\Users\Usuario\AppData\Local\Programs\Python\Python310\lib\site-packages\sklearn\base.py:493: UserWarning: X does not have valid feature names, but RandomForestClassifier was fitted with feature names
  warnings.warn(

2026-06-19 18:10:57,209:WARNING:c:\Users\Usuario\AppData\Local\Programs\Python\Python310\lib\site-packages\sklearn\base.py:493: UserWarning: X does not have valid feature names, but RandomForestClassifier was fitted with feature names
  warnings.warn(

2026-06-19 18:10:57,273:WARNING:c:\Users\Usuario\AppData\Local\Programs\Python\Python310\lib\site-packages\sklearn\base.py:493: UserWarning: X does not have valid feature names, but RandomForestClassifier was fitted with feature names
  warnings.warn(

2026-06-19 18:10:57,355:WARNING:c:\Users\Usuario\AppData\Local\Programs\Python\Python310\lib\site-packages\sklearn\base.py:493: UserWarning: X does not have valid feature names, but RandomForestClassifier was fitted with feature names
  warnings.warn(

2026-06-19 18:10:57,416:WARNING:c:\Users\Usuario\AppData\Local\Programs\Python\Python310\lib\site-packages\sklearn\base.py:493: UserWarning: X does not have valid feature names, but RandomForestClassifier was fitted with feature names
  warnings.warn(

2026-06-19 18:10:57,589:WARNING:c:\Users\Usuario\AppData\Local\Programs\Python\Python310\lib\site-packages\sklearn\base.py:493: UserWarning: X does not have valid feature names, but RandomForestClassifier was fitted with feature names
  warnings.warn(

2026-06-19 18:10:57,785:WARNING:c:\Users\Usuario\AppData\Local\Programs\Python\Python310\lib\site-packages\sklearn\base.py:493: UserWarning: X does not have valid feature names, but RandomForestClassifier was fitted with feature names
  warnings.warn(

2026-06-19 18:10:57,835:WARNING:c:\Users\Usuario\AppData\Local\Programs\Python\Python310\lib\site-packages\sklearn\base.py:493: UserWarning: X does not have valid feature names, but RandomForestClassifier was fitted with feature names
  warnings.warn(

2026-06-19 18:10:57,892:WARNING:c:\Users\Usuario\AppData\Local\Programs\Python\Python310\lib\site-packages\sklearn\base.py:493: UserWarning: X does not have valid feature names, but RandomForestClassifier was fitted with feature names
  warnings.warn(

2026-06-19 18:10:57,945:WARNING:c:\Users\Usuario\AppData\Local\Programs\Python\Python310\lib\site-packages\sklearn\base.py:493: UserWarning: X does not have valid feature names, but RandomForestClassifier was fitted with feature names
  warnings.warn(

2026-06-19 18:10:57,987:WARNING:c:\Users\Usuario\AppData\Local\Programs\Python\Python310\lib\site-packages\sklearn\base.py:493: UserWarning: X does not have valid feature names, but RandomForestClassifier was fitted with feature names
  warnings.warn(

2026-06-19 18:10:58,038:WARNING:c:\Users\Usuario\AppData\Local\Programs\Python\Python310\lib\site-packages\sklearn\base.py:493: UserWarning: X does not have valid feature names, but RandomForestClassifier was fitted with feature names
  warnings.warn(

2026-06-19 18:10:58,080:WARNING:c:\Users\Usuario\AppData\Local\Programs\Python\Python310\lib\site-packages\sklearn\base.py:493: UserWarning: X does not have valid feature names, but RandomForestClassifier was fitted with feature names
  warnings.warn(

2026-06-19 18:10:58,131:WARNING:c:\Users\Usuario\AppData\Local\Programs\Python\Python310\lib\site-packages\sklearn\base.py:493: UserWarning: X does not have valid feature names, but RandomForestClassifier was fitted with feature names
  warnings.warn(

2026-06-19 18:10:58,173:WARNING:c:\Users\Usuario\AppData\Local\Programs\Python\Python310\lib\site-packages\sklearn\base.py:493: UserWarning: X does not have valid feature names, but RandomForestClassifier was fitted with feature names
  warnings.warn(

2026-06-19 18:10:58,228:WARNING:c:\Users\Usuario\AppData\Local\Programs\Python\Python310\lib\site-packages\sklearn\base.py:493: UserWarning: X does not have valid feature names, but RandomForestClassifier was fitted with feature names
  warnings.warn(

2026-06-19 18:10:58,282:WARNING:c:\Users\Usuario\AppData\Local\Programs\Python\Python310\lib\site-packages\sklearn\base.py:493: UserWarning: X does not have valid feature names, but RandomForestClassifier was fitted with feature names
  warnings.warn(

2026-06-19 18:10:58,331:WARNING:c:\Users\Usuario\AppData\Local\Programs\Python\Python310\lib\site-packages\sklearn\base.py:493: UserWarning: X does not have valid feature names, but RandomForestClassifier was fitted with feature names
  warnings.warn(

2026-06-19 18:10:58,373:WARNING:c:\Users\Usuario\AppData\Local\Programs\Python\Python310\lib\site-packages\sklearn\base.py:493: UserWarning: X does not have valid feature names, but RandomForestClassifier was fitted with feature names
  warnings.warn(

2026-06-19 18:10:58,428:WARNING:c:\Users\Usuario\AppData\Local\Programs\Python\Python310\lib\site-packages\sklearn\base.py:493: UserWarning: X does not have valid feature names, but RandomForestClassifier was fitted with feature names
  warnings.warn(

2026-06-19 18:10:58,497:WARNING:c:\Users\Usuario\AppData\Local\Programs\Python\Python310\lib\site-packages\sklearn\base.py:493: UserWarning: X does not have valid feature names, but RandomForestClassifier was fitted with feature names
  warnings.warn(

2026-06-19 18:10:58,549:WARNING:c:\Users\Usuario\AppData\Local\Programs\Python\Python310\lib\site-packages\sklearn\base.py:493: UserWarning: X does not have valid feature names, but RandomForestClassifier was fitted with feature names
  warnings.warn(

2026-06-19 18:10:58,591:WARNING:c:\Users\Usuario\AppData\Local\Programs\Python\Python310\lib\site-packages\sklearn\base.py:493: UserWarning: X does not have valid feature names, but RandomForestClassifier was fitted with feature names
  warnings.warn(

2026-06-19 18:10:58,644:WARNING:c:\Users\Usuario\AppData\Local\Programs\Python\Python310\lib\site-packages\sklearn\base.py:493: UserWarning: X does not have valid feature names, but RandomForestClassifier was fitted with feature names
  warnings.warn(

2026-06-19 18:10:58,686:WARNING:c:\Users\Usuario\AppData\Local\Programs\Python\Python310\lib\site-packages\sklearn\base.py:493: UserWarning: X does not have valid feature names, but RandomForestClassifier was fitted with feature names
  warnings.warn(

2026-06-19 18:10:58,738:WARNING:c:\Users\Usuario\AppData\Local\Programs\Python\Python310\lib\site-packages\sklearn\base.py:493: UserWarning: X does not have valid feature names, but RandomForestClassifier was fitted with feature names
  warnings.warn(

2026-06-19 18:10:58,779:WARNING:c:\Users\Usuario\AppData\Local\Programs\Python\Python310\lib\site-packages\sklearn\base.py:493: UserWarning: X does not have valid feature names, but RandomForestClassifier was fitted with feature names
  warnings.warn(

2026-06-19 18:10:58,844:WARNING:c:\Users\Usuario\AppData\Local\Programs\Python\Python310\lib\site-packages\sklearn\base.py:493: UserWarning: X does not have valid feature names, but RandomForestClassifier was fitted with feature names
  warnings.warn(

2026-06-19 18:10:58,904:WARNING:c:\Users\Usuario\AppData\Local\Programs\Python\Python310\lib\site-packages\sklearn\base.py:493: UserWarning: X does not have valid feature names, but RandomForestClassifier was fitted with feature names
  warnings.warn(

2026-06-19 18:10:58,951:WARNING:c:\Users\Usuario\AppData\Local\Programs\Python\Python310\lib\site-packages\sklearn\base.py:493: UserWarning: X does not have valid feature names, but RandomForestClassifier was fitted with feature names
  warnings.warn(

2026-06-19 18:10:58,995:WARNING:c:\Users\Usuario\AppData\Local\Programs\Python\Python310\lib\site-packages\sklearn\base.py:493: UserWarning: X does not have valid feature names, but RandomForestClassifier was fitted with feature names
  warnings.warn(

2026-06-19 18:10:59,045:WARNING:c:\Users\Usuario\AppData\Local\Programs\Python\Python310\lib\site-packages\sklearn\base.py:493: UserWarning: X does not have valid feature names, but RandomForestClassifier was fitted with feature names
  warnings.warn(

2026-06-19 18:10:59,087:WARNING:c:\Users\Usuario\AppData\Local\Programs\Python\Python310\lib\site-packages\sklearn\base.py:493: UserWarning: X does not have valid feature names, but RandomForestClassifier was fitted with feature names
  warnings.warn(

2026-06-19 18:10:59,139:WARNING:c:\Users\Usuario\AppData\Local\Programs\Python\Python310\lib\site-packages\sklearn\base.py:493: UserWarning: X does not have valid feature names, but RandomForestClassifier was fitted with feature names
  warnings.warn(

2026-06-19 18:10:59,180:WARNING:c:\Users\Usuario\AppData\Local\Programs\Python\Python310\lib\site-packages\sklearn\base.py:493: UserWarning: X does not have valid feature names, but RandomForestClassifier was fitted with feature names
  warnings.warn(

2026-06-19 18:10:59,236:WARNING:c:\Users\Usuario\AppData\Local\Programs\Python\Python310\lib\site-packages\sklearn\base.py:493: UserWarning: X does not have valid feature names, but RandomForestClassifier was fitted with feature names
  warnings.warn(

2026-06-19 18:10:59,289:WARNING:c:\Users\Usuario\AppData\Local\Programs\Python\Python310\lib\site-packages\sklearn\base.py:493: UserWarning: X does not have valid feature names, but RandomForestClassifier was fitted with feature names
  warnings.warn(

2026-06-19 18:10:59,339:WARNING:c:\Users\Usuario\AppData\Local\Programs\Python\Python310\lib\site-packages\sklearn\base.py:493: UserWarning: X does not have valid feature names, but RandomForestClassifier was fitted with feature names
  warnings.warn(

2026-06-19 18:10:59,385:WARNING:c:\Users\Usuario\AppData\Local\Programs\Python\Python310\lib\site-packages\sklearn\base.py:493: UserWarning: X does not have valid feature names, but RandomForestClassifier was fitted with feature names
  warnings.warn(

2026-06-19 18:10:59,470:WARNING:c:\Users\Usuario\AppData\Local\Programs\Python\Python310\lib\site-packages\sklearn\base.py:493: UserWarning: X does not have valid feature names, but RandomForestClassifier was fitted with feature names
  warnings.warn(

2026-06-19 18:10:59,557:WARNING:c:\Users\Usuario\AppData\Local\Programs\Python\Python310\lib\site-packages\sklearn\base.py:493: UserWarning: X does not have valid feature names, but RandomForestClassifier was fitted with feature names
  warnings.warn(

2026-06-19 18:10:59,611:WARNING:c:\Users\Usuario\AppData\Local\Programs\Python\Python310\lib\site-packages\sklearn\base.py:493: UserWarning: X does not have valid feature names, but RandomForestClassifier was fitted with feature names
  warnings.warn(

2026-06-19 18:10:59,667:WARNING:c:\Users\Usuario\AppData\Local\Programs\Python\Python310\lib\site-packages\sklearn\base.py:493: UserWarning: X does not have valid feature names, but RandomForestClassifier was fitted with feature names
  warnings.warn(

2026-06-19 18:10:59,734:WARNING:c:\Users\Usuario\AppData\Local\Programs\Python\Python310\lib\site-packages\sklearn\base.py:493: UserWarning: X does not have valid feature names, but RandomForestClassifier was fitted with feature names
  warnings.warn(

2026-06-19 18:10:59,788:WARNING:c:\Users\Usuario\AppData\Local\Programs\Python\Python310\lib\site-packages\sklearn\base.py:493: UserWarning: X does not have valid feature names, but RandomForestClassifier was fitted with feature names
  warnings.warn(

2026-06-19 18:10:59,891:WARNING:c:\Users\Usuario\AppData\Local\Programs\Python\Python310\lib\site-packages\sklearn\base.py:493: UserWarning: X does not have valid feature names, but RandomForestClassifier was fitted with feature names
  warnings.warn(

2026-06-19 18:11:00,307:WARNING:c:\Users\Usuario\AppData\Local\Programs\Python\Python310\lib\site-packages\sklearn\base.py:493: UserWarning: X does not have valid feature names, but RandomForestClassifier was fitted with feature names
  warnings.warn(

2026-06-19 18:11:00,451:WARNING:c:\Users\Usuario\AppData\Local\Programs\Python\Python310\lib\site-packages\sklearn\base.py:493: UserWarning: X does not have valid feature names, but RandomForestClassifier was fitted with feature names
  warnings.warn(

2026-06-19 18:11:00,512:WARNING:c:\Users\Usuario\AppData\Local\Programs\Python\Python310\lib\site-packages\sklearn\base.py:493: UserWarning: X does not have valid feature names, but RandomForestClassifier was fitted with feature names
  warnings.warn(

2026-06-19 18:11:00,565:WARNING:c:\Users\Usuario\AppData\Local\Programs\Python\Python310\lib\site-packages\sklearn\base.py:493: UserWarning: X does not have valid feature names, but RandomForestClassifier was fitted with feature names
  warnings.warn(

2026-06-19 18:11:00,622:WARNING:c:\Users\Usuario\AppData\Local\Programs\Python\Python310\lib\site-packages\sklearn\base.py:493: UserWarning: X does not have valid feature names, but RandomForestClassifier was fitted with feature names
  warnings.warn(

2026-06-19 18:11:00,705:WARNING:c:\Users\Usuario\AppData\Local\Programs\Python\Python310\lib\site-packages\sklearn\base.py:493: UserWarning: X does not have valid feature names, but RandomForestClassifier was fitted with feature names
  warnings.warn(

2026-06-19 18:11:00,762:WARNING:c:\Users\Usuario\AppData\Local\Programs\Python\Python310\lib\site-packages\sklearn\base.py:493: UserWarning: X does not have valid feature names, but RandomForestClassifier was fitted with feature names
  warnings.warn(

2026-06-19 18:11:00,830:WARNING:c:\Users\Usuario\AppData\Local\Programs\Python\Python310\lib\site-packages\sklearn\base.py:493: UserWarning: X does not have valid feature names, but RandomForestClassifier was fitted with feature names
  warnings.warn(

2026-06-19 18:11:00,903:WARNING:c:\Users\Usuario\AppData\Local\Programs\Python\Python310\lib\site-packages\sklearn\base.py:493: UserWarning: X does not have valid feature names, but RandomForestClassifier was fitted with feature names
  warnings.warn(

2026-06-19 18:11:00,977:WARNING:c:\Users\Usuario\AppData\Local\Programs\Python\Python310\lib\site-packages\sklearn\base.py:493: UserWarning: X does not have valid feature names, but RandomForestClassifier was fitted with feature names
  warnings.warn(

2026-06-19 18:11:01,319:WARNING:c:\Users\Usuario\AppData\Local\Programs\Python\Python310\lib\site-packages\sklearn\base.py:493: UserWarning: X does not have valid feature names, but RandomForestClassifier was fitted with feature names
  warnings.warn(

2026-06-19 18:11:01,462:WARNING:c:\Users\Usuario\AppData\Local\Programs\Python\Python310\lib\site-packages\sklearn\base.py:493: UserWarning: X does not have valid feature names, but RandomForestClassifier was fitted with feature names
  warnings.warn(

2026-06-19 18:11:01,518:WARNING:c:\Users\Usuario\AppData\Local\Programs\Python\Python310\lib\site-packages\sklearn\base.py:493: UserWarning: X does not have valid feature names, but RandomForestClassifier was fitted with feature names
  warnings.warn(

2026-06-19 18:11:01,569:WARNING:c:\Users\Usuario\AppData\Local\Programs\Python\Python310\lib\site-packages\sklearn\base.py:493: UserWarning: X does not have valid feature names, but RandomForestClassifier was fitted with feature names
  warnings.warn(

2026-06-19 18:11:01,625:WARNING:c:\Users\Usuario\AppData\Local\Programs\Python\Python310\lib\site-packages\sklearn\base.py:493: UserWarning: X does not have valid feature names, but RandomForestClassifier was fitted with feature names
  warnings.warn(

2026-06-19 18:11:01,674:WARNING:c:\Users\Usuario\AppData\Local\Programs\Python\Python310\lib\site-packages\sklearn\base.py:493: UserWarning: X does not have valid feature names, but RandomForestClassifier was fitted with feature names
  warnings.warn(

2026-06-19 18:11:01,719:WARNING:c:\Users\Usuario\AppData\Local\Programs\Python\Python310\lib\site-packages\sklearn\base.py:493: UserWarning: X does not have valid feature names, but RandomForestClassifier was fitted with feature names
  warnings.warn(

2026-06-19 18:11:01,768:WARNING:c:\Users\Usuario\AppData\Local\Programs\Python\Python310\lib\site-packages\sklearn\base.py:493: UserWarning: X does not have valid feature names, but RandomForestClassifier was fitted with feature names
  warnings.warn(

2026-06-19 18:11:01,811:WARNING:c:\Users\Usuario\AppData\Local\Programs\Python\Python310\lib\site-packages\sklearn\base.py:493: UserWarning: X does not have valid feature names, but RandomForestClassifier was fitted with feature names
  warnings.warn(

2026-06-19 18:11:01,861:WARNING:c:\Users\Usuario\AppData\Local\Programs\Python\Python310\lib\site-packages\sklearn\base.py:493: UserWarning: X does not have valid feature names, but RandomForestClassifier was fitted with feature names
  warnings.warn(

2026-06-19 18:11:01,904:WARNING:c:\Users\Usuario\AppData\Local\Programs\Python\Python310\lib\site-packages\sklearn\base.py:493: UserWarning: X does not have valid feature names, but RandomForestClassifier was fitted with feature names
  warnings.warn(

2026-06-19 18:11:01,954:WARNING:c:\Users\Usuario\AppData\Local\Programs\Python\Python310\lib\site-packages\sklearn\base.py:493: UserWarning: X does not have valid feature names, but RandomForestClassifier was fitted with feature names
  warnings.warn(

2026-06-19 18:11:01,995:WARNING:c:\Users\Usuario\AppData\Local\Programs\Python\Python310\lib\site-packages\sklearn\base.py:493: UserWarning: X does not have valid feature names, but RandomForestClassifier was fitted with feature names
  warnings.warn(

2026-06-19 18:11:02,048:WARNING:c:\Users\Usuario\AppData\Local\Programs\Python\Python310\lib\site-packages\sklearn\base.py:493: UserWarning: X does not have valid feature names, but RandomForestClassifier was fitted with feature names
  warnings.warn(

2026-06-19 18:11:02,090:WARNING:c:\Users\Usuario\AppData\Local\Programs\Python\Python310\lib\site-packages\sklearn\base.py:493: UserWarning: X does not have valid feature names, but RandomForestClassifier was fitted with feature names
  warnings.warn(

2026-06-19 18:11:02,142:WARNING:c:\Users\Usuario\AppData\Local\Programs\Python\Python310\lib\site-packages\sklearn\base.py:493: UserWarning: X does not have valid feature names, but RandomForestClassifier was fitted with feature names
  warnings.warn(

2026-06-19 18:11:02,186:WARNING:c:\Users\Usuario\AppData\Local\Programs\Python\Python310\lib\site-packages\sklearn\base.py:493: UserWarning: X does not have valid feature names, but RandomForestClassifier was fitted with feature names
  warnings.warn(

